[09:25:29] [main/INFO] [Foundation]: Loading tweak name net.minecraftforge.fml.common.launcher.FMLTweaker
[09:25:29] [main/INFO] [Foundation]: Using primary tweak name net.minecraftforge.fml.common.launcher.FMLTweaker
[09:25:29] [main/INFO] [Foundation]: Calling tweak net.minecraftforge.fml.common.launcher.FMLTweaker@2a7ed1f
[09:25:29] [main/INFO] [FML.TWEAK]: Jar location: file:/home/wrobel/.local/share/PrismLauncher/libraries/com/cleanroommc/cleanroom/0.6.11-alpha/cleanroom-0.6.11-alpha.jar
[09:25:29] [main/INFO] [FML]: Forge Mod Loader version 14.23.5.2864 for Minecraft 1.12.2 loading
[09:25:29] [main/INFO] [FML]: Cleanroom version 0.6.11-alpha
[09:25:29] [main/INFO] [FML]: Java is OpenJDK 64-Bit Server VM, version 26.0.2, running on Linux:amd64:7.1.8-zen1-3-zen, installed at /usr/lib/jvm/java-26-openjdk
[09:25:29] [main/INFO] [Cleanroom]: Initializing CleanMix...
[09:25:29] [main/INFO] [CleanMix]: SpongePowered MIXIN Subsystem Version=0.8.7 Source=jar:file:/home/wrobel/.local/share/PrismLauncher/libraries/com/cleanroommc/cleanmix/0.7.2/cleanmix-0.7.2.jar!/org/spongepowered/asm/mixin/MixinEnvironment.class Service=CleanMix Env=CLIENT
[09:25:29] [main/INFO] [Cleanroom]: Discovering mods
[09:25:29] [main/INFO] [FML]: Searching /home/wrobel/.local/share/PrismLauncher/instances/cleanroom-0.6.11-alpha/minecraft/mods for mods
[09:25:29] [main/INFO] [FML]: Searching /home/wrobel/.local/share/PrismLauncher/instances/cleanroom-0.6.11-alpha/minecraft/mods/1.12.2 for mods
[09:25:30] [main/INFO] [Cleanroom]: Finished discovering mods. Found 30 discovered mod ids in 1043 ms.
[09:25:30] [main/INFO] [Cleanroom]: Initializing MixinExtras...
[09:25:30] [main/INFO] [Cleanroom]: Cascading tweaker guichaguri.betterfps.tweaker.BetterFpsTweaker from BetterFps-1.4.8.jar
[09:25:30] [main/INFO] [Cleanroom]: Cascading tweaker codechicken.asm.internal.Tweaker from ChickenASM-1.12-1.0.2.7.jar
[09:25:30] [main/INFO] [Cleanroom]: Cascading tweaker org.spongepowered.asm.launch.MixinTweaker from Locks-1.12.2-3.0.0.jar
[09:25:30] [main/INFO] [Foundation]: Loading tweak name org.spongepowered.asm.mixin.EnvironmentStateTweaker
[09:25:30] [main/INFO] [Foundation]: Loading tweak name net.minecraftforge.fml.common.launcher.FMLInjectionAndSortingTweaker
[09:25:30] [main/WARN] [Cleanroom]: Locks-1.12.2-3.0.0.jar declares both a MixinTweaker TweakClass and FMLCorePlugin. Forge skips the coremod in this case and melonslise.locks.mixin.MixinLoader was loaded by Cleanroom.
[09:25:30] [main/WARN] [Cleanroom]: Added Locks-1.12.2-3.0.0.jar back to reparseable collection, ready to be identified as a mod.
[09:25:30] [main/INFO] [CleanMix]: Loading early loader com.hbm.core.HbmCorePlugin for its mixins.
[09:25:30] [main/INFO] [CleanMix]: Adding [hbm.common.mixin.json] mixin configuration.
[09:25:30] [main/INFO] [CleanMix]: Adding [hbm.mod.mixin.json] mixin configuration.
[09:25:30] [main/INFO] [CleanMix]: Adding [hbm.vanilla.mixin.json] mixin configuration.
[09:25:30] [main/INFO] [Foundation]: Loading tweak name org.spongepowered.asm.launch.MixinTweaker
[09:25:30] [main/INFO] [Foundation]: Loading tweak name com.cleanroommc.fugue.common.LateBootstrapTweaker
[09:25:30] [main/INFO] [Foundation]: Loading tweak name guichaguri.betterfps.tweaker.BetterFpsTweaker
[09:25:30] [main/INFO] [Foundation]: Loading tweak name codechicken.asm.internal.Tweaker
[09:25:30] [main/WARN] [Foundation]: Tweak name org.spongepowered.asm.launch.MixinTweaker has already been visited -- skipping
[09:25:30] [main/INFO] [Foundation]: Loading tweak name net.minecraftforge.fml.common.launcher.FMLDeobfTweaker
[09:25:30] [main/INFO] [Foundation]: Calling tweak net.minecraftforge.fml.common.launcher.FMLInjectionAndSortingTweaker@76d61d65
[09:25:30] [main/INFO] [Foundation]: Calling tweak net.minecraftforge.fml.common.launcher.FMLInjectionAndSortingTweaker@76d61d65
[09:25:30] [main/INFO] [Foundation]: Calling tweak MixinLoader
[09:25:30] [main/INFO] [Foundation]: Calling tweak org.spongepowered.asm.mixin.EnvironmentStateTweaker@13e8de7
[09:25:30] [main/INFO] [Foundation]: Calling tweak FMLCorePlugin
[09:25:31] [main/INFO] [FML]: Found valid fingerprint for Minecraft. Certificate fingerprint cd99959656f753dc28d863b46769f7f8fbaefcfc
[09:25:31] [main/INFO] [FML]: FML appears to be missing any signature data. This is expected, don't worry.
[09:25:31] [main/INFO] [Foundation]: Calling tweak FMLForgePlugin
[09:25:31] [main/INFO] [Foundation]: Calling tweak Fugue
[09:25:31] [main/INFO] [Foundation]: Calling tweak DistantHorizonsLoadingPlugin
[09:25:31] [main/INFO] [Foundation]: Calling tweak ScalarLoadingPlugin
[09:25:31] [main/INFO] [Foundation]: Calling tweak org.spongepowered.asm.launch.MixinTweaker@411406fe
[09:25:31] [main/INFO] [Foundation]: Calling tweak com.cleanroommc.fugue.common.LateBootstrapTweaker@35991e53
[09:25:31] [main/INFO] [Foundation]: Calling tweak codechicken.asm.internal.Tweaker@623fecde
[09:25:31] [main/INFO] [STDOUT]: [codechicken.asm.internal.Tweaker:injectIntoClassLoader:30]: false
[09:25:31] [main/INFO] [Foundation]: Calling tweak guichaguri.betterfps.tweaker.BetterFpsTweaker@79ca0bf0
[09:25:31] [main/INFO] [Foundation]: Calling tweak net.minecraftforge.fml.common.launcher.FMLDeobfTweaker@414654f5
[09:25:31] [main/INFO] [Foundation]: Calling tweak IELoadingPlugin
[09:25:31] [main/INFO] [Foundation]: Calling tweak EngineersDoorsLoadingPlugin
[09:25:31] [main/INFO] [Foundation]: Calling tweak HbmCorePlugin
[09:25:31] [main/INFO] [Foundation]: Calling tweak CTMCorePlugin
[09:25:31] [main/WARN] [CleanMix]: Reference map 'distanthorizons.mod.mixin-refmap.json' for distanthorizons.mod.mixin.json could not be read. If this is a development environment you can ignore this message
[09:25:31] [main/ERROR] [CleanMix]: Classloader restrictions [PACKAGE_TRANSFORMER_EXCLUSION] encountered loading hbm.common.mixin.json:MixinFMLProxyPacket from mod hbm, name: com.hbm.mixin.MixinFMLProxyPacket
[09:25:31] [main/ERROR] [CleanMix]: Classloader restrictions [PACKAGE_TRANSFORMER_EXCLUSION] encountered loading hbm.common.mixin.json:MixinNetworkDispatcher from mod hbm, name: com.hbm.mixin.MixinNetworkDispatcher
[09:25:31] [main/ERROR] [CleanMix]: Classloader restrictions [PACKAGE_TRANSFORMER_EXCLUSION] encountered loading hbm.common.mixin.json:MixinCompiledChunk from mod hbm, name: com.hbm.mixin.MixinCompiledChunk
[09:25:31] [main/ERROR] [CleanMix]: Classloader restrictions [PACKAGE_TRANSFORMER_EXCLUSION] encountered loading hbm.common.mixin.json:MixinSetVisibility from mod hbm, name: com.hbm.mixin.MixinSetVisibility
[09:25:31] [main/ERROR] [CleanMix]: Classloader restrictions [PACKAGE_TRANSFORMER_EXCLUSION] encountered loading hbm.common.mixin.json:MixinRenderChunk from mod hbm, name: com.hbm.mixin.MixinRenderChunk
[09:25:31] [main/ERROR] [CleanMix]: Classloader restrictions [PACKAGE_TRANSFORMER_EXCLUSION] encountered loading hbm.common.mixin.json:MixinRenderGlobal from mod hbm, name: com.hbm.mixin.MixinRenderGlobal
[09:25:31] [main/ERROR] [CleanMix]: Classloader restrictions [PACKAGE_TRANSFORMER_EXCLUSION] encountered loading hbm.common.mixin.json:MixinTileEntity from mod hbm, name: com.hbm.mixin.MixinTileEntity
[09:25:31] [main/ERROR] [CleanMix]: Classloader restrictions [PACKAGE_TRANSFORMER_EXCLUSION] encountered loading hbm.common.mixin.json:MixinRenderPlayerManly from mod hbm, name: com.hbm.mixin.MixinRenderPlayerManly
[09:25:31] [main/ERROR] [CleanMix]: Classloader restrictions [PACKAGE_TRANSFORMER_EXCLUSION] encountered loading hbm.vanilla.mixin.json:base.MixinBufferBuilder from mod hbm, name: com.hbm.mixin.vanilla.base.MixinBufferBuilder
[09:25:31] [main/ERROR] [CleanMix]: Classloader restrictions [PACKAGE_TRANSFORMER_EXCLUSION] encountered loading hbm.vanilla.mixin.json:betterfoliage.MixinRenderChunkBlockTrackVanilla from mod hbm, name: com.hbm.mixin.vanilla.betterfoliage.MixinRenderChunkBlockTrackVanilla
[09:25:31] [main/ERROR] [CleanMix]: Classloader restrictions [PACKAGE_TRANSFORMER_EXCLUSION] encountered loading hbm.vanilla.mixin.json:betterfoliage.MixinRenderChunkBlockTrackBetterFoliage from mod hbm, name: com.hbm.mixin.vanilla.betterfoliage.MixinRenderChunkBlockTrackBetterFoliage
[09:25:31] [main/ERROR] [CleanMix]: Classloader restrictions [PACKAGE_TRANSFORMER_EXCLUSION] encountered loading hbm.vanilla.mixin.json:MixinRenderGlobal from mod hbm, name: com.hbm.mixin.vanilla.MixinRenderGlobal
[09:25:31] [main/ERROR] [CleanMix]: Classloader restrictions [PACKAGE_TRANSFORMER_EXCLUSION] encountered loading hbm.vanilla.mixin.json:celeritas.MixinRenderGlobal from mod hbm, name: com.hbm.mixin.vanilla.celeritas.MixinRenderGlobal
[09:25:31] [main/ERROR] [CleanMix]: Classloader restrictions [PACKAGE_TRANSFORMER_EXCLUSION] encountered loading hbm.vanilla.mixin.json:neonium.MixinBufferBuilder from mod hbm, name: com.hbm.mixin.vanilla.neonium.MixinBufferBuilder
[09:25:31] [main/ERROR] [CleanMix]: Classloader restrictions [PACKAGE_TRANSFORMER_EXCLUSION] encountered loading hbm.vanilla.mixin.json:neonium.MixinChunkRenderManager from mod hbm, name: com.hbm.mixin.vanilla.neonium.MixinChunkRenderManager
[09:25:31] [main/ERROR] [CleanMix]: Classloader restrictions [PACKAGE_TRANSFORMER_EXCLUSION] encountered loading hbm.vanilla.mixin.json:neonium.MixinRenderGlobal from mod hbm, name: com.hbm.mixin.vanilla.neonium.MixinRenderGlobal
[09:25:31] [main/ERROR] [CleanMix]: Classloader restrictions [PACKAGE_TRANSFORMER_EXCLUSION] encountered loading hbm.vanilla.mixin.json:neonium.MixinSodiumWorldRenderer from mod hbm, name: com.hbm.mixin.vanilla.neonium.MixinSodiumWorldRenderer
[09:25:31] [main/ERROR] [CleanMix]: Classloader restrictions [PACKAGE_TRANSFORMER_EXCLUSION] encountered loading hbm.vanilla.mixin.json:nothirium.MixinBufferBuilder from mod hbm, name: com.hbm.mixin.vanilla.nothirium.MixinBufferBuilder
[09:25:31] [main/ERROR] [CleanMix]: Classloader restrictions [PACKAGE_TRANSFORMER_EXCLUSION] encountered loading hbm.vanilla.mixin.json:nothirium.MixinBufferBuilderOptifine from mod hbm, name: com.hbm.mixin.vanilla.nothirium.MixinBufferBuilderOptifine
[09:25:31] [main/ERROR] [CleanMix]: Classloader restrictions [PACKAGE_TRANSFORMER_EXCLUSION] encountered loading hbm.vanilla.mixin.json:nothirium.MixinAbstractChunkRenderer from mod hbm, name: com.hbm.mixin.vanilla.nothirium.MixinAbstractChunkRenderer
[09:25:31] [main/ERROR] [CleanMix]: Classloader restrictions [PACKAGE_TRANSFORMER_EXCLUSION] encountered loading hbm.vanilla.mixin.json:nothirium.MixinRenderGlobal from mod hbm, name: com.hbm.mixin.vanilla.nothirium.MixinRenderGlobal
[09:25:31] [main/ERROR] [CleanMix]: Classloader restrictions [PACKAGE_TRANSFORMER_EXCLUSION] encountered loading hbm.vanilla.mixin.json:optifine.MixinBufferBuilder from mod hbm, name: com.hbm.mixin.vanilla.optifine.MixinBufferBuilder
[09:25:31] [main/ERROR] [CleanMix]: Classloader restrictions [PACKAGE_TRANSFORMER_EXCLUSION] encountered loading hbm.vanilla.mixin.json:optifine.MixinRenderGlobal from mod hbm, name: com.hbm.mixin.vanilla.optifine.MixinRenderGlobal
[09:25:31] [main/ERROR] [CleanMix]: Classloader restrictions [PACKAGE_TRANSFORMER_EXCLUSION] encountered loading hbm.mod.mixin.json:potioncore.MixinPotionCoreEventHandler from mod hbm, name: com.hbm.mixin.mod.potioncore.MixinPotionCoreEventHandler
[09:25:31] [main/ERROR] [CleanMix]: Classloader restrictions [PACKAGE_TRANSFORMER_EXCLUSION] encountered loading hbm.mod.mixin.json:celeritas.MixinBuiltRenderSectionData from mod hbm, name: com.hbm.mixin.mod.celeritas.MixinBuiltRenderSectionData
[09:25:31] [main/ERROR] [CleanMix]: Classloader restrictions [PACKAGE_TRANSFORMER_EXCLUSION] encountered loading hbm.mod.mixin.json:celeritas.MixinCameraTransform from mod hbm, name: com.hbm.mixin.mod.celeritas.MixinCameraTransform
[09:25:31] [main/ERROR] [CleanMix]: Classloader restrictions [PACKAGE_TRANSFORMER_EXCLUSION] encountered loading hbm.mod.mixin.json:celeritas.MixinCeleritasWorldRenderer from mod hbm, name: com.hbm.mixin.mod.celeritas.MixinCeleritasWorldRenderer
[09:25:31] [main/ERROR] [CleanMix]: Classloader restrictions [PACKAGE_TRANSFORMER_EXCLUSION] encountered loading hbm.mod.mixin.json:celeritas.MixinChunkBuilderMeshingTask from mod hbm, name: com.hbm.mixin.mod.celeritas.MixinChunkBuilderMeshingTask
[09:25:31] [main/ERROR] [CleanMix]: Classloader restrictions [PACKAGE_TRANSFORMER_EXCLUSION] encountered loading hbm.mod.mixin.json:celeritas.MixinDefaultChunkRenderer from mod hbm, name: com.hbm.mixin.mod.celeritas.MixinDefaultChunkRenderer
[09:25:31] [main/ERROR] [CleanMix]: Classloader restrictions [PACKAGE_TRANSFORMER_EXCLUSION] encountered loading hbm.mod.mixin.json:celeritas.MixinOcclusionCuller from mod hbm, name: com.hbm.mixin.mod.celeritas.MixinOcclusionCuller
[09:25:31] [main/ERROR] [CleanMix]: Classloader restrictions [PACKAGE_TRANSFORMER_EXCLUSION] encountered loading hbm.mod.mixin.json:celeritas.MixinRenderSectionManager from mod hbm, name: com.hbm.mixin.mod.celeritas.MixinRenderSectionManager
[09:25:31] [main/ERROR] [CleanMix]: Classloader restrictions [PACKAGE_TRANSFORMER_EXCLUSION] encountered loading hbm.mod.mixin.json:celeritas.MixinViewport from mod hbm, name: com.hbm.mixin.mod.celeritas.MixinViewport
[09:25:31] [main/ERROR] [CleanMix]: Classloader restrictions [PACKAGE_TRANSFORMER_EXCLUSION] encountered loading hbm.mod.mixin.json:neonium.MixinChunkGraphNode from mod hbm, name: com.hbm.mixin.mod.neonium.MixinChunkGraphNode
[09:25:31] [main/ERROR] [CleanMix]: Classloader restrictions [PACKAGE_TRANSFORMER_EXCLUSION] encountered loading hbm.mod.mixin.json:neonium.MixinChunkRenderRebuildTask from mod hbm, name: com.hbm.mixin.mod.neonium.MixinChunkRenderRebuildTask
[09:25:31] [main/ERROR] [CleanMix]: Classloader restrictions [PACKAGE_TRANSFORMER_EXCLUSION] encountered loading hbm.mod.mixin.json:nothirium.MixinAbstractRenderChunk from mod hbm, name: com.hbm.mixin.mod.nothirium.MixinAbstractRenderChunk
[09:25:31] [main/ERROR] [CleanMix]: Classloader restrictions [PACKAGE_TRANSFORMER_EXCLUSION] encountered loading hbm.mod.mixin.json:nothirium.MixinRenderChunkTaskCompile from mod hbm, name: com.hbm.mixin.mod.nothirium.MixinRenderChunkTaskCompile
[09:25:31] [main/ERROR] [CleanMix]: Classloader restrictions [PACKAGE_TRANSFORMER_EXCLUSION] encountered loading hbm.mod.mixin.json:nothirium.MixinVisibilitySet from mod hbm, name: com.hbm.mixin.mod.nothirium.MixinVisibilitySet
[09:25:31] [main/ERROR] [CleanMix]: Classloader restrictions [PACKAGE_TRANSFORMER_EXCLUSION] encountered loading hbm.mod.mixin.json:optifine.MixinRenderItem from mod hbm, name: com.hbm.mixin.mod.optifine.MixinRenderItem
[09:25:31] [main/INFO] [Foundation]: Launching wrapped minecraft net.minecraft.client.main.Main
[09:25:31] [main/INFO] [BetterFps]: Patching net.minecraft.client.Minecraft... (bib)
[09:25:31] [main/INFO] [BetterFps]: Patching net.minecraft.client.Minecraft... (bib)
[09:25:31] [main/INFO] [MixinExtras|Service]: Initializing MixinExtras via com.llamalad7.mixinextras.service.MixinExtrasServiceImpl(version=0.5.5).
[09:25:31] [main/INFO] [BetterFps]: Patching net.minecraft.client.entity.EntityPlayerSP... (bud)
[09:25:31] [Client thread/INFO] [STDOUT]: [team.chisel.ctm.client.asm.CTMTransformer:preTransform:230]: Transforming Class [net.minecraftforge.client.ForgeHooksClient], Method [getDamageModel]
[09:25:31] [Client thread/INFO] [STDOUT]: [team.chisel.ctm.client.asm.CTMTransformer:finishTransform:242]: Transforming net.minecraftforge.client.ForgeHooksClient Finished.
[09:25:31] [Client thread/INFO] [net.minecraft.client.Minecraft]: Setting user: Wrobel_wielki
[09:25:31] [Client thread/INFO] [BetterFps]: Patching net.minecraft.block.Block... (aow)
[09:25:31] [Client thread/INFO] [STDOUT]: [team.chisel.ctm.client.asm.CTMTransformer:preTransform:230]: Transforming Class [net.minecraft.block.Block], Method [getExtendedState]
[09:25:31] [Client thread/INFO] [STDOUT]: [team.chisel.ctm.client.asm.CTMTransformer:finishTransform:242]: Transforming net.minecraft.block.Block Finished.
[09:25:31] [Client thread/INFO] [BetterFps]: Patching net.minecraft.block.Block... (aow)
[09:25:31] [Client thread/INFO] [STDOUT]: [team.chisel.ctm.client.asm.CTMTransformer:preTransform:230]: Transforming Class [net.minecraft.block.Block], Method [getExtendedState]
[09:25:31] [Client thread/INFO] [STDOUT]: [team.chisel.ctm.client.asm.CTMTransformer:finishTransform:242]: Transforming net.minecraft.block.Block Finished.
[09:25:31] [Client thread/INFO] [HBM CoreMod]: Patching class net.minecraft.entity.item.EntityItem / acl
[09:25:31] [Client thread/INFO] [HBM CoreMod]: Patching method: onUpdate / func_70071_h_
[09:25:31] [Client thread/INFO] [HBM CoreMod]: Injected HazardSystem hook into EntityItem#onUpdate (all return site(s))
[09:25:31] [Client thread/INFO] [BetterFps]: Patching math utils with "RIVENS_HALF" algorithm
[09:25:32] [Client thread/INFO] [BetterFps]: Patching net.minecraft.tileentity.TileEntityBeacon... (avh)
[09:25:32] [Client thread/INFO] [BetterFps]: Patching net.minecraft.block.BlockHopper... (arl)
[09:25:32] [Client thread/INFO] [BetterFps]: Patching net.minecraft.tileentity.TileEntityHopper... (avw)
[09:25:32] [Client thread/INFO] [HBM CoreMod]: Patching class net.minecraft.inventory.Container / afr
[09:25:32] [Client thread/INFO] [HBM CoreMod]: Patching method: detectAndSendChanges / func_75142_b
[09:25:32] [Client thread/INFO] [HBM CoreMod]: Injected hook at NonNullList#set site
[09:25:32] [Client thread/WARN] [net.minecraft.client.settings.GameSettings]: Skipping bad option: lastServer:
[09:25:32] [Client thread/INFO] [HBM CoreMod]: Patching class net.minecraft.entity.player.InventoryPlayer / aec
[09:25:32] [Client thread/INFO] [HBM CoreMod]: Patching method: setInventorySlotContents / func_70299_a
[09:25:32] [Client thread/INFO] [net.minecraft.client.Minecraft]: LWJGL Version: 3.4.1-snapshot
[09:25:32] [Client thread/INFO] [STDOUT]: [org.lwjgl.opengl.Display:create:201]: [LWJGLXX] Creating Display
[09:25:32] [Client thread/INFO] [STDOUT]: [org.lwjgl.opengl.Display:create:206]: [LWJGLXX] Preferred OpenGL version from forge_early.cfg is 4.6
[09:25:32] [Client thread/INFO] [STDOUT]: [org.lwjgl.opengl.Display:create:237]: [LWJGLXX] OpenGL version after validation is 4.6
[09:25:32] [BetterFps Update Checker/WARN] [BetterFps]: Could not check for updates: widget.mcf.li
[09:25:32] [Client thread/INFO] [STDOUT]: [org.lwjgl.opengl.Display:create:289]: [LWJGLXX] Attempting to create OpenGL 4.6 context
[09:25:32] [Client thread/INFO] [STDOUT]: [org.lwjgl.opengl.Display:create:310]: [LWJGLXX] Obtained OpenGL 4.6 window handle
[09:25:32] [Client thread/INFO] [STDOUT]: [org.lwjgl.opengl.Display:create:552]: [LWJGLXX] Current OpenGL version is 4.6
[09:25:32] [Client thread/INFO] [STDOUT]: [org.lwjgl.opengl.Display:create:555]: [LWJGLXX] Cached current OpenGL version to forge_early.cfg
[09:25:32] [Client thread/WARN] [oshi.hardware.platform.linux.LinuxCentralProcessorFFM]: Error reading CPU topology via udev, falling back to sysfs: No null terminator found: MemorySegment{ kind: native, address: 0x7f5079fd8b90, byteSize: 1024 } using region [0, 1024)
java.lang.IndexOutOfBoundsException: No null terminator found: MemorySegment{ kind: native, address: 0x7f5079fd8b90, byteSize: 1024 } using region [0, 1024)
	at java.base/jdk.internal.foreign.StringSupport.nullNotFound(StringSupport.java:304)
	at java.base/jdk.internal.foreign.StringSupport.strlenByte(StringSupport.java:174)
	at java.base/jdk.internal.foreign.StringSupport.readByte(StringSupport.java:72)
	at java.base/jdk.internal.foreign.StringSupport.read(StringSupport.java:55)
	at java.base/jdk.internal.foreign.AbstractMemorySegmentImpl.getString(AbstractMemorySegmentImpl.java:953)
	at java.base/jdk.internal.foreign.AbstractMemorySegmentImpl.getString(AbstractMemorySegmentImpl.java:946)
	at oshi.ffm.ForeignFunctions.getStringFromNativePointer(ForeignFunctions.java:417)
	at oshi.ffm.platform.linux.UdevFunctions.getString(UdevFunctions.java:429)
	at oshi.ffm.platform.linux.UdevFunctions.getPropertyValue(UdevFunctions.java:485)
	at oshi.hardware.platform.linux.LinuxCentralProcessorFFM.lambda$readTopologyWithUdev$0(LinuxCentralProcessorFFM.java:107)
	at oshi.ffm.ForeignFunctions.callInArenaOrDefault(ForeignFunctions.java:166)
	at oshi.hardware.platform.linux.LinuxCentralProcessorFFM.readTopologyWithUdev(LinuxCentralProcessorFFM.java:81)
	at oshi.hardware.common.platform.linux.LinuxCentralProcessor.initProcessorCounts(LinuxCentralProcessor.java:176)
	at oshi.hardware.common.AbstractCentralProcessor.<init>(AbstractCentralProcessor.java:65)
	at oshi.hardware.common.platform.linux.LinuxCentralProcessor.<init>(LinuxCentralProcessor.java:61)
	at oshi.hardware.platform.linux.LinuxCentralProcessorFFM.<init>(LinuxCentralProcessorFFM.java:47)
	at oshi.hardware.platform.linux.LinuxHardwareAbstractionLayerFFM.createProcessor(LinuxHardwareAbstractionLayerFFM.java:38)
	at oshi.util.Memoizer$1.get(Memoizer.java:70)
	at oshi.hardware.common.AbstractHardwareAbstractionLayer.getProcessor(AbstractHardwareAbstractionLayer.java:54)
	at net.minecraft.client.renderer.OpenGlHelper.func_77474_a(OpenGlHelper.java:303)
	at net.minecraft.client.Minecraft.func_71384_a(Minecraft.java:453)
	at net.minecraft.client.Minecraft.func_99999_d(Minecraft.java:374)
	at net.minecraft.client.main.Main.main(SourceFile:123)
	at top.outlands.foundation.LaunchHandler.launch(LaunchHandler.java:125)
	at top.outlands.foundation.boot.Foundation.main(Foundation.java:43)
	at org.prismlauncher.launcher.impl.StandardLauncher.launch(StandardLauncher.java:115)
	at org.prismlauncher.EntryPoint.listen(EntryPoint.java:129)
	at org.prismlauncher.EntryPoint.main(EntryPoint.java:70)
[09:25:32] [Client thread/INFO] [HBM CoreMod]: Patching class net.minecraft.client.renderer.GlStateManager / bus
[09:25:32] [Client thread/INFO] [FML]: -- System Details --
Details:
	Minecraft Version: 1.12.2
	Operating System: Linux (amd64) version 7.1.8-zen1-3-zen
	Java Version: 26.0.2, Arch Linux
	Java VM Version: OpenJDK 64-Bit Server VM (mixed mode, sharing), Arch Linux
	Memory: 1247955280 bytes (1190 MB) / 1585446912 bytes (1512 MB) up to 17179869184 bytes (16384 MB)
	JVM Flags: 2 total; -Xms512m -Xmx16384m
	IntCache: cache: 0, tcache: 0, allocated: 0, tallocated: 0
	FML: 
	Cleanroom Version: 0.6.11-alpha
	Loaded coremods (and transformers): 
DistantHorizonsLoadingPlugin (DistantHorizons-3.2.0-b-1.12.2-forge.jar)
  
IELoadingPlugin (ImmersiveEngineering-core-0.12-98.jar)
  blusunrize.immersiveengineering.common.asm.IEClassTransformer
EngineersDoorsLoadingPlugin (engineers_doors-1.12.2-0.9.1.jar)
  nihiltres.engineersdoors.common.asm.EngineersDoorsClassTransformer
MixinLoader (Locks-1.12.2-3.0.0.jar)
  
Fugue (+Fugue-0.24.3.jar)
  
HbmCorePlugin (NTM-CE-1.12.2-2.5.0.5.jar)
  com.hbm.core.HbmCoreTransformer
CTMCorePlugin (CTM-MC1.12.2-1.0.2.31.jar)
  team.chisel.ctm.client.asm.CTMTransformer
ScalarLoadingPlugin (scalar-3.8.4-1.jar)
  
	GL info: ' Vendor: 'NVIDIA Corporation' Version: '4.6.0 NVIDIA 610.57.04' Renderer: 'NVIDIA GeForce RTX 5070/PCIe/SSE2'
[09:25:32] [Client thread/INFO] [FML]: Cleanroom v0.6.11-alpha Initialized
[09:25:32] [Client thread/INFO] [FML]: Starts to replace vanilla recipe ingredients with ore ingredients.
[09:25:32] [Client thread/INFO] [FML]: Invalid recipe found with multiple oredict ingredients in the same ingredient...
[09:25:32] [Client thread/INFO] [FML]: Replaced 1227 ore ingredients
[09:25:32] [Client thread/INFO] [HBM CoreMod]: Patching class net.minecraftforge.common.ForgeHooks / net.minecraftforge.common.ForgeHooks
[09:25:32] [Client thread/INFO] [HBM CoreMod]: Patching method: onPickBlock(Lnet/minecraft/util/math/RayTraceResult;Lnet/minecraft/entity/player/EntityPlayer;Lnet/minecraft/world/World;)Z
[09:25:32] [Client thread/INFO] [HBM CoreMod]: Patching method: isLivingOnLadder(Lnet/minecraft/block/state/IBlockState;Lnet/minecraft/world/World;Lnet/minecraft/util/math/BlockPos;Lnet/minecraft/entity/EntityLivingBase;)Z
[09:25:32] [Client thread/INFO] [HBM CoreMod]: Injected CheckLadderEvent hook before fullBoundingBoxLadders read
[09:25:32] [Client thread/INFO] [Kirino Core]: Initializing Kirino-Engine's Mod Container.
[09:25:32] [Client thread/INFO] [Kirino Core]: Initializing Kirino-ECS's Mod Container.
[09:25:32] [Client thread/INFO] [Kirino Core]: Initializing Kirino-GL's Mod Container.
[09:25:33] [Client thread/WARN] [FML]: Mod codechickenlib is missing the required element 'version' and a version.properties file could not be found. Falling back to metadata version 3.2.3.358
[09:25:33] [Client thread/WARN] [FML]: Mod rockhounding_core is missing the required element 'version' and a version.properties file could not be found. Falling back to metadata version 1.12.2-3.30
[09:25:33] [Client thread/INFO] [FML]: Forge Mod Loader has identified 41 mods to load
[09:25:33] [Client thread/INFO] [FML]: FML has found a non-mod file mts+warkparts_1.12.2-1.1.1.jar in your mods directory. It will now be injected into your classpath.
[09:25:33] [Client thread/INFO] [FML]: FML has found a non-mod file mts+warkvehicle_1.12.2-1.1.1.jar in your mods directory. It will now be injected into your classpath.
[09:25:33] [Client thread/INFO] [FML]: FML has found a non-mod file scala-library-3.8.4.jar in your mods directory. It will now be injected into your classpath.
[09:25:33] [Client thread/INFO] [FML]: FML has found a non-mod file scala-parser-combinators_3-2.4.0.jar in your mods directory. It will now be injected into your classpath.
[09:25:33] [Client thread/INFO] [FML]: FML has found a non-mod file lwjgl-glfw-3.4.1.jar in your mods directory. It will now be injected into your classpath.
[09:25:33] [Client thread/INFO] [FML]: FML has found a non-mod file lwjgl-jemalloc-3.4.1.jar in your mods directory. It will now be injected into your classpath.
[09:25:33] [Client thread/INFO] [FML]: FML has found a non-mod file lwjgl-openal-3.4.1.jar in your mods directory. It will now be injected into your classpath.
[09:25:33] [Client thread/INFO] [FML]: FML has found a non-mod file lwjgl-opengl-3.4.1.jar in your mods directory. It will now be injected into your classpath.
[09:25:33] [Client thread/INFO] [FML]: FML has found a non-mod file lwjgl-stb-3.4.1.jar in your mods directory. It will now be injected into your classpath.
[09:25:33] [Client thread/INFO] [FML]: FML has found a non-mod file lwjgl-tinyfd-3.4.1.jar in your mods directory. It will now be injected into your classpath.
[09:25:33] [Client thread/INFO] [FML]: FML has found a non-mod file lwjgl-3.4.1-unsafe.jar in your mods directory. It will now be injected into your classpath.
[09:25:33] [Client thread/INFO] [FML]: FML has found a non-mod file lwjgl-glfw-3.4.1-natives-linux-arm64.jar in your mods directory. It will now be injected into your classpath.
[09:25:33] [Client thread/INFO] [FML]: FML has found a non-mod file lwjgl-glfw-3.4.1-natives-linux-arm32.jar in your mods directory. It will now be injected into your classpath.
[09:25:33] [Client thread/INFO] [FML]: FML has found a non-mod file lwjgl-glfw-3.4.1-natives-linux.jar in your mods directory. It will now be injected into your classpath.
[09:25:33] [Client thread/INFO] [FML]: FML has found a non-mod file lwjgl-jemalloc-3.4.1-natives-linux-arm64.jar in your mods directory. It will now be injected into your classpath.
[09:25:33] [Client thread/INFO] [FML]: FML has found a non-mod file lwjgl-jemalloc-3.4.1-natives-linux-arm32.jar in your mods directory. It will now be injected into your classpath.
[09:25:33] [Client thread/INFO] [FML]: FML has found a non-mod file lwjgl-jemalloc-3.4.1-natives-linux.jar in your mods directory. It will now be injected into your classpath.
[09:25:33] [Client thread/INFO] [FML]: FML has found a non-mod file lwjgl-openal-3.4.1-natives-linux-arm64.jar in your mods directory. It will now be injected into your classpath.
[09:25:33] [Client thread/INFO] [FML]: FML has found a non-mod file lwjgl-openal-3.4.1-natives-linux-arm32.jar in your mods directory. It will now be injected into your classpath.
[09:25:33] [Client thread/INFO] [FML]: FML has found a non-mod file lwjgl-openal-3.4.1-natives-linux.jar in your mods directory. It will now be injected into your classpath.
[09:25:33] [Client thread/INFO] [FML]: FML has found a non-mod file lwjgl-opengl-3.4.1-natives-linux-arm64.jar in your mods directory. It will now be injected into your classpath.
[09:25:33] [Client thread/INFO] [FML]: FML has found a non-mod file lwjgl-opengl-3.4.1-natives-linux-arm32.jar in your mods directory. It will now be injected into your classpath.
[09:25:33] [Client thread/INFO] [FML]: FML has found a non-mod file lwjgl-opengl-3.4.1-natives-linux.jar in your mods directory. It will now be injected into your classpath.
[09:25:33] [Client thread/INFO] [FML]: FML has found a non-mod file lwjgl-stb-3.4.1-natives-linux-arm64.jar in your mods directory. It will now be injected into your classpath.
[09:25:33] [Client thread/INFO] [FML]: FML has found a non-mod file lwjgl-stb-3.4.1-natives-linux-arm32.jar in your mods directory. It will now be injected into your classpath.
[09:25:33] [Client thread/INFO] [FML]: FML has found a non-mod file lwjgl-stb-3.4.1-natives-linux.jar in your mods directory. It will now be injected into your classpath.
[09:25:33] [Client thread/INFO] [FML]: FML has found a non-mod file lwjgl-tinyfd-3.4.1-natives-linux-arm64.jar in your mods directory. It will now be injected into your classpath.
[09:25:33] [Client thread/INFO] [FML]: FML has found a non-mod file lwjgl-tinyfd-3.4.1-natives-linux-arm32.jar in your mods directory. It will now be injected into your classpath.
[09:25:33] [Client thread/INFO] [FML]: FML has found a non-mod file lwjgl-tinyfd-3.4.1-natives-linux.jar in your mods directory. It will now be injected into your classpath.
[09:25:33] [Client thread/INFO] [FML]: FML has found a non-mod file lwjgl-3.4.1-natives-linux-arm64.jar in your mods directory. It will now be injected into your classpath.
[09:25:33] [Client thread/INFO] [FML]: FML has found a non-mod file lwjgl-3.4.1-natives-linux-arm32.jar in your mods directory. It will now be injected into your classpath.
[09:25:33] [Client thread/INFO] [FML]: FML has found a non-mod file lwjgl-3.4.1-natives-linux.jar in your mods directory. It will now be injected into your classpath.
[09:25:33] [Client thread/INFO] [FML]: FML has found a non-mod file codecjorbis-20101023.jar in your mods directory. It will now be injected into your classpath.
[09:25:33] [Client thread/INFO] [FML]: FML has found a non-mod file codecwav-20101023.jar in your mods directory. It will now be injected into your classpath.
[09:25:33] [Client thread/INFO] [FML]: FML has found a non-mod file libraryjavasound-20101123.jar in your mods directory. It will now be injected into your classpath.
[09:25:33] [Client thread/INFO] [FML]: FML has found a non-mod file librarylwjglopenal-20100824.jar in your mods directory. It will now be injected into your classpath.
[09:25:33] [Client thread/INFO] [FML]: FML has found a non-mod file soundsystem-20120107.jar in your mods directory. It will now be injected into your classpath.
[09:25:33] [Client thread/INFO] [FML]: FML has found a non-mod file authlib-1.5.25.jar in your mods directory. It will now be injected into your classpath.
[09:25:33] [Client thread/INFO] [FML]: FML has found a non-mod file realms-1.10.22.jar in your mods directory. It will now be injected into your classpath.
[09:25:33] [Client thread/INFO] [FML]: FML has found a non-mod file text2speech-1.10.3.jar in your mods directory. It will now be injected into your classpath.
[09:25:33] [Client thread/INFO] [FML]: FML has found a non-mod file asm-9.10.1.jar in your mods directory. It will now be injected into your classpath.
[09:25:33] [Client thread/INFO] [FML]: FML has found a non-mod file asm-commons-9.10.1.jar in your mods directory. It will now be injected into your classpath.
[09:25:33] [Client thread/INFO] [FML]: FML has found a non-mod file asm-tree-9.10.1.jar in your mods directory. It will now be injected into your classpath.
[09:25:33] [Client thread/INFO] [FML]: FML has found a non-mod file asm-util-9.10.1.jar in your mods directory. It will now be injected into your classpath.
[09:25:33] [Client thread/INFO] [FML]: FML has found a non-mod file asm-analysis-9.10.1.jar in your mods directory. It will now be injected into your classpath.
[09:25:33] [Client thread/INFO] [FML]: FML has found a non-mod file asm-deprecated-7.1.jar in your mods directory. It will now be injected into your classpath.
[09:25:33] [Client thread/INFO] [FML]: FML has found a non-mod file foundation-0.19.11.jar in your mods directory. It will now be injected into your classpath.
[09:25:33] [Client thread/INFO] [FML]: FML has found a non-mod file Reflect-1.6.4.jar in your mods directory. It will now be injected into your classpath.
[09:25:33] [Client thread/INFO] [FML]: FML has found a non-mod file javassist-3.30.2-GA.jar in your mods directory. It will now be injected into your classpath.
[09:25:33] [Client thread/INFO] [FML]: FML has found a non-mod file icu4j-78.3.jar in your mods directory. It will now be injected into your classpath.
[09:25:33] [Client thread/INFO] [FML]: FML has found a non-mod file jline-4.1.3.jar in your mods directory. It will now be injected into your classpath.
[09:25:33] [Client thread/INFO] [FML]: FML has found a non-mod file jline-native-4.1.3.jar in your mods directory. It will now be injected into your classpath.
[09:25:33] [Client thread/INFO] [FML]: FML has found a non-mod file jinput-2.0.10.jar in your mods directory. It will now be injected into your classpath.
[09:25:33] [Client thread/INFO] [FML]: FML has found a non-mod file lzma-0.0.1.jar in your mods directory. It will now be injected into your classpath.
[09:25:33] [Client thread/INFO] [FML]: FML has found a non-mod file vecmath-1.5.2.jar in your mods directory. It will now be injected into your classpath.
[09:25:33] [Client thread/INFO] [FML]: FML has found a non-mod file jopt-simple-5.0.4.jar in your mods directory. It will now be injected into your classpath.
[09:25:33] [Client thread/INFO] [FML]: FML has found a non-mod file oshi-core-ffm-7.3.2.jar in your mods directory. It will now be injected into your classpath.
[09:25:33] [Client thread/INFO] [FML]: FML has found a non-mod file jna-5.19.1.jar in your mods directory. It will now be injected into your classpath.
[09:25:33] [Client thread/INFO] [FML]: FML has found a non-mod file jna-platform-5.19.1.jar in your mods directory. It will now be injected into your classpath.
[09:25:33] [Client thread/INFO] [FML]: FML has found a non-mod file fastutil-8.5.18.jar in your mods directory. It will now be injected into your classpath.
[09:25:33] [Client thread/INFO] [FML]: FML has found a non-mod file guava-33.6.0-jre.jar in your mods directory. It will now be injected into your classpath.
[09:25:33] [Client thread/INFO] [FML]: FML has found a non-mod file gson-2.14.0.jar in your mods directory. It will now be injected into your classpath.
[09:25:33] [Client thread/INFO] [FML]: FML has found a non-mod file commons-lang3-3.20.0.jar in your mods directory. It will now be injected into your classpath.
[09:25:33] [Client thread/INFO] [FML]: FML has found a non-mod file commons-compress-1.28.0.jar in your mods directory. It will now be injected into your classpath.
[09:25:33] [Client thread/INFO] [FML]: FML has found a non-mod file commons-codec-1.22.0.jar in your mods directory. It will now be injected into your classpath.
[09:25:33] [Client thread/INFO] [FML]: FML has found a non-mod file commons-io-2.22.0.jar in your mods directory. It will now be injected into your classpath.
[09:25:33] [Client thread/INFO] [FML]: FML has found a non-mod file commons-logging-1.4.0.jar in your mods directory. It will now be injected into your classpath.
[09:25:33] [Client thread/INFO] [FML]: FML has found a non-mod file maven-artifact-3.9.16.jar in your mods directory. It will now be injected into your classpath.
[09:25:33] [Client thread/INFO] [FML]: FML has found a non-mod file jspecify-1.0.0.jar in your mods directory. It will now be injected into your classpath.
[09:25:33] [Client thread/INFO] [FML]: FML has found a non-mod file httpcore5-5.4.3.jar in your mods directory. It will now be injected into your classpath.
[09:25:33] [Client thread/INFO] [FML]: FML has found a non-mod file httpcore5-h2-5.4.3.jar in your mods directory. It will now be injected into your classpath.
[09:25:33] [Client thread/INFO] [FML]: FML has found a non-mod file httpclient5-5.6.1.jar in your mods directory. It will now be injected into your classpath.
[09:25:33] [Client thread/INFO] [FML]: FML has found a non-mod file httpclient-4.5.14.jar in your mods directory. It will now be injected into your classpath.
[09:25:33] [Client thread/INFO] [FML]: FML has found a non-mod file httpcore-4.4.16.jar in your mods directory. It will now be injected into your classpath.
[09:25:33] [Client thread/INFO] [FML]: FML has found a non-mod file netty-codec-base-4.2.15.Final.jar in your mods directory. It will now be injected into your classpath.
[09:25:33] [Client thread/INFO] [FML]: FML has found a non-mod file netty-buffer-4.2.15.Final.jar in your mods directory. It will now be injected into your classpath.
[09:25:33] [Client thread/INFO] [FML]: FML has found a non-mod file netty-common-4.2.15.Final.jar in your mods directory. It will now be injected into your classpath.
[09:25:33] [Client thread/INFO] [FML]: FML has found a non-mod file netty-handler-4.2.15.Final.jar in your mods directory. It will now be injected into your classpath.
[09:25:33] [Client thread/INFO] [FML]: FML has found a non-mod file netty-resolver-4.2.15.Final.jar in your mods directory. It will now be injected into your classpath.
[09:25:33] [Client thread/INFO] [FML]: FML has found a non-mod file netty-transport-4.2.15.Final.jar in your mods directory. It will now be injected into your classpath.
[09:25:33] [Client thread/INFO] [FML]: FML has found a non-mod file netty-transport-native-unix-common-4.2.15.Final-linux-x86_64.jar in your mods directory. It will now be injected into your classpath.
[09:25:33] [Client thread/INFO] [FML]: FML has found a non-mod file netty-transport-classes-epoll-4.2.15.Final.jar in your mods directory. It will now be injected into your classpath.
[09:25:33] [Client thread/INFO] [FML]: FML has found a non-mod file netty-transport-native-epoll-4.2.15.Final-linux-x86_64.jar in your mods directory. It will now be injected into your classpath.
[09:25:33] [Client thread/INFO] [FML]: FML has found a non-mod file netty-codec-http-4.2.15.Final.jar in your mods directory. It will now be injected into your classpath.
[09:25:33] [Client thread/INFO] [FML]: FML has found a non-mod file netty-codec-http2-4.2.15.Final.jar in your mods directory. It will now be injected into your classpath.
[09:25:33] [Client thread/INFO] [FML]: FML has found a non-mod file netty-codec-dns-4.2.15.Final.jar in your mods directory. It will now be injected into your classpath.
[09:25:33] [Client thread/INFO] [FML]: FML has found a non-mod file netty-codec-compression-4.2.15.Final.jar in your mods directory. It will now be injected into your classpath.
[09:25:33] [Client thread/INFO] [FML]: FML has found a non-mod file netty-resolver-dns-4.2.15.Final.jar in your mods directory. It will now be injected into your classpath.
[09:25:33] [Client thread/INFO] [FML]: FML has found a non-mod file jakarta.xml.ws-api-4.0.3.jar in your mods directory. It will now be injected into your classpath.
[09:25:33] [Client thread/INFO] [FML]: FML has found a non-mod file jakarta.activation-api-2.1.4.jar in your mods directory. It will now be injected into your classpath.
[09:25:33] [Client thread/INFO] [FML]: FML has found a non-mod file jakarta.annotation-api-3.0.0.jar in your mods directory. It will now be injected into your classpath.
[09:25:33] [Client thread/INFO] [FML]: FML has found a non-mod file jakarta.xml.bind-api-4.0.5.jar in your mods directory. It will now be injected into your classpath.
[09:25:33] [Client thread/INFO] [FML]: FML has found a non-mod file jakarta.inject-api-2.0.1.jar in your mods directory. It will now be injected into your classpath.
[09:25:33] [Client thread/INFO] [FML]: FML has found a non-mod file log4j-api-2.26.0.jar in your mods directory. It will now be injected into your classpath.
[09:25:33] [Client thread/INFO] [FML]: FML has found a non-mod file log4j-core-2.26.0.jar in your mods directory. It will now be injected into your classpath.
[09:25:33] [Client thread/INFO] [FML]: FML has found a non-mod file jaxb-runtime-4.0.9.jar in your mods directory. It will now be injected into your classpath.
[09:25:33] [Client thread/INFO] [FML]: FML has found a non-mod file jaxb-core-4.0.9.jar in your mods directory. It will now be injected into your classpath.
[09:25:33] [Client thread/INFO] [FML]: FML has found a non-mod file classgraph-4.8.184.jar in your mods directory. It will now be injected into your classpath.
[09:25:33] [Client thread/INFO] [FML]: FML has found a non-mod file mixinextras-common-0.5.5.jar in your mods directory. It will now be injected into your classpath.
[09:25:33] [Client thread/INFO] [CleanMix]: Loading late loader [com.cleanroommc.fugue.common.FugueLateMixinLoader] for its mixins.
[09:25:33] [Client thread/INFO] [FML]: Attempting connection with missing mods [minecraft, mcp, cleanroom, cleanmix, mixinbooter, configanytime, kirino_engine, kirino_ecs, kirino_gl, FML, forge, scalar, hbmcore, fugue, blussignpack, cfm, codechickenlib, ctm, distanthorizons, electricalcraft, engineersdoors, engineersdecor, furenikusroads, gbook, mts, industrialrenewal, itemoverflow, iv_timp, jei, locks, mtsofficialpack, hbm, rockhounding_chemistry, rockhounding_core, rsgauges, osip, soviet, tesp, worldedit, immersiveengineering, industrialwires] at CLIENT
[09:25:33] [Client thread/INFO] [FML]: Attempting connection with missing mods [minecraft, mcp, cleanroom, cleanmix, mixinbooter, configanytime, kirino_engine, kirino_ecs, kirino_gl, FML, forge, scalar, hbmcore, fugue, blussignpack, cfm, codechickenlib, ctm, distanthorizons, electricalcraft, engineersdoors, engineersdecor, furenikusroads, gbook, mts, industrialrenewal, itemoverflow, iv_timp, jei, locks, mtsofficialpack, hbm, rockhounding_chemistry, rockhounding_core, rsgauges, osip, soviet, tesp, worldedit, immersiveengineering, industrialwires] at SERVER
[09:25:34] [Client thread/INFO] [BetterFps]: Patching net.minecraft.client.renderer.EntityRenderer... (buq)
[09:25:34] [Client thread/INFO] [BetterFps]: Patching net.minecraft.client.renderer.EntityRenderer... (buq)
[09:25:34] [Client thread/INFO] [HBM CoreMod]: Patching class codechicken.lib.packet.PacketCustom / codechicken.lib.packet.PacketCustom
[09:25:34] [Client thread/INFO] [HBM CoreMod]: Patching CodeChickenLib method sendToClients(Lnet/minecraft/network/Packet;)V
[09:25:34] [Client thread/INFO] [HBM CoreMod]: Patching CodeChickenLib method sendToAllAround(Lnet/minecraft/network/Packet;DDDDI)V
[09:25:34] [Client thread/INFO] [HBM CoreMod]: Patching CodeChickenLib method sendToDimension(Lnet/minecraft/network/Packet;I)V
[09:25:34] [Client thread/INFO] [HBM CoreMod]: Patching CodeChickenLib method sendToChunk(Lnet/minecraft/network/Packet;Lnet/minecraft/world/World;II)V
[09:25:34] [Client thread/INFO] [HBM CoreMod]: Patching CodeChickenLib method sendToOps(Lnet/minecraft/network/Packet;)V
[09:25:34] [Client thread/INFO] [STDOUT]: [team.chisel.ctm.client.asm.CTMTransformer:preTransform:230]: Transforming Class [net.minecraft.client.renderer.texture.TextureMap], Method [registerSprite]
[09:25:34] [Client thread/INFO] [STDOUT]: [team.chisel.ctm.client.asm.CTMTransformer:finishTransform:242]: Transforming net.minecraft.client.renderer.texture.TextureMap Finished.
[09:25:34] [Client thread/INFO] [STDOUT]: [team.chisel.ctm.client.asm.CTMTransformer:preTransform:230]: Transforming Class [net.minecraft.client.renderer.texture.TextureAtlasSprite], Method [updateAnimationInterpolated]
[09:25:34] [Client thread/INFO] [STDOUT]: [team.chisel.ctm.client.asm.CTMTransformer:finishTransform:242]: Transforming net.minecraft.client.renderer.texture.TextureAtlasSprite Finished.
[09:25:34] [Client thread/ERROR] [FML]: The mod immersiveengineering is expecting signature 4cb49fcde3b43048c9889e0a3d083225da926334 for source ImmersiveEngineering-0.12-98.jar, however there is no signature matching that description
[09:25:34] [Client thread/INFO] [STDOUT]: [blusunrize.immersiveengineering.ImmersiveEngineering:wrongSignature:175]: [Immersive Engineering/Error] THIS IS NOT AN OFFICIAL BUILD OF IMMERSIVE ENGINEERING! Found these fingerprints: []
[09:25:34] [Client thread/INFO] [STDERR]: [iv_timp.MTSPackLoader:<init>:93]: java.lang.ClassNotFoundException: minecrafttransportsimulator.systems.PackParserSystem
[09:25:34] [Client thread/INFO] [STDERR]: [iv_timp.MTSPackLoader:<init>:93]: 	at top.outlands.foundation.boot.ActualClassLoader.findClass(ActualClassLoader.java:286)
[09:25:34] [Client thread/INFO] [STDERR]: [iv_timp.MTSPackLoader:<init>:93]: 	at java.base/java.lang.ClassLoader.loadClass(ClassLoader.java:569)
[09:25:34] [Client thread/INFO] [STDERR]: [iv_timp.MTSPackLoader:<init>:93]: 	at top.outlands.foundation.boot.ActualClassLoader.loadClass(ActualClassLoader.java:297)
[09:25:34] [Client thread/INFO] [STDERR]: [iv_timp.MTSPackLoader:<init>:93]: 	at java.base/java.lang.ClassLoader.loadClass(ClassLoader.java:502)
[09:25:34] [Client thread/INFO] [STDERR]: [iv_timp.MTSPackLoader:<init>:93]: 	at java.base/java.lang.Class.forName0(Native Method)
[09:25:34] [Client thread/INFO] [STDERR]: [iv_timp.MTSPackLoader:<init>:93]: 	at java.base/java.lang.Class.forName(Class.java:478)
[09:25:34] [Client thread/INFO] [STDERR]: [iv_timp.MTSPackLoader:<init>:93]: 	at java.base/java.lang.Class.forName(Class.java:468)
[09:25:34] [Client thread/INFO] [STDERR]: [iv_timp.MTSPackLoader:<init>:93]: 	at iv_timp.MTSPackLoader.<init>(MTSPackLoader.java:60)
[09:25:34] [Client thread/INFO] [STDERR]: [iv_timp.MTSPackLoader:<init>:93]: 	at java.base/jdk.internal.reflect.DirectConstructorHandleAccessor.newInstance(DirectConstructorHandleAccessor.java:62)
[09:25:34] [Client thread/INFO] [STDERR]: [iv_timp.MTSPackLoader:<init>:93]: 	at java.base/java.lang.reflect.Constructor.newInstanceWithCaller(Constructor.java:499)
[09:25:34] [Client thread/INFO] [STDERR]: [iv_timp.MTSPackLoader:<init>:93]: 	at java.base/java.lang.reflect.Constructor.newInstance(Constructor.java:483)
[09:25:34] [Client thread/INFO] [STDERR]: [iv_timp.MTSPackLoader:<init>:93]: 	at net.minecraftforge.fml.common.ILanguageAdapter$JavaAdapter.getNewInstance(ILanguageAdapter.java:46)
[09:25:34] [Client thread/INFO] [STDERR]: [iv_timp.MTSPackLoader:<init>:93]: 	at net.minecraftforge.fml.common.FMLModContainer.constructMod(FMLModContainer.java:616)
[09:25:34] [Client thread/INFO] [STDERR]: [iv_timp.MTSPackLoader:<init>:93]: 	at java.base/jdk.internal.reflect.DirectMethodHandleAccessor.invoke(DirectMethodHandleAccessor.java:104)
[09:25:34] [Client thread/INFO] [STDERR]: [iv_timp.MTSPackLoader:<init>:93]: 	at java.base/java.lang.reflect.Method.invoke(Method.java:565)
[09:25:34] [Client thread/INFO] [STDERR]: [iv_timp.MTSPackLoader:<init>:93]: 	at com.google.common.eventbus.Subscriber.invokeSubscriberMethod(Subscriber.java:84)
[09:25:34] [Client thread/INFO] [STDERR]: [iv_timp.MTSPackLoader:<init>:93]: 	at com.google.common.eventbus.Subscriber$SynchronizedSubscriber.invokeSubscriberMethod(Subscriber.java:141)
[09:25:34] [Client thread/INFO] [STDERR]: [iv_timp.MTSPackLoader:<init>:93]: 	at com.google.common.eventbus.Subscriber.lambda$dispatchEvent$0(Subscriber.java:70)
[09:25:34] [Client thread/INFO] [STDERR]: [iv_timp.MTSPackLoader:<init>:93]: 	at com.google.common.util.concurrent.DirectExecutor.execute(DirectExecutor.java:30)
[09:25:34] [Client thread/INFO] [STDERR]: [iv_timp.MTSPackLoader:<init>:93]: 	at com.google.common.eventbus.Subscriber.dispatchEvent(Subscriber.java:67)
[09:25:34] [Client thread/INFO] [STDERR]: [iv_timp.MTSPackLoader:<init>:93]: 	at com.google.common.eventbus.Dispatcher$PerThreadQueuedDispatcher.dispatch(Dispatcher.java:112)
[09:25:34] [Client thread/INFO] [STDERR]: [iv_timp.MTSPackLoader:<init>:93]: 	at com.google.common.eventbus.EventBus.post(EventBus.java:262)
[09:25:34] [Client thread/INFO] [STDERR]: [iv_timp.MTSPackLoader:<init>:93]: 	at net.minecraftforge.fml.common.LoadController.sendEventToModContainer(LoadController.java:218)
[09:25:34] [Client thread/INFO] [STDERR]: [iv_timp.MTSPackLoader:<init>:93]: 	at net.minecraftforge.fml.common.LoadController.propogateStateMessage(LoadController.java:196)
[09:25:34] [Client thread/INFO] [STDERR]: [iv_timp.MTSPackLoader:<init>:93]: 	at java.base/jdk.internal.reflect.DirectMethodHandleAccessor.invoke(DirectMethodHandleAccessor.java:104)
[09:25:34] [Client thread/INFO] [STDERR]: [iv_timp.MTSPackLoader:<init>:93]: 	at java.base/java.lang.reflect.Method.invoke(Method.java:565)
[09:25:34] [Client thread/INFO] [STDERR]: [iv_timp.MTSPackLoader:<init>:93]: 	at com.google.common.eventbus.Subscriber.invokeSubscriberMethod(Subscriber.java:84)
[09:25:34] [Client thread/INFO] [STDERR]: [iv_timp.MTSPackLoader:<init>:93]: 	at com.google.common.eventbus.Subscriber$SynchronizedSubscriber.invokeSubscriberMethod(Subscriber.java:141)
[09:25:34] [Client thread/INFO] [STDERR]: [iv_timp.MTSPackLoader:<init>:93]: 	at com.google.common.eventbus.Subscriber.lambda$dispatchEvent$0(Subscriber.java:70)
[09:25:34] [Client thread/INFO] [STDERR]: [iv_timp.MTSPackLoader:<init>:93]: 	at com.google.common.util.concurrent.DirectExecutor.execute(DirectExecutor.java:30)
[09:25:34] [Client thread/INFO] [STDERR]: [iv_timp.MTSPackLoader:<init>:93]: 	at com.google.common.eventbus.Subscriber.dispatchEvent(Subscriber.java:67)
[09:25:34] [Client thread/INFO] [STDERR]: [iv_timp.MTSPackLoader:<init>:93]: 	at com.google.common.eventbus.Dispatcher$PerThreadQueuedDispatcher.dispatch(Dispatcher.java:112)
[09:25:34] [Client thread/INFO] [STDERR]: [iv_timp.MTSPackLoader:<init>:93]: 	at com.google.common.eventbus.EventBus.post(EventBus.java:262)
[09:25:34] [Client thread/INFO] [STDERR]: [iv_timp.MTSPackLoader:<init>:93]: 	at net.minecraftforge.fml.common.LoadController.distributeStateMessage(LoadController.java:132)
[09:25:34] [Client thread/INFO] [STDERR]: [iv_timp.MTSPackLoader:<init>:93]: 	at net.minecraftforge.fml.common.Loader.loadMods(Loader.java:542)
[09:25:34] [Client thread/INFO] [STDERR]: [iv_timp.MTSPackLoader:<init>:93]: 	at net.minecraftforge.fml.client.FMLClientHandler.beginMinecraftLoading(FMLClientHandler.java:253)
[09:25:34] [Client thread/INFO] [STDERR]: [iv_timp.MTSPackLoader:<init>:93]: 	at net.minecraft.client.Minecraft.func_71384_a(Minecraft.java:463)
[09:25:34] [Client thread/INFO] [STDERR]: [iv_timp.MTSPackLoader:<init>:93]: 	at net.minecraft.client.Minecraft.func_99999_d(Minecraft.java:374)
[09:25:34] [Client thread/INFO] [STDERR]: [iv_timp.MTSPackLoader:<init>:93]: 	at net.minecraft.client.main.Main.main(SourceFile:123)
[09:25:34] [Client thread/INFO] [STDERR]: [iv_timp.MTSPackLoader:<init>:93]: 	at top.outlands.foundation.LaunchHandler.launch(LaunchHandler.java:125)
[09:25:34] [Client thread/INFO] [STDERR]: [iv_timp.MTSPackLoader:<init>:93]: 	at top.outlands.foundation.boot.Foundation.main(Foundation.java:43)
[09:25:34] [Client thread/INFO] [STDERR]: [iv_timp.MTSPackLoader:<init>:93]: 	at org.prismlauncher.launcher.impl.StandardLauncher.launch(StandardLauncher.java:115)
[09:25:34] [Client thread/INFO] [STDERR]: [iv_timp.MTSPackLoader:<init>:93]: 	at org.prismlauncher.EntryPoint.listen(EntryPoint.java:129)
[09:25:34] [Client thread/INFO] [STDERR]: [iv_timp.MTSPackLoader:<init>:93]: 	at org.prismlauncher.EntryPoint.main(EntryPoint.java:70)
[09:25:34] [Client thread/INFO] [STDERR]: [java.lang.Throwable:printStackTrace:677]: Caused by: java.lang.ClassNotFoundException
[09:25:34] [Client thread/INFO] [STDERR]: [java.lang.Throwable:printStackTrace:677]: 	at top.outlands.foundation.boot.ActualClassLoader.findClass(ActualClassLoader.java:269)
[09:25:34] [Client thread/INFO] [STDERR]: [java.lang.Throwable:printStackTrace:677]: 	... 43 more
[09:25:34] [Client thread/INFO] [STDOUT]: [mtsofficialpack.MTSPackLoader:<init>:55]: Marco
[09:25:34] [Client thread/ERROR] [FML]: The mod industrialwires is expecting signature 7e11c175d1e24007afec7498a1616bef0000027d for source IndustrialWires-1.8-38.jar, however there is no signature matching that description
[09:25:34] [Client thread/INFO] [net.minecraft.client.resources.SimpleReloadableResourceManager]: Reloading ResourceManager: BetterFps, Default, FMLFileResourcePack:Forge Mod Loader, FMLFileResourcePack:Minecraft Forge, FMLFileResourcePack:Fugue, FMLFileResourcePack:Blu's Sign Pack, FMLFileResourcePack:MrCrayfish's Furniture Mod, FMLFileResourcePack:CodeChicken Lib, FMLFileResourcePack:CTM, FMLFileResourcePack:Distant Horizons, FMLFileResourcePack:ElectricalCraft, FMLFileResourcePack:Engineer's Doors, FMLFileResourcePack:Engineer's Decor, FMLFileResourcePack:Fureniku's Roads, FMLFileResourcePack:Guidebook, FMLFileResourcePack:Immersive Vehicles (formerly MTS), FMLFileResourcePack:Industrial Renewal, FMLFileResourcePack:ItemOverflow, FMLFileResourcePack:Trin Industrial Machinery Pack, FMLFileResourcePack:Just Enough Items, FMLFileResourcePack:Locks, FMLFileResourcePack:Immersive Vehicles Sound Overrides, FMLFileResourcePack:HBM's Nuclear Tech - Community Edition, FMLFileResourcePack:Rockhounding Mod: Chemistry, FMLFileResourcePack:Rockhounding Mod: Core, FMLFileResourcePack:Gauges and Switches, FMLFileResourcePack:IV Official Sign Pack, FMLFileResourcePack:Soviet Era Mod, FMLFileResourcePack:TheExpandedSignsPack, FMLFileResourcePack:WorldEdit, FMLFileResourcePack:Immersive Engineering, FMLFileResourcePack:Industrial Wires, resources
[09:25:34] [Client thread/INFO] [FML]: Processing ObjectHolder annotations
[09:25:34] [Client thread/INFO] [FML]: Found 1608 ObjectHolder annotations
[09:25:34] [Client thread/INFO] [FML]: Identifying ItemStackHolder annotations
[09:25:34] [Client thread/INFO] [FML]: Found 0 ItemStackHolder annotations
[09:25:34] [Client thread/INFO] [FML]: Configured a dormant chunk cache size of 0
[09:25:34] [Cleanroom Version Check/INFO] [forge.VersionCheck]: [rsgauges] Starting version check at https://raw.githubusercontent.com/stfwi/rsgauges/develop/meta/update.json
[09:25:34] [Client thread/ERROR] [mcinterface1122.InterfaceLoader]: MTSERROR: Welcome to MTS VERSION: 24.0.0
[09:25:34] [Thread-1/INFO] [FML]: Using sync timing. 200 frames of Display.update took 47494606 nanos
[09:25:34] [Client thread/ERROR] [mcinterface1122.InterfaceLoader]: MTSERROR: Could not do model-based legacy compats on mtsofficialpack:engineamci4.  Lights and treads will likely not be present on this model.
[09:25:34] [Client thread/ERROR] [mcinterface1122.InterfaceLoader]: MTSERROR: For input string: "roller2"
[09:25:34] [Cleanroom Version Check/INFO] [forge.VersionCheck]: [rsgauges] Found status: AHEAD Target: null
[09:25:34] [Cleanroom Version Check/INFO] [forge.VersionCheck]: [codechickenlib] Starting version check at http://chickenbones.net/Files/notification/version.php?query=forge&version=1.12&file=CodeChickenLib
[09:25:35] [Client thread/ERROR] [mcinterface1122.InterfaceLoader]: MTSERROR: No object name found in the entire OBJ model file of /assets/warkparts/objmodels/parts/effector_placer_invisible.obj.  Resorting to 'model' as default.  Are you using groups instead of objects by mistake?
[09:25:35] [Cleanroom Version Check/INFO] [forge.VersionCheck]: [codechickenlib] Found status: BETA Target: null
[09:25:35] [Cleanroom Version Check/INFO] [forge.VersionCheck]: [industrialwires] Starting version check at https://raw.githubusercontent.com/malte0811/IndustrialWires/MC1.12/changelog.json
[09:25:35] [Client thread/INFO] [STDOUT]: [team.chisel.ctm.client.asm.CTMTransformer:preTransform:230]: Transforming Class [net.minecraftforge.client.model.ModelLoader$VanillaModelWrapper], Method [getTextures]
[09:25:35] [Client thread/INFO] [STDOUT]: [team.chisel.ctm.client.asm.CTMTransformer:finishTransform:242]: Transforming net.minecraftforge.client.model.ModelLoader$VanillaModelWrapper Finished.
[09:25:35] [Client thread/INFO] [FML]: OBJLoader: Domain electricalcraft has been added.
[09:25:35] [Client thread/INFO] [engineersdecor]: Engineer's Decor: Version 1.12.2-1.1.5 #de0765f.
[09:25:35] [Client thread/INFO] [engineersdecor]: Engineer's Decor: Found valid fingerprint ed58ed655893ced6280650866985abcae2bf7559.
[09:25:35] [Client thread/INFO] [FML]: OBJLoader: Domain engineersdecor has been added.
[09:25:35] [Cleanroom Version Check/INFO] [forge.VersionCheck]: [industrialwires] Found status: AHEAD Target: null
[09:25:35] [Cleanroom Version Check/INFO] [forge.VersionCheck]: [engineersdecor] Starting version check at https://raw.githubusercontent.com/stfwi/engineers-decor/develop/1.12/meta/update.json
[09:25:35] [Client thread/INFO] [FML]: OBJLoader: Domain immersiveengineering has been added.
[09:25:35] [Client thread/INFO] [immersiveengineering]: Custom OBJLoader: Domain has been added: immersiveengineering
[09:25:35] [Immersive Engineering Contributors Thread/INFO] [immersiveengineering]: Attempting to download special revolvers from GitHub
[09:25:35] [Client thread/INFO] [Engineer's Doors]: 3 modules loaded.
[09:25:35] [Client thread/INFO] [Engineer's Doors]: Pre-initializing trapdoors module
[09:25:35] [Client thread/INFO] [Engineer's Doors]: Pre-initializing doors module
[09:25:35] [Client thread/INFO] [Engineer's Doors]: Pre-initializing fence gates module
[09:25:35] [Client thread/INFO] [STDOUT]: [com.silvaniastudios.roads.FurenikusRoads:debug:239]: [Fureniku's Roads] Starting to load internal paint files
[09:25:35] [Client thread/INFO] [STDOUT]: [com.silvaniastudios.roads.FurenikusRoads:debug:239]: [Fureniku's Roads] Running in production environment; switching to jarfile extraction for internal paint JSONs
[09:25:35] [Client thread/INFO] [STDOUT]: [com.silvaniastudios.roads.FurenikusRoads:debug:239]: [Fureniku's Roads] Found 169 internal paint files. Loading...
[09:25:35] [Client thread/INFO] [STDOUT]: [com.silvaniastudios.roads.FurenikusRoads:debug:239]: [Fureniku's Roads] Starting to load custom paint files
[09:25:35] [Client thread/INFO] [STDOUT]: [com.silvaniastudios.roads.FurenikusRoads:debug:239]: [Fureniku's Roads] No custom paint files found; skipping custom paint loading.
[09:25:35] [Client thread/INFO] [STDOUT]: [com.silvaniastudios.roads.registries.DynamicBlockRegistry:register:42]: Final: 0
[09:25:35] [Client thread/INFO] [industrialrenewal]: Industrial Renewal is loading preInit!
[09:25:36] [Cleanroom Version Check/INFO] [forge.VersionCheck]: [engineersdecor] Found status: AHEAD Target: null
[09:25:36] [Cleanroom Version Check/INFO] [forge.VersionCheck]: [cleanroom] Starting version check at https://download.cleanroommc.com/api/forge
[09:25:36] [Client thread/INFO] [industrialrenewal]: Done!
[09:25:36] [Client thread/INFO] [hbm]: Advanced rendering fully supported
[09:25:36] [Client thread/ERROR] [hbm]: Shader effects manually disabled
[09:25:36] [Cleanroom Version Check/INFO] [forge.VersionCheck]: [cleanroom] Found status: BETA Target: null
[09:25:36] [Cleanroom Version Check/INFO] [forge.VersionCheck]: [forge] Starting version check at https://files.minecraftforge.net/net/minecraftforge/forge/promotions_slim.json
[09:25:36] [Cleanroom Version Check/INFO] [forge.VersionCheck]: [forge] Found status: BETA Target: null
[09:25:36] [Cleanroom Version Check/INFO] [forge.VersionCheck]: [gbook] Starting version check at https://raw.githubusercontent.com/gigaherz/guidebook/master/update.json
[09:25:36] [Cleanroom Version Check/INFO] [forge.VersionCheck]: [gbook] Found status: AHEAD Target: null
[09:25:36] [Cleanroom Version Check/INFO] [forge.VersionCheck]: [industrialrenewal] Starting version check at https://raw.githubusercontent.com/Cassiobsk8/Industrial_Renewal/master/update.json
[09:25:36] [Cleanroom Version Check/INFO] [forge.VersionCheck]: [fugue] Starting version check at https://forge.curseupdate.com/1005815/fugue
[09:25:36] [Cleanroom Version Check/INFO] [forge.VersionCheck]: [fugue] Found status: UP_TO_DATE Target: null
[09:25:36] [Cleanroom Version Check/INFO] [forge.VersionCheck]: [immersiveengineering] Starting version check at https://raw.githubusercontent.com/BluSunrize/ImmersiveEngineering/master/changelog.json
[09:25:37] [Cleanroom Version Check/INFO] [forge.VersionCheck]: [immersiveengineering] Found status: AHEAD Target: null
[09:25:38] [NTM Version Checker/INFO] [hbm]: Searching for new versions...
[09:25:38] [NTM Version Checker/INFO] [hbm]: Found remote modVersion 2.5.0.5 (up to date)
[09:25:38] [NTM Version Checker/INFO] [hbm]: Version checker ended.
[09:25:38] [Client thread/ERROR] [hbm]: ComparableStack holds an item that does not seem to be registered. How does that even happen?
[09:25:38] [Client thread/INFO] [STDERR]: [java.lang.Thread:dumpStack:2045]: java.lang.Exception: Stack trace
[09:25:38] [Client thread/INFO] [STDERR]: [java.lang.Thread:dumpStack:2045]: 	at java.base/java.lang.Thread.dumpStack(Thread.java:2045)
[09:25:38] [Client thread/INFO] [STDERR]: [java.lang.Thread:dumpStack:2045]: 	at com.hbm.inventory.RecipesCommon$ComparableStack.hashCode(RecipesCommon.java:265)
[09:25:38] [Client thread/INFO] [STDERR]: [java.lang.Thread:dumpStack:2045]: 	at java.base/java.util.HashMap.hash(HashMap.java:338)
[09:25:38] [Client thread/INFO] [STDERR]: [java.lang.Thread:dumpStack:2045]: 	at java.base/java.util.HashMap.put(HashMap.java:619)
[09:25:38] [Client thread/INFO] [STDERR]: [java.lang.Thread:dumpStack:2045]: 	at com.hbm.wiaj.cannery.Jars.initJars(Jars.java:25)
[09:25:38] [Client thread/INFO] [STDERR]: [java.lang.Thread:dumpStack:2045]: 	at com.hbm.main.ClientProxy.registerRenderInfo(ClientProxy.java:176)
[09:25:38] [Client thread/INFO] [STDERR]: [java.lang.Thread:dumpStack:2045]: 	at com.hbm.main.MainRegistry.preInit(MainRegistry.java:246)
[09:25:38] [Client thread/INFO] [STDERR]: [java.lang.Thread:dumpStack:2045]: 	at java.base/jdk.internal.reflect.DirectMethodHandleAccessor.invoke(DirectMethodHandleAccessor.java:104)
[09:25:38] [Client thread/INFO] [STDERR]: [java.lang.Thread:dumpStack:2045]: 	at java.base/java.lang.reflect.Method.invoke(Method.java:565)
[09:25:38] [Client thread/INFO] [STDERR]: [java.lang.Thread:dumpStack:2045]: 	at net.minecraftforge.fml.common.FMLModContainer.handleModStateEvent(FMLModContainer.java:654)
[09:25:38] [Client thread/INFO] [STDERR]: [java.lang.Thread:dumpStack:2045]: 	at java.base/jdk.internal.reflect.DirectMethodHandleAccessor.invoke(DirectMethodHandleAccessor.java:104)
[09:25:38] [Client thread/INFO] [STDERR]: [java.lang.Thread:dumpStack:2045]: 	at java.base/java.lang.reflect.Method.invoke(Method.java:565)
[09:25:38] [Client thread/INFO] [STDERR]: [java.lang.Thread:dumpStack:2045]: 	at com.google.common.eventbus.Subscriber.invokeSubscriberMethod(Subscriber.java:84)
[09:25:38] [Client thread/INFO] [STDERR]: [java.lang.Thread:dumpStack:2045]: 	at com.google.common.eventbus.Subscriber$SynchronizedSubscriber.invokeSubscriberMethod(Subscriber.java:141)
[09:25:38] [Client thread/INFO] [STDERR]: [java.lang.Thread:dumpStack:2045]: 	at com.google.common.eventbus.Subscriber.lambda$dispatchEvent$0(Subscriber.java:70)
[09:25:38] [Client thread/INFO] [STDERR]: [java.lang.Thread:dumpStack:2045]: 	at com.google.common.util.concurrent.DirectExecutor.execute(DirectExecutor.java:30)
[09:25:38] [Client thread/INFO] [STDERR]: [java.lang.Thread:dumpStack:2045]: 	at com.google.common.eventbus.Subscriber.dispatchEvent(Subscriber.java:67)
[09:25:38] [Client thread/INFO] [STDERR]: [java.lang.Thread:dumpStack:2045]: 	at com.google.common.eventbus.Dispatcher$PerThreadQueuedDispatcher.dispatch(Dispatcher.java:112)
[09:25:38] [Client thread/INFO] [STDERR]: [java.lang.Thread:dumpStack:2045]: 	at com.google.common.eventbus.EventBus.post(EventBus.java:262)
[09:25:38] [Client thread/INFO] [STDERR]: [java.lang.Thread:dumpStack:2045]: 	at net.minecraftforge.fml.common.LoadController.sendEventToModContainer(LoadController.java:218)
[09:25:38] [Client thread/INFO] [STDERR]: [java.lang.Thread:dumpStack:2045]: 	at net.minecraftforge.fml.common.LoadController.propogateStateMessage(LoadController.java:196)
[09:25:38] [Client thread/INFO] [STDERR]: [java.lang.Thread:dumpStack:2045]: 	at java.base/jdk.internal.reflect.DirectMethodHandleAccessor.invoke(DirectMethodHandleAccessor.java:104)
[09:25:38] [Client thread/INFO] [STDERR]: [java.lang.Thread:dumpStack:2045]: 	at java.base/java.lang.reflect.Method.invoke(Method.java:565)
[09:25:38] [Client thread/INFO] [STDERR]: [java.lang.Thread:dumpStack:2045]: 	at com.google.common.eventbus.Subscriber.invokeSubscriberMethod(Subscriber.java:84)
[09:25:38] [Client thread/INFO] [STDERR]: [java.lang.Thread:dumpStack:2045]: 	at com.google.common.eventbus.Subscriber$SynchronizedSubscriber.invokeSubscriberMethod(Subscriber.java:141)
[09:25:38] [Client thread/INFO] [STDERR]: [java.lang.Thread:dumpStack:2045]: 	at com.google.common.eventbus.Subscriber.lambda$dispatchEvent$0(Subscriber.java:70)
[09:25:38] [Client thread/INFO] [STDERR]: [java.lang.Thread:dumpStack:2045]: 	at com.google.common.util.concurrent.DirectExecutor.execute(DirectExecutor.java:30)
[09:25:38] [Client thread/INFO] [STDERR]: [java.lang.Thread:dumpStack:2045]: 	at com.google.common.eventbus.Subscriber.dispatchEvent(Subscriber.java:67)
[09:25:38] [Client thread/INFO] [STDERR]: [java.lang.Thread:dumpStack:2045]: 	at com.google.common.eventbus.Dispatcher$PerThreadQueuedDispatcher.dispatch(Dispatcher.java:112)
[09:25:38] [Client thread/INFO] [STDERR]: [java.lang.Thread:dumpStack:2045]: 	at com.google.common.eventbus.EventBus.post(EventBus.java:262)
[09:25:38] [Client thread/INFO] [STDERR]: [java.lang.Thread:dumpStack:2045]: 	at net.minecraftforge.fml.common.LoadController.distributeStateMessage(LoadController.java:132)
[09:25:38] [Client thread/INFO] [STDERR]: [java.lang.Thread:dumpStack:2045]: 	at net.minecraftforge.fml.common.Loader.preinitializeMods(Loader.java:584)
[09:25:38] [Client thread/INFO] [STDERR]: [java.lang.Thread:dumpStack:2045]: 	at net.minecraftforge.fml.client.FMLClientHandler.beginMinecraftLoading(FMLClientHandler.java:273)
[09:25:38] [Client thread/INFO] [STDERR]: [java.lang.Thread:dumpStack:2045]: 	at net.minecraft.client.Minecraft.func_71384_a(Minecraft.java:463)
[09:25:38] [Client thread/INFO] [STDERR]: [java.lang.Thread:dumpStack:2045]: 	at net.minecraft.client.Minecraft.func_99999_d(Minecraft.java:374)
[09:25:38] [Client thread/INFO] [STDERR]: [java.lang.Thread:dumpStack:2045]: 	at net.minecraft.client.main.Main.main(SourceFile:123)
[09:25:38] [Client thread/INFO] [STDERR]: [java.lang.Thread:dumpStack:2045]: 	at top.outlands.foundation.LaunchHandler.launch(LaunchHandler.java:125)
[09:25:38] [Client thread/INFO] [STDERR]: [java.lang.Thread:dumpStack:2045]: 	at top.outlands.foundation.boot.Foundation.main(Foundation.java:43)
[09:25:38] [Client thread/INFO] [STDERR]: [java.lang.Thread:dumpStack:2045]: 	at org.prismlauncher.launcher.impl.StandardLauncher.launch(StandardLauncher.java:115)
[09:25:38] [Client thread/INFO] [STDERR]: [java.lang.Thread:dumpStack:2045]: 	at org.prismlauncher.EntryPoint.listen(EntryPoint.java:129)
[09:25:38] [Client thread/INFO] [STDERR]: [java.lang.Thread:dumpStack:2045]: 	at org.prismlauncher.EntryPoint.main(EntryPoint.java:70)
[09:25:38] [Client thread/INFO] [hbm]: [QMAW] Reloading manual...
[09:25:38] [Client thread/ERROR] [hbm]: Error reading stack array ["hbm:fluid_icon",1,10] - defaulting to NOTHING item!
[09:25:38] [Client thread/INFO] [hbm]: [QMAW] Found manual fluids/crude_oil.json
[09:25:38] [Client thread/ERROR] [hbm]: Error reading stack array ["hbm:fusion_boiler",1,0] - defaulting to NOTHING item!
[09:25:38] [Client thread/ERROR] [hbm]: Error reading stack array ["hbm:fusion_boiler"] - defaulting to NOTHING item!
[09:25:38] [Client thread/INFO] [hbm]: [QMAW] Manual fusion/boiler.json references nonexistant trigger ["hbm:fusion_boiler"]
[09:25:38] [Client thread/INFO] [hbm]: [QMAW] Found manual fusion/boiler.json
[09:25:38] [Client thread/ERROR] [hbm]: Error reading stack array ["hbm:fusion_breeder",1,0] - defaulting to NOTHING item!
[09:25:38] [Client thread/ERROR] [hbm]: Error reading stack array ["hbm:fusion_breeder"] - defaulting to NOTHING item!
[09:25:38] [Client thread/INFO] [hbm]: [QMAW] Manual fusion/breeder.json references nonexistant trigger ["hbm:fusion_breeder"]
[09:25:38] [Client thread/INFO] [hbm]: [QMAW] Found manual fusion/breeder.json
[09:25:38] [Client thread/ERROR] [hbm]: Error reading stack array ["hbm:fusion_collector",1,0] - defaulting to NOTHING item!
[09:25:38] [Client thread/ERROR] [hbm]: Error reading stack array ["hbm:fusion_collector"] - defaulting to NOTHING item!
[09:25:38] [Client thread/INFO] [hbm]: [QMAW] Manual fusion/collector.json references nonexistant trigger ["hbm:fusion_collector"]
[09:25:38] [Client thread/INFO] [hbm]: [QMAW] Found manual fusion/collector.json
[09:25:38] [Client thread/ERROR] [hbm]: Error reading stack array ["hbm:fusion_coupler",1,0] - defaulting to NOTHING item!
[09:25:38] [Client thread/ERROR] [hbm]: Error reading stack array ["hbm:fusion_coupler"] - defaulting to NOTHING item!
[09:25:38] [Client thread/INFO] [hbm]: [QMAW] Manual fusion/coupler.json references nonexistant trigger ["hbm:fusion_coupler"]
[09:25:38] [Client thread/INFO] [hbm]: [QMAW] Found manual fusion/coupler.json
[09:25:38] [Client thread/ERROR] [hbm]: Error reading stack array ["hbm:fusion_torus",1,0] - defaulting to NOTHING item!
[09:25:38] [Client thread/INFO] [hbm]: [QMAW] Found manual fusion/fusionreactor.json
[09:25:38] [Client thread/ERROR] [hbm]: Error reading stack array ["hbm:fusion_klystron",1,0] - defaulting to NOTHING item!
[09:25:38] [Client thread/ERROR] [hbm]: Error reading stack array ["hbm:fusion_klystron"] - defaulting to NOTHING item!
[09:25:38] [Client thread/INFO] [hbm]: [QMAW] Manual fusion/klystron.json references nonexistant trigger ["hbm:fusion_klystron"]
[09:25:38] [Client thread/INFO] [hbm]: [QMAW] Found manual fusion/klystron.json
[09:25:38] [Client thread/ERROR] [hbm]: Error reading stack array ["hbm:fusion_mhdt",1,0] - defaulting to NOTHING item!
[09:25:38] [Client thread/ERROR] [hbm]: Error reading stack array ["hbm:fusion_mhdt"] - defaulting to NOTHING item!
[09:25:38] [Client thread/INFO] [hbm]: [QMAW] Manual fusion/mhdt.json references nonexistant trigger ["hbm:fusion_mhdt"]
[09:25:38] [Client thread/INFO] [hbm]: [QMAW] Found manual fusion/mhdt.json
[09:25:38] [Client thread/ERROR] [hbm]: Error reading stack array ["hbm:fusion_torus",1,0] - defaulting to NOTHING item!
[09:25:38] [Client thread/ERROR] [hbm]: Error reading stack array ["hbm:fusion_torus"] - defaulting to NOTHING item!
[09:25:38] [Client thread/INFO] [hbm]: [QMAW] Manual fusion/torus.json references nonexistant trigger ["hbm:fusion_torus"]
[09:25:38] [Client thread/INFO] [hbm]: [QMAW] Found manual fusion/torus.json
[09:25:38] [Client thread/ERROR] [hbm]: Error reading stack array ["hbm:ore_oil",1,0] - defaulting to NOTHING item!
[09:25:38] [Client thread/ERROR] [hbm]: Error reading stack array ["hbm:ore_oil"] - defaulting to NOTHING item!
[09:25:38] [Client thread/INFO] [hbm]: [QMAW] Manual guide/oil.json references nonexistant trigger ["hbm:ore_oil"]
[09:25:38] [Client thread/ERROR] [hbm]: Error reading stack array ["hbm:oil_detector",1,0] - defaulting to NOTHING item!
[09:25:38] [Client thread/INFO] [hbm]: [QMAW] Manual guide/oil.json references nonexistant trigger ["hbm:oil_detector",1,0]
[09:25:38] [Client thread/INFO] [hbm]: [QMAW] Found manual guide/oil.json
[09:25:38] [Client thread/ERROR] [hbm]: Error reading stack array ["hbm:machine_refinery",1,0] - defaulting to NOTHING item!
[09:25:38] [Client thread/INFO] [hbm]: [QMAW] Found manual guide/oil1.json
[09:25:38] [Client thread/ERROR] [hbm]: Error reading stack array ["hbm:machine_catalytic_cracker",1,0] - defaulting to NOTHING item!
[09:25:38] [Client thread/INFO] [hbm]: [QMAW] Found manual guide/oil2.json
[09:25:38] [Client thread/ERROR] [hbm]: Error reading stack array ["hbm:machine_vacuum_distill",1,0] - defaulting to NOTHING item!
[09:25:38] [Client thread/INFO] [hbm]: [QMAW] Found manual guide/oil3.json
[09:25:38] [Client thread/ERROR] [hbm]: Error reading stack array ["hbm:machine_crystallizer",1,0] - defaulting to NOTHING item!
[09:25:38] [Client thread/ERROR] [hbm]: Error reading stack array ["hbm:machine_crystallizer"] - defaulting to NOTHING item!
[09:25:38] [Client thread/INFO] [hbm]: [QMAW] Manual machine/acidizer.json references nonexistant trigger ["hbm:machine_crystallizer"]
[09:25:38] [Client thread/INFO] [hbm]: [QMAW] Found manual machine/acidizer.json
[09:25:38] [Client thread/ERROR] [hbm]: Error reading stack array ["hbm:anvil_iron",1,0] - defaulting to NOTHING item!
[09:25:38] [Client thread/ERROR] [hbm]: Error reading stack array ["hbm:anvil_iron"] - defaulting to NOTHING item!
[09:25:38] [Client thread/INFO] [hbm]: [QMAW] Manual machine/anvil.json references nonexistant trigger ["hbm:anvil_iron"]
[09:25:38] [Client thread/ERROR] [hbm]: Error reading stack array ["hbm:anvil_lead"] - defaulting to NOTHING item!
[09:25:38] [Client thread/INFO] [hbm]: [QMAW] Manual machine/anvil.json references nonexistant trigger ["hbm:anvil_lead"]
[09:25:38] [Client thread/ERROR] [hbm]: Error reading stack array ["hbm:anvil_steel"] - defaulting to NOTHING item!
[09:25:38] [Client thread/INFO] [hbm]: [QMAW] Manual machine/anvil.json references nonexistant trigger ["hbm:anvil_steel"]
[09:25:38] [Client thread/ERROR] [hbm]: Error reading stack array ["hbm:anvil_desh"] - defaulting to NOTHING item!
[09:25:38] [Client thread/INFO] [hbm]: [QMAW] Manual machine/anvil.json references nonexistant trigger ["hbm:anvil_desh"]
[09:25:38] [Client thread/ERROR] [hbm]: Error reading stack array ["hbm:anvil_ferrouranium"] - defaulting to NOTHING item!
[09:25:38] [Client thread/INFO] [hbm]: [QMAW] Manual machine/anvil.json references nonexistant trigger ["hbm:anvil_ferrouranium"]
[09:25:38] [Client thread/ERROR] [hbm]: Error reading stack array ["hbm:anvil_saturnite"] - defaulting to NOTHING item!
[09:25:38] [Client thread/INFO] [hbm]: [QMAW] Manual machine/anvil.json references nonexistant trigger ["hbm:anvil_saturnite"]
[09:25:38] [Client thread/ERROR] [hbm]: Error reading stack array ["hbm:anvil_bismuth_bronze"] - defaulting to NOTHING item!
[09:25:38] [Client thread/INFO] [hbm]: [QMAW] Manual machine/anvil.json references nonexistant trigger ["hbm:anvil_bismuth_bronze"]
[09:25:38] [Client thread/ERROR] [hbm]: Error reading stack array ["hbm:anvil_arsenic_bronze"] - defaulting to NOTHING item!
[09:25:38] [Client thread/INFO] [hbm]: [QMAW] Manual machine/anvil.json references nonexistant trigger ["hbm:anvil_arsenic_bronze"]
[09:25:38] [Client thread/ERROR] [hbm]: Error reading stack array ["hbm:anvil_schrabidate"] - defaulting to NOTHING item!
[09:25:38] [Client thread/INFO] [hbm]: [QMAW] Manual machine/anvil.json references nonexistant trigger ["hbm:anvil_schrabidate"]
[09:25:38] [Client thread/ERROR] [hbm]: Error reading stack array ["hbm:anvil_dnt"] - defaulting to NOTHING item!
[09:25:38] [Client thread/INFO] [hbm]: [QMAW] Manual machine/anvil.json references nonexistant trigger ["hbm:anvil_dnt"]
[09:25:38] [Client thread/ERROR] [hbm]: Error reading stack array ["hbm:anvil_osmiridium"] - defaulting to NOTHING item!
[09:25:38] [Client thread/INFO] [hbm]: [QMAW] Manual machine/anvil.json references nonexistant trigger ["hbm:anvil_osmiridium"]
[09:25:38] [Client thread/ERROR] [hbm]: Error reading stack array ["hbm:anvil_murky"] - defaulting to NOTHING item!
[09:25:38] [Client thread/INFO] [hbm]: [QMAW] Manual machine/anvil.json references nonexistant trigger ["hbm:anvil_murky"]
[09:25:38] [Client thread/INFO] [hbm]: [QMAW] Found manual machine/anvil.json
[09:25:38] [Client thread/ERROR] [hbm]: Error reading stack array ["hbm:machine_arc_welder",1,0] - defaulting to NOTHING item!
[09:25:38] [Client thread/ERROR] [hbm]: Error reading stack array ["hbm:machine_arc_welder"] - defaulting to NOTHING item!
[09:25:38] [Client thread/INFO] [hbm]: [QMAW] Manual machine/arc_welder.json references nonexistant trigger ["hbm:machine_arc_welder"]
[09:25:38] [Client thread/INFO] [hbm]: [QMAW] Found manual machine/arc_welder.json
[09:25:38] [Client thread/ERROR] [hbm]: Error reading stack array ["hbm:machine_ashpit",1,0] - defaulting to NOTHING item!
[09:25:38] [Client thread/ERROR] [hbm]: Error reading stack array ["hbm:machine_ashpit"] - defaulting to NOTHING item!
[09:25:38] [Client thread/INFO] [hbm]: [QMAW] Manual machine/ashpit.json references nonexistant trigger ["hbm:machine_ashpit"]
[09:25:38] [Client thread/INFO] [hbm]: [QMAW] Found manual machine/ashpit.json
[09:25:38] [Client thread/ERROR] [hbm]: Error reading stack array ["hbm:machine_assembly_machine",1,0] - defaulting to NOTHING item!
[09:25:38] [Client thread/ERROR] [hbm]: Error reading stack array ["hbm:machine_assembly_machine"] - defaulting to NOTHING item!
[09:25:38] [Client thread/INFO] [hbm]: [QMAW] Manual machine/assembler.json references nonexistant trigger ["hbm:machine_assembly_machine"]
[09:25:38] [Client thread/INFO] [hbm]: [QMAW] Found manual machine/assembler.json
[09:25:38] [Client thread/ERROR] [hbm]: Error reading stack array ["hbm:tile.machine_blast_furnace",1,0] - defaulting to NOTHING item!
[09:25:38] [Client thread/ERROR] [hbm]: Error reading stack array ["hbm:tile.machine_blast_furnace"] - defaulting to NOTHING item!
[09:25:38] [Client thread/INFO] [hbm]: [QMAW] Manual machine/blastfurnace.json references nonexistant trigger ["hbm:tile.machine_blast_furnace"]
[09:25:38] [Client thread/INFO] [hbm]: [QMAW] Found manual machine/blastfurnace.json
[09:25:38] [Client thread/ERROR] [hbm]: Error reading stack array ["hbm:heat_boiler",1,0] - defaulting to NOTHING item!
[09:25:38] [Client thread/ERROR] [hbm]: Error reading stack array ["hbm:heat_boiler"] - defaulting to NOTHING item!
[09:25:38] [Client thread/INFO] [hbm]: [QMAW] Manual machine/boiler.json references nonexistant trigger ["hbm:heat_boiler"]
[09:25:38] [Client thread/ERROR] [hbm]: Error reading stack array ["hbm:machine_industrial_boiler"] - defaulting to NOTHING item!
[09:25:38] [Client thread/INFO] [hbm]: [QMAW] Manual machine/boiler.json references nonexistant trigger ["hbm:machine_industrial_boiler"]
[09:25:38] [Client thread/INFO] [hbm]: [QMAW] Found manual machine/boiler.json
[09:25:38] [Client thread/ERROR] [hbm]: Error reading stack array ["hbm:machine_centrifuge",1,0] - defaulting to NOTHING item!
[09:25:38] [Client thread/ERROR] [hbm]: Error reading stack array ["hbm:machine_centrifuge"] - defaulting to NOTHING item!
[09:25:38] [Client thread/INFO] [hbm]: [QMAW] Manual machine/centrifuge.json references nonexistant trigger ["hbm:machine_centrifuge"]
[09:25:38] [Client thread/INFO] [hbm]: [QMAW] Found manual machine/centrifuge.json
[09:25:38] [Client thread/ERROR] [hbm]: Error reading stack array ["hbm:machine_chemical_plant",1,0] - defaulting to NOTHING item!
[09:25:38] [Client thread/ERROR] [hbm]: Error reading stack array ["hbm:machine_chemical_plant"] - defaulting to NOTHING item!
[09:25:38] [Client thread/INFO] [hbm]: [QMAW] Manual machine/chemplant.json references nonexistant trigger ["hbm:machine_chemical_plant"]
[09:25:38] [Client thread/INFO] [hbm]: [QMAW] Found manual machine/chemplant.json
[09:25:38] [Client thread/ERROR] [hbm]: Error reading stack array ["hbm:machine_coker",1,0] - defaulting to NOTHING item!
[09:25:38] [Client thread/ERROR] [hbm]: Error reading stack array ["hbm:machine_coker"] - defaulting to NOTHING item!
[09:25:38] [Client thread/INFO] [hbm]: [QMAW] Manual machine/coker.json references nonexistant trigger ["hbm:machine_coker"]
[09:25:38] [Client thread/INFO] [hbm]: [QMAW] Found manual machine/coker.json
[09:25:38] [Client thread/ERROR] [hbm]: Error reading stack array ["hbm:furnace_combination",1,0] - defaulting to NOTHING item!
[09:25:38] [Client thread/ERROR] [hbm]: Error reading stack array ["hbm:furnace_combination"] - defaulting to NOTHING item!
[09:25:38] [Client thread/INFO] [hbm]: [QMAW] Manual machine/comboven.json references nonexistant trigger ["hbm:furnace_combination"]
[09:25:38] [Client thread/INFO] [hbm]: [QMAW] Found manual machine/comboven.json
[09:25:38] [Client thread/ERROR] [hbm]: Error reading stack array ["hbm:machine_condenser",1,0] - defaulting to NOTHING item!
[09:25:38] [Client thread/ERROR] [hbm]: Error reading stack array ["hbm:machine_condenser"] - defaulting to NOTHING item!
[09:25:38] [Client thread/INFO] [hbm]: [QMAW] Manual machine/condenser.json references nonexistant trigger ["hbm:machine_condenser"]
[09:25:38] [Client thread/ERROR] [hbm]: Error reading stack array ["hbm:machine_condenser_powered"] - defaulting to NOTHING item!
[09:25:38] [Client thread/INFO] [hbm]: [QMAW] Manual machine/condenser.json references nonexistant trigger ["hbm:machine_condenser_powered"]
[09:25:38] [Client thread/ERROR] [hbm]: Error reading stack array ["hbm:machine_tower_small"] - defaulting to NOTHING item!
[09:25:38] [Client thread/INFO] [hbm]: [QMAW] Manual machine/condenser.json references nonexistant trigger ["hbm:machine_tower_small"]
[09:25:38] [Client thread/ERROR] [hbm]: Error reading stack array ["hbm:machine_tower_large"] - defaulting to NOTHING item!
[09:25:38] [Client thread/INFO] [hbm]: [QMAW] Manual machine/condenser.json references nonexistant trigger ["hbm:machine_tower_large"]
[09:25:38] [Client thread/INFO] [hbm]: [QMAW] Found manual machine/condenser.json
[09:25:38] [Client thread/ERROR] [hbm]: Error reading stack array ["hbm:machine_catalytic_cracker",1,0] - defaulting to NOTHING item!
[09:25:38] [Client thread/ERROR] [hbm]: Error reading stack array ["hbm:machine_catalytic_cracker"] - defaulting to NOTHING item!
[09:25:38] [Client thread/INFO] [hbm]: [QMAW] Manual machine/crackingtower.json references nonexistant trigger ["hbm:machine_catalytic_cracker"]
[09:25:38] [Client thread/INFO] [hbm]: [QMAW] Found manual machine/crackingtower.json
[09:25:38] [Client thread/ERROR] [hbm]: Error reading stack array ["hbm:machine_well",1,0] - defaulting to NOTHING item!
[09:25:38] [Client thread/ERROR] [hbm]: Error reading stack array ["hbm:machine_well"] - defaulting to NOTHING item!
[09:25:38] [Client thread/INFO] [hbm]: [QMAW] Manual machine/derrick.json references nonexistant trigger ["hbm:machine_well"]
[09:25:38] [Client thread/INFO] [hbm]: [QMAW] Found manual machine/derrick.json
[09:25:38] [Client thread/ERROR] [hbm]: Error reading stack array ["hbm:machine_diesel",1,0] - defaulting to NOTHING item!
[09:25:38] [Client thread/ERROR] [hbm]: Error reading stack array ["hbm:machine_diesel"] - defaulting to NOTHING item!
[09:25:38] [Client thread/INFO] [hbm]: [QMAW] Manual machine/dieselgen.json references nonexistant trigger ["hbm:machine_diesel"]
[09:25:38] [Client thread/INFO] [hbm]: [QMAW] Found manual machine/dieselgen.json
[09:25:38] [Client thread/ERROR] [hbm]: Error reading stack array ["hbm:heater_electric",1,0] - defaulting to NOTHING item!
[09:25:38] [Client thread/ERROR] [hbm]: Error reading stack array ["hbm:heater_electric"] - defaulting to NOTHING item!
[09:25:38] [Client thread/INFO] [hbm]: [QMAW] Manual machine/electricheater.json references nonexistant trigger ["hbm:heater_electric"]
[09:25:38] [Client thread/INFO] [hbm]: [QMAW] Found manual machine/electricheater.json
[09:25:38] [Client thread/ERROR] [hbm]: Error reading stack array ["hbm:heater_firebox",1,0] - defaulting to NOTHING item!
[09:25:38] [Client thread/ERROR] [hbm]: Error reading stack array ["hbm:heater_firebox"] - defaulting to NOTHING item!
[09:25:38] [Client thread/INFO] [hbm]: [QMAW] Manual machine/firebox.json references nonexistant trigger ["hbm:heater_firebox"]
[09:25:38] [Client thread/INFO] [hbm]: [QMAW] Found manual machine/firebox.json
[09:25:38] [Client thread/ERROR] [hbm]: Error reading stack array ["hbm:machine_fracking_tower",1,0] - defaulting to NOTHING item!
[09:25:38] [Client thread/ERROR] [hbm]: Error reading stack array ["hbm:machine_fracking_tower"] - defaulting to NOTHING item!
[09:25:38] [Client thread/INFO] [hbm]: [QMAW] Manual machine/fracker.json references nonexistant trigger ["hbm:machine_fracking_tower"]
[09:25:38] [Client thread/INFO] [hbm]: [QMAW] Found manual machine/fracker.json
[09:25:38] [Client thread/ERROR] [hbm]: Error reading stack array ["hbm:machine_fraction_tower",1,0] - defaulting to NOTHING item!
[09:25:38] [Client thread/ERROR] [hbm]: Error reading stack array ["hbm:machine_fraction_tower"] - defaulting to NOTHING item!
[09:25:38] [Client thread/INFO] [hbm]: [QMAW] Manual machine/fractioning.json references nonexistant trigger ["hbm:machine_fraction_tower"]
[09:25:38] [Client thread/INFO] [hbm]: [QMAW] Found manual machine/fractioning.json
[09:25:38] [Client thread/ERROR] [hbm]: Error reading stack array ["hbm:heater_heatex",1,0] - defaulting to NOTHING item!
[09:25:38] [Client thread/ERROR] [hbm]: Error reading stack array ["hbm:heater_heatex"] - defaulting to NOTHING item!
[09:25:38] [Client thread/INFO] [hbm]: [QMAW] Manual machine/heatexchanger.json references nonexistant trigger ["hbm:heater_heatex"]
[09:25:38] [Client thread/INFO] [hbm]: [QMAW] Found manual machine/heatexchanger.json
[09:25:38] [Client thread/ERROR] [hbm]: Error reading stack array ["hbm:heater_oven",1,0] - defaulting to NOTHING item!
[09:25:38] [Client thread/ERROR] [hbm]: Error reading stack array ["hbm:heater_oven"] - defaulting to NOTHING item!
[09:25:38] [Client thread/INFO] [hbm]: [QMAW] Manual machine/heatingoven.json references nonexistant trigger ["hbm:heater_oven"]
[09:25:38] [Client thread/INFO] [hbm]: [QMAW] Found manual machine/heatingoven.json
[09:25:38] [Client thread/ERROR] [hbm]: Error reading stack array ["hbm:heater_firebox",1,0] - defaulting to NOTHING item!
[09:25:38] [Client thread/INFO] [hbm]: [QMAW] Found manual machine/heatsource.json
[09:25:38] [Client thread/ERROR] [hbm]: Error reading stack array ["hbm:machine_combustion_engine",1,0] - defaulting to NOTHING item!
[09:25:38] [Client thread/ERROR] [hbm]: Error reading stack array ["hbm:machine_combustion_engine"] - defaulting to NOTHING item!
[09:25:38] [Client thread/INFO] [hbm]: [QMAW] Manual machine/ice.json references nonexistant trigger ["hbm:machine_combustion_engine"]
[09:25:38] [Client thread/INFO] [hbm]: [QMAW] Found manual machine/ice.json
[09:25:38] [Client thread/ERROR] [hbm]: Error reading stack array ["hbm:machine_mixer",1,0] - defaulting to NOTHING item!
[09:25:38] [Client thread/ERROR] [hbm]: Error reading stack array ["hbm:machine_mixer"] - defaulting to NOTHING item!
[09:25:38] [Client thread/INFO] [hbm]: [QMAW] Manual machine/mixer.json references nonexistant trigger ["hbm:machine_mixer"]
[09:25:38] [Client thread/INFO] [hbm]: [QMAW] Found manual machine/mixer.json
[09:25:38] [Client thread/ERROR] [hbm]: Error reading stack array ["hbm:heater_oilburner",1,0] - defaulting to NOTHING item!
[09:25:38] [Client thread/ERROR] [hbm]: Error reading stack array ["hbm:heater_oilburner"] - defaulting to NOTHING item!
[09:25:38] [Client thread/INFO] [hbm]: [QMAW] Manual machine/oilburner.json references nonexistant trigger ["hbm:heater_oilburner"]
[09:25:38] [Client thread/INFO] [hbm]: [QMAW] Found manual machine/oilburner.json
[09:25:38] [Client thread/ERROR] [hbm]: Error reading stack array ["hbm:machine_press",1,0] - defaulting to NOTHING item!
[09:25:38] [Client thread/ERROR] [hbm]: Error reading stack array ["hbm:machine_press"] - defaulting to NOTHING item!
[09:25:38] [Client thread/INFO] [hbm]: [QMAW] Manual machine/press.json references nonexistant trigger ["hbm:machine_press"]
[09:25:38] [Client thread/ERROR] [hbm]: Error reading stack array ["hbm:machine_epress"] - defaulting to NOTHING item!
[09:25:38] [Client thread/INFO] [hbm]: [QMAW] Manual machine/press.json references nonexistant trigger ["hbm:machine_epress"]
[09:25:38] [Client thread/ERROR] [hbm]: Error reading stack array ["hbm:machine_conveyor_press"] - defaulting to NOTHING item!
[09:25:38] [Client thread/INFO] [hbm]: [QMAW] Manual machine/press.json references nonexistant trigger ["hbm:machine_conveyor_press"]
[09:25:38] [Client thread/INFO] [hbm]: [QMAW] Found manual machine/press.json
[09:25:38] [Client thread/ERROR] [hbm]: Error reading stack array ["hbm:machine_pumpjack",1,0] - defaulting to NOTHING item!
[09:25:38] [Client thread/ERROR] [hbm]: Error reading stack array ["hbm:machine_pumpjack"] - defaulting to NOTHING item!
[09:25:38] [Client thread/INFO] [hbm]: [QMAW] Manual machine/pumpjack.json references nonexistant trigger ["hbm:machine_pumpjack"]
[09:25:38] [Client thread/INFO] [hbm]: [QMAW] Found manual machine/pumpjack.json
[09:25:38] [Client thread/ERROR] [hbm]: Error reading stack array ["hbm:machine_pyrooven",1,0] - defaulting to NOTHING item!
[09:25:38] [Client thread/ERROR] [hbm]: Error reading stack array ["hbm:machine_pyrooven"] - defaulting to NOTHING item!
[09:25:38] [Client thread/INFO] [hbm]: [QMAW] Manual machine/pyrooven.json references nonexistant trigger ["hbm:machine_pyrooven"]
[09:25:38] [Client thread/INFO] [hbm]: [QMAW] Found manual machine/pyrooven.json
[09:25:38] [Client thread/ERROR] [hbm]: Error reading stack array ["hbm:machine_refinery",1,0] - defaulting to NOTHING item!
[09:25:38] [Client thread/ERROR] [hbm]: Error reading stack array ["hbm:machine_refinery"] - defaulting to NOTHING item!
[09:25:38] [Client thread/INFO] [hbm]: [QMAW] Manual machine/refinery.json references nonexistant trigger ["hbm:machine_refinery"]
[09:25:38] [Client thread/INFO] [hbm]: [QMAW] Found manual machine/refinery.json
[09:25:38] [Client thread/ERROR] [hbm]: Error reading stack array ["hbm:machine_rotary_furnace",1,0] - defaulting to NOTHING item!
[09:25:38] [Client thread/ERROR] [hbm]: Error reading stack array ["hbm:machine_rotary_furnace"] - defaulting to NOTHING item!
[09:25:38] [Client thread/INFO] [hbm]: [QMAW] Manual machine/rotaryfurnace.json references nonexistant trigger ["hbm:machine_rotary_furnace"]
[09:25:38] [Client thread/INFO] [hbm]: [QMAW] Found manual machine/rotaryfurnace.json
[09:25:38] [Client thread/ERROR] [hbm]: Error reading stack array ["hbm:machine_shredder",1,0] - defaulting to NOTHING item!
[09:25:38] [Client thread/ERROR] [hbm]: Error reading stack array ["hbm:machine_shredder"] - defaulting to NOTHING item!
[09:25:38] [Client thread/INFO] [hbm]: [QMAW] Manual machine/shredder.json references nonexistant trigger ["hbm:machine_shredder"]
[09:25:38] [Client thread/INFO] [hbm]: [QMAW] Found manual machine/shredder.json
[09:25:38] [Client thread/ERROR] [hbm]: Error reading stack array ["hbm:machine_steam_engine",1,0] - defaulting to NOTHING item!
[09:25:38] [Client thread/ERROR] [hbm]: Error reading stack array ["hbm:machine_steam_engine"] - defaulting to NOTHING item!
[09:25:38] [Client thread/INFO] [hbm]: [QMAW] Manual machine/steamengine.json references nonexistant trigger ["hbm:machine_steam_engine"]
[09:25:38] [Client thread/INFO] [hbm]: [QMAW] Found manual machine/steamengine.json
[09:25:38] [Client thread/ERROR] [hbm]: Error reading stack array ["hbm:furnace_steel",1,0] - defaulting to NOTHING item!
[09:25:38] [Client thread/ERROR] [hbm]: Error reading stack array ["hbm:furnace_steel"] - defaulting to NOTHING item!
[09:25:38] [Client thread/INFO] [hbm]: [QMAW] Manual machine/steelfurnace.json references nonexistant trigger ["hbm:furnace_steel"]
[09:25:38] [Client thread/INFO] [hbm]: [QMAW] Found manual machine/steelfurnace.json
[09:25:38] [Client thread/ERROR] [hbm]: Error reading stack array ["hbm:machine_stirling",1,0] - defaulting to NOTHING item!
[09:25:38] [Client thread/ERROR] [hbm]: Error reading stack array ["hbm:machine_stirling"] - defaulting to NOTHING item!
[09:25:38] [Client thread/INFO] [hbm]: [QMAW] Manual machine/stirling.json references nonexistant trigger ["hbm:machine_stirling"]
[09:25:38] [Client thread/ERROR] [hbm]: Error reading stack array ["hbm:machine_stirling_steel"] - defaulting to NOTHING item!
[09:25:38] [Client thread/INFO] [hbm]: [QMAW] Manual machine/stirling.json references nonexistant trigger ["hbm:machine_stirling_steel"]
[09:25:38] [Client thread/INFO] [hbm]: [QMAW] Found manual machine/stirling.json
[09:25:38] [Client thread/ERROR] [hbm]: Error reading stack array ["hbm:machine_turbofan",1,0] - defaulting to NOTHING item!
[09:25:38] [Client thread/ERROR] [hbm]: Error reading stack array ["hbm:machine_turbofan"] - defaulting to NOTHING item!
[09:25:38] [Client thread/INFO] [hbm]: [QMAW] Manual machine/turbofan.json references nonexistant trigger ["hbm:machine_turbofan"]
[09:25:38] [Client thread/INFO] [hbm]: [QMAW] Found manual machine/turbofan.json
[09:25:38] [Client thread/ERROR] [hbm]: Error reading stack array ["hbm:machine_wood_burner",1,0] - defaulting to NOTHING item!
[09:25:38] [Client thread/ERROR] [hbm]: Error reading stack array ["hbm:machine_wood_burner"] - defaulting to NOTHING item!
[09:25:38] [Client thread/INFO] [hbm]: [QMAW] Manual machine/woodburner.json references nonexistant trigger ["hbm:machine_wood_burner"]
[09:25:38] [Client thread/INFO] [hbm]: [QMAW] Found manual machine/woodburner.json
[09:25:38] [Client thread/ERROR] [hbm]: Error reading stack array ["hbm:ingot_aluminium",1,0] - defaulting to NOTHING item!
[09:25:38] [Client thread/ERROR] [hbm]: Error reading stack array ["hbm:ingot_aluminium"] - defaulting to NOTHING item!
[09:25:38] [Client thread/INFO] [hbm]: [QMAW] Manual material/aluminium.json references nonexistant trigger ["hbm:ingot_aluminium"]
[09:25:38] [Client thread/ERROR] [hbm]: Error reading stack array ["hbm:plate_aluminium"] - defaulting to NOTHING item!
[09:25:38] [Client thread/INFO] [hbm]: [QMAW] Manual material/aluminium.json references nonexistant trigger ["hbm:plate_aluminium"]
[09:25:38] [Client thread/ERROR] [hbm]: Error reading stack array ["hbm:powder_aluminium"] - defaulting to NOTHING item!
[09:25:38] [Client thread/INFO] [hbm]: [QMAW] Manual material/aluminium.json references nonexistant trigger ["hbm:powder_aluminium"]
[09:25:38] [Client thread/INFO] [hbm]: [QMAW] Found manual material/aluminium.json
[09:25:38] [Client thread/ERROR] [hbm]: Error reading stack array ["hbm:ingot_arsenic",1,0] - defaulting to NOTHING item!
[09:25:38] [Client thread/ERROR] [hbm]: Error reading stack array ["hbm:ingot_arsenic"] - defaulting to NOTHING item!
[09:25:38] [Client thread/INFO] [hbm]: [QMAW] Manual material/arsenic.json references nonexistant trigger ["hbm:ingot_arsenic"]
[09:25:38] [Client thread/ERROR] [hbm]: Error reading stack array ["hbm:nugget_arsenic"] - defaulting to NOTHING item!
[09:25:38] [Client thread/INFO] [hbm]: [QMAW] Manual material/arsenic.json references nonexistant trigger ["hbm:nugget_arsenic"]
[09:25:38] [Client thread/INFO] [hbm]: [QMAW] Found manual material/arsenic.json
[09:25:38] [Client thread/ERROR] [hbm]: Error reading stack array ["hbm:ingot_arsenic_bronze",1,0] - defaulting to NOTHING item!
[09:25:38] [Client thread/ERROR] [hbm]: Error reading stack array ["hbm:ingot_arsenic_bronze"] - defaulting to NOTHING item!
[09:25:38] [Client thread/INFO] [hbm]: [QMAW] Manual material/arsenic_bronze.json references nonexistant trigger ["hbm:ingot_arsenic_bronze"]
[09:25:38] [Client thread/INFO] [hbm]: [QMAW] Found manual material/arsenic_bronze.json
[09:25:38] [Client thread/ERROR] [hbm]: Error reading stack array ["hbm:ingot_bakelite",1,0] - defaulting to NOTHING item!
[09:25:38] [Client thread/ERROR] [hbm]: Error reading stack array ["hbm:ingot_bakelite"] - defaulting to NOTHING item!
[09:25:38] [Client thread/INFO] [hbm]: [QMAW] Manual material/bakelite.json references nonexistant trigger ["hbm:ingot_bakelite"]
[09:25:38] [Client thread/ERROR] [hbm]: Error reading stack array ["hbm:powder_bakelite"] - defaulting to NOTHING item!
[09:25:38] [Client thread/INFO] [hbm]: [QMAW] Manual material/bakelite.json references nonexistant trigger ["hbm:powder_bakelite"]
[09:25:38] [Client thread/INFO] [hbm]: [QMAW] Found manual material/bakelite.json
[09:25:38] [Client thread/ERROR] [hbm]: Error reading stack array ["hbm:ingot_bismuth",1,0] - defaulting to NOTHING item!
[09:25:38] [Client thread/ERROR] [hbm]: Error reading stack array ["hbm:ingot_bismuth"] - defaulting to NOTHING item!
[09:25:38] [Client thread/INFO] [hbm]: [QMAW] Manual material/bismuth.json references nonexistant trigger ["hbm:ingot_bismuth"]
[09:25:38] [Client thread/ERROR] [hbm]: Error reading stack array ["hbm:billet_bismuth"] - defaulting to NOTHING item!
[09:25:38] [Client thread/INFO] [hbm]: [QMAW] Manual material/bismuth.json references nonexistant trigger ["hbm:billet_bismuth"]
[09:25:38] [Client thread/ERROR] [hbm]: Error reading stack array ["hbm:nugget_bismuth"] - defaulting to NOTHING item!
[09:25:38] [Client thread/INFO] [hbm]: [QMAW] Manual material/bismuth.json references nonexistant trigger ["hbm:nugget_bismuth"]
[09:25:38] [Client thread/ERROR] [hbm]: Error reading stack array ["hbm:powder_bismuth"] - defaulting to NOTHING item!
[09:25:38] [Client thread/INFO] [hbm]: [QMAW] Manual material/bismuth.json references nonexistant trigger ["hbm:powder_bismuth"]
[09:25:38] [Client thread/INFO] [hbm]: [QMAW] Found manual material/bismuth.json
[09:25:38] [Client thread/ERROR] [hbm]: Error reading stack array ["hbm:ingot_bismuth_bronze",1,0] - defaulting to NOTHING item!
[09:25:38] [Client thread/ERROR] [hbm]: Error reading stack array ["hbm:ingot_bismuth_bronze"] - defaulting to NOTHING item!
[09:25:38] [Client thread/INFO] [hbm]: [QMAW] Manual material/bismuth_bronze.json references nonexistant trigger ["hbm:ingot_bismuth_bronze"]
[09:25:38] [Client thread/INFO] [hbm]: [QMAW] Found manual material/bismuth_bronze.json
[09:25:38] [Client thread/ERROR] [hbm]: Error reading stack array ["hbm:powder_borax",1,0] - defaulting to NOTHING item!
[09:25:38] [Client thread/ERROR] [hbm]: Error reading stack array ["hbm:powder_borax"] - defaulting to NOTHING item!
[09:25:38] [Client thread/INFO] [hbm]: [QMAW] Manual material/borax.json references nonexistant trigger ["hbm:powder_borax"]
[09:25:38] [Client thread/INFO] [hbm]: [QMAW] Found manual material/borax.json
[09:25:38] [Client thread/ERROR] [hbm]: Error reading stack array ["hbm:ingot_boron",1,0] - defaulting to NOTHING item!
[09:25:38] [Client thread/ERROR] [hbm]: Error reading stack array ["hbm:ingot_boron"] - defaulting to NOTHING item!
[09:25:38] [Client thread/INFO] [hbm]: [QMAW] Manual material/boron.json references nonexistant trigger ["hbm:ingot_boron"]
[09:25:38] [Client thread/ERROR] [hbm]: Error reading stack array ["hbm:powder_boron"] - defaulting to NOTHING item!
[09:25:38] [Client thread/INFO] [hbm]: [QMAW] Manual material/boron.json references nonexistant trigger ["hbm:powder_boron"]
[09:25:38] [Client thread/ERROR] [hbm]: Error reading stack array ["hbm:fragment_boron"] - defaulting to NOTHING item!
[09:25:38] [Client thread/INFO] [hbm]: [QMAW] Manual material/boron.json references nonexistant trigger ["hbm:fragment_boron"]
[09:25:38] [Client thread/INFO] [hbm]: [QMAW] Found manual material/boron.json
[09:25:38] [Client thread/ERROR] [hbm]: Error reading stack array ["hbm:ingot_bscco",1,0] - defaulting to NOTHING item!
[09:25:38] [Client thread/ERROR] [hbm]: Error reading stack array ["hbm:ingot_bscco"] - defaulting to NOTHING item!
[09:25:38] [Client thread/INFO] [hbm]: [QMAW] Manual material/bscco.json references nonexistant trigger ["hbm:ingot_bscco"]
[09:25:38] [Client thread/ERROR] [hbm]: Error reading stack array ["hbm:wire_dense",1,48] - defaulting to NOTHING item!
[09:25:38] [Client thread/INFO] [hbm]: [QMAW] Manual material/bscco.json references nonexistant trigger ["hbm:wire_dense",1,48]
[09:25:38] [Client thread/INFO] [hbm]: [QMAW] Found manual material/bscco.json
[09:25:38] [Client thread/ERROR] [hbm]: Error reading stack array ["hbm:ingot_cadmium",1,0] - defaulting to NOTHING item!
[09:25:38] [Client thread/ERROR] [hbm]: Error reading stack array ["hbm:ingot_cadmium"] - defaulting to NOTHING item!
[09:25:38] [Client thread/INFO] [hbm]: [QMAW] Manual material/cadmium.json references nonexistant trigger ["hbm:ingot_cadmium"]
[09:25:38] [Client thread/ERROR] [hbm]: Error reading stack array ["hbm:powder_cadmium"] - defaulting to NOTHING item!
[09:25:38] [Client thread/INFO] [hbm]: [QMAW] Manual material/cadmium.json references nonexistant trigger ["hbm:powder_cadmium"]
[09:25:38] [Client thread/INFO] [hbm]: [QMAW] Found manual material/cadmium.json
[09:25:38] [Client thread/ERROR] [hbm]: Error reading stack array ["hbm:ingot_cdalloy",1,0] - defaulting to NOTHING item!
[09:25:38] [Client thread/ERROR] [hbm]: Error reading stack array ["hbm:ingot_cdalloy"] - defaulting to NOTHING item!
[09:25:38] [Client thread/INFO] [hbm]: [QMAW] Manual material/cadmium_steel.json references nonexistant trigger ["hbm:ingot_cdalloy"]
[09:25:38] [Client thread/INFO] [hbm]: [QMAW] Found manual material/cadmium_steel.json
[09:25:38] [Client thread/ERROR] [hbm]: Error reading stack array ["hbm:ingot_cft",1,0] - defaulting to NOTHING item!
[09:25:38] [Client thread/ERROR] [hbm]: Error reading stack array ["hbm:ingot_cft"] - defaulting to NOTHING item!
[09:25:38] [Client thread/INFO] [hbm]: [QMAW] Manual material/cft.json references nonexistant trigger ["hbm:ingot_cft"]
[09:25:38] [Client thread/INFO] [hbm]: [QMAW] Found manual material/cft.json
[09:25:38] [Client thread/ERROR] [hbm]: Error reading stack array ["hbm:cinnabar",1,0] - defaulting to NOTHING item!
[09:25:38] [Client thread/ERROR] [hbm]: Error reading stack array ["hbm:cinnabar"] - defaulting to NOTHING item!
[09:25:38] [Client thread/INFO] [hbm]: [QMAW] Manual material/cinnabar.json references nonexistant trigger ["hbm:cinnabar"]
[09:25:38] [Client thread/INFO] [hbm]: [QMAW] Found manual material/cinnabar.json
[09:25:38] [Client thread/ERROR] [hbm]: Error reading stack array ["hbm:ingot_cobalt",1,0] - defaulting to NOTHING item!
[09:25:38] [Client thread/ERROR] [hbm]: Error reading stack array ["hbm:ingot_cobalt"] - defaulting to NOTHING item!
[09:25:38] [Client thread/INFO] [hbm]: [QMAW] Manual material/cobalt.json references nonexistant trigger ["hbm:ingot_cobalt"]
[09:25:38] [Client thread/ERROR] [hbm]: Error reading stack array ["hbm:nugget_cobalt"] - defaulting to NOTHING item!
[09:25:38] [Client thread/INFO] [hbm]: [QMAW] Manual material/cobalt.json references nonexistant trigger ["hbm:nugget_cobalt"]
[09:25:38] [Client thread/ERROR] [hbm]: Error reading stack array ["hbm:billet_cobalt"] - defaulting to NOTHING item!
[09:25:38] [Client thread/INFO] [hbm]: [QMAW] Manual material/cobalt.json references nonexistant trigger ["hbm:billet_cobalt"]
[09:25:38] [Client thread/INFO] [hbm]: [QMAW] Found manual material/cobalt.json
[09:25:38] [Client thread/ERROR] [hbm]: Error reading stack array ["hbm:coke",1,0] - defaulting to NOTHING item!
[09:25:38] [Client thread/ERROR] [hbm]: Error reading stack array ["hbm:coke",1,32767] - defaulting to NOTHING item!
[09:25:38] [Client thread/INFO] [hbm]: [QMAW] Manual material/coke.json references nonexistant trigger ["hbm:coke",1,32767]
[09:25:38] [Client thread/INFO] [hbm]: [QMAW] Found manual material/coke.json
[09:25:38] [Client thread/ERROR] [hbm]: Error reading stack array ["hbm:item.ingot_copper",1,0] - defaulting to NOTHING item!
[09:25:38] [Client thread/ERROR] [hbm]: Error reading stack array ["hbm:item.ingot_copper"] - defaulting to NOTHING item!
[09:25:38] [Client thread/INFO] [hbm]: [QMAW] Manual material/copper.json references nonexistant trigger ["hbm:item.ingot_copper"]
[09:25:38] [Client thread/ERROR] [hbm]: Error reading stack array ["hbm:item.plate_copper"] - defaulting to NOTHING item!
[09:25:38] [Client thread/INFO] [hbm]: [QMAW] Manual material/copper.json references nonexistant trigger ["hbm:item.plate_copper"]
[09:25:38] [Client thread/ERROR] [hbm]: Error reading stack array ["hbm:item.powder_copper"] - defaulting to NOTHING item!
[09:25:38] [Client thread/INFO] [hbm]: [QMAW] Manual material/copper.json references nonexistant trigger ["hbm:item.powder_copper"]
[09:25:38] [Client thread/INFO] [hbm]: [QMAW] Found manual material/copper.json
[09:25:38] [Client thread/ERROR] [hbm]: Error reading stack array ["hbm:wire_dense",1,7900] - defaulting to NOTHING item!
[09:25:38] [Client thread/ERROR] [hbm]: Error reading stack array ["hbm:wire_dense",1,32767] - defaulting to NOTHING item!
[09:25:38] [Client thread/INFO] [hbm]: [QMAW] Manual material/densewire.json references nonexistant trigger ["hbm:wire_dense",1,32767]
[09:25:38] [Client thread/INFO] [hbm]: [QMAW] Found manual material/densewire.json
[09:25:38] [Client thread/ERROR] [hbm]: Error reading stack array ["hbm:ingot_desh",1,0] - defaulting to NOTHING item!
[09:25:38] [Client thread/ERROR] [hbm]: Error reading stack array ["hbm:ingot_desh"] - defaulting to NOTHING item!
[09:25:38] [Client thread/INFO] [hbm]: [QMAW] Manual material/desh.json references nonexistant trigger ["hbm:ingot_desh"]
[09:25:38] [Client thread/ERROR] [hbm]: Error reading stack array ["hbm:powder_desh"] - defaulting to NOTHING item!
[09:25:38] [Client thread/INFO] [hbm]: [QMAW] Manual material/desh.json references nonexistant trigger ["hbm:powder_desh"]
[09:25:38] [Client thread/INFO] [hbm]: [QMAW] Found manual material/desh.json
[09:25:38] [Client thread/ERROR] [hbm]: Error reading stack array ["hbm:ingot_ferrouranium",1,0] - defaulting to NOTHING item!
[09:25:38] [Client thread/ERROR] [hbm]: Error reading stack array ["hbm:ingot_ferrouranium"] - defaulting to NOTHING item!
[09:25:38] [Client thread/INFO] [hbm]: [QMAW] Manual material/ferrouranium.json references nonexistant trigger ["hbm:ingot_ferrouranium"]
[09:25:38] [Client thread/INFO] [hbm]: [QMAW] Found manual material/ferrouranium.json
[09:25:38] [Client thread/ERROR] [hbm]: Error reading stack array ["hbm:ingot_graphite",1,0] - defaulting to NOTHING item!
[09:25:38] [Client thread/ERROR] [hbm]: Error reading stack array ["hbm:ingot_graphite"] - defaulting to NOTHING item!
[09:25:38] [Client thread/INFO] [hbm]: [QMAW] Manual material/graphite.json references nonexistant trigger ["hbm:ingot_graphite"]
[09:25:38] [Client thread/INFO] [hbm]: [QMAW] Found manual material/graphite.json
[09:25:38] [Client thread/ERROR] [hbm]: Error reading stack array ["hbm:ingot_gunmetal",1,0] - defaulting to NOTHING item!
[09:25:38] [Client thread/ERROR] [hbm]: Error reading stack array ["hbm:ingot_gunmetal"] - defaulting to NOTHING item!
[09:25:38] [Client thread/INFO] [hbm]: [QMAW] Manual material/gunmetal.json references nonexistant trigger ["hbm:ingot_gunmetal"]
[09:25:38] [Client thread/ERROR] [hbm]: Error reading stack array ["hbm:plate_gunmetal"] - defaulting to NOTHING item!
[09:25:38] [Client thread/INFO] [hbm]: [QMAW] Manual material/gunmetal.json references nonexistant trigger ["hbm:plate_gunmetal"]
[09:25:38] [Client thread/INFO] [hbm]: [QMAW] Found manual material/gunmetal.json
[09:25:38] [Client thread/ERROR] [hbm]: Error reading stack array ["hbm:ingot_dura_steel",1,0] - defaulting to NOTHING item!
[09:25:38] [Client thread/ERROR] [hbm]: Error reading stack array ["hbm:ingot_dura_steel"] - defaulting to NOTHING item!
[09:25:38] [Client thread/INFO] [hbm]: [QMAW] Manual material/hss.json references nonexistant trigger ["hbm:ingot_dura_steel"]
[09:25:38] [Client thread/ERROR] [hbm]: Error reading stack array ["hbm:powder_dura_steel"] - defaulting to NOTHING item!
[09:25:38] [Client thread/INFO] [hbm]: [QMAW] Manual material/hss.json references nonexistant trigger ["hbm:powder_dura_steel"]
[09:25:38] [Client thread/ERROR] [hbm]: Error reading stack array ["hbm:plate_dura_steel"] - defaulting to NOTHING item!
[09:25:38] [Client thread/INFO] [hbm]: [QMAW] Manual material/hss.json references nonexistant trigger ["hbm:plate_dura_steel"]
[09:25:38] [Client thread/INFO] [hbm]: [QMAW] Found manual material/hss.json
[09:25:38] [Client thread/ERROR] [hbm]: Error reading stack array ["hbm:ingot_biorubber",1,0] - defaulting to NOTHING item!
[09:25:38] [Client thread/ERROR] [hbm]: Error reading stack array ["hbm:ingot_biorubber"] - defaulting to NOTHING item!
[09:25:38] [Client thread/INFO] [hbm]: [QMAW] Manual material/latex.json references nonexistant trigger ["hbm:ingot_biorubber"]
[09:25:38] [Client thread/ERROR] [hbm]: Error reading stack array ["hbm:ball_resin"] - defaulting to NOTHING item!
[09:25:38] [Client thread/INFO] [hbm]: [QMAW] Manual material/latex.json references nonexistant trigger ["hbm:ball_resin"]
[09:25:38] [Client thread/INFO] [hbm]: [QMAW] Found manual material/latex.json
[09:25:38] [Client thread/ERROR] [hbm]: Error reading stack array ["hbm:ingot_lead",1,0] - defaulting to NOTHING item!
[09:25:38] [Client thread/ERROR] [hbm]: Error reading stack array ["hbm:ingot_lead"] - defaulting to NOTHING item!
[09:25:38] [Client thread/INFO] [hbm]: [QMAW] Manual material/lead.json references nonexistant trigger ["hbm:ingot_lead"]
[09:25:38] [Client thread/ERROR] [hbm]: Error reading stack array ["hbm:nugget_lead"] - defaulting to NOTHING item!
[09:25:38] [Client thread/INFO] [hbm]: [QMAW] Manual material/lead.json references nonexistant trigger ["hbm:nugget_lead"]
[09:25:38] [Client thread/ERROR] [hbm]: Error reading stack array ["hbm:powder_lead"] - defaulting to NOTHING item!
[09:25:38] [Client thread/INFO] [hbm]: [QMAW] Manual material/lead.json references nonexistant trigger ["hbm:powder_lead"]
[09:25:38] [Client thread/INFO] [hbm]: [QMAW] Found manual material/lead.json
[09:25:38] [Client thread/ERROR] [hbm]: Error reading stack array ["hbm:ingot_red_copper",1,0] - defaulting to NOTHING item!
[09:25:38] [Client thread/ERROR] [hbm]: Error reading stack array ["hbm:ingot_red_copper"] - defaulting to NOTHING item!
[09:25:38] [Client thread/INFO] [hbm]: [QMAW] Manual material/mingrade.json references nonexistant trigger ["hbm:ingot_red_copper"]
[09:25:38] [Client thread/ERROR] [hbm]: Error reading stack array ["hbm:powder_red_copper"] - defaulting to NOTHING item!
[09:25:38] [Client thread/INFO] [hbm]: [QMAW] Manual material/mingrade.json references nonexistant trigger ["hbm:powder_red_copper"]
[09:25:38] [Client thread/INFO] [hbm]: [QMAW] Found manual material/mingrade.json
[09:25:38] [Client thread/ERROR] [hbm]: Error reading stack array ["hbm:ingot_neptunium",1,0] - defaulting to NOTHING item!
[09:25:38] [Client thread/ERROR] [hbm]: Error reading stack array ["hbm:ingot_neptunium"] - defaulting to NOTHING item!
[09:25:38] [Client thread/INFO] [hbm]: [QMAW] Manual material/neptunium.json references nonexistant trigger ["hbm:ingot_neptunium"]
[09:25:38] [Client thread/ERROR] [hbm]: Error reading stack array ["hbm:billet_neptunium"] - defaulting to NOTHING item!
[09:25:38] [Client thread/INFO] [hbm]: [QMAW] Manual material/neptunium.json references nonexistant trigger ["hbm:billet_neptunium"]
[09:25:38] [Client thread/ERROR] [hbm]: Error reading stack array ["hbm:nugget_neptunium"] - defaulting to NOTHING item!
[09:25:38] [Client thread/INFO] [hbm]: [QMAW] Manual material/neptunium.json references nonexistant trigger ["hbm:nugget_neptunium"]
[09:25:38] [Client thread/ERROR] [hbm]: Error reading stack array ["hbm:powder_neptunium"] - defaulting to NOTHING item!
[09:25:38] [Client thread/INFO] [hbm]: [QMAW] Manual material/neptunium.json references nonexistant trigger ["hbm:powder_neptunium"]
[09:25:38] [Client thread/INFO] [hbm]: [QMAW] Found manual material/neptunium.json
[09:25:38] [Client thread/ERROR] [hbm]: Error reading stack array ["hbm:billet_pu238",1,0] - defaulting to NOTHING item!
[09:25:38] [Client thread/ERROR] [hbm]: Error reading stack array ["hbm:ingot_pu238"] - defaulting to NOTHING item!
[09:25:38] [Client thread/INFO] [hbm]: [QMAW] Manual material/plutonium-238.json references nonexistant trigger ["hbm:ingot_pu238"]
[09:25:38] [Client thread/ERROR] [hbm]: Error reading stack array ["hbm:billet_pu238"] - defaulting to NOTHING item!
[09:25:38] [Client thread/INFO] [hbm]: [QMAW] Manual material/plutonium-238.json references nonexistant trigger ["hbm:billet_pu238"]
[09:25:38] [Client thread/ERROR] [hbm]: Error reading stack array ["hbm:nugget_pu238"] - defaulting to NOTHING item!
[09:25:38] [Client thread/INFO] [hbm]: [QMAW] Manual material/plutonium-238.json references nonexistant trigger ["hbm:nugget_pu238"]
[09:25:38] [Client thread/INFO] [hbm]: [QMAW] Found manual material/plutonium-238.json
[09:25:38] [Client thread/ERROR] [hbm]: Error reading stack array ["hbm:billet_pu239",1,0] - defaulting to NOTHING item!
[09:25:38] [Client thread/ERROR] [hbm]: Error reading stack array ["hbm:ingot_pu239"] - defaulting to NOTHING item!
[09:25:38] [Client thread/INFO] [hbm]: [QMAW] Manual material/plutonium-239.json references nonexistant trigger ["hbm:ingot_pu239"]
[09:25:38] [Client thread/ERROR] [hbm]: Error reading stack array ["hbm:billet_pu239"] - defaulting to NOTHING item!
[09:25:38] [Client thread/INFO] [hbm]: [QMAW] Manual material/plutonium-239.json references nonexistant trigger ["hbm:billet_pu239"]
[09:25:38] [Client thread/ERROR] [hbm]: Error reading stack array ["hbm:nugget_pu239"] - defaulting to NOTHING item!
[09:25:38] [Client thread/INFO] [hbm]: [QMAW] Manual material/plutonium-239.json references nonexistant trigger ["hbm:nugget_pu239"]
[09:25:38] [Client thread/INFO] [hbm]: [QMAW] Found manual material/plutonium-239.json
[09:25:38] [Client thread/ERROR] [hbm]: Error reading stack array ["hbm:billet_pu240",1,0] - defaulting to NOTHING item!
[09:25:38] [Client thread/ERROR] [hbm]: Error reading stack array ["hbm:ingot_pu240"] - defaulting to NOTHING item!
[09:25:38] [Client thread/INFO] [hbm]: [QMAW] Manual material/plutonium-240.json references nonexistant trigger ["hbm:ingot_pu240"]
[09:25:38] [Client thread/ERROR] [hbm]: Error reading stack array ["hbm:billet_pu240"] - defaulting to NOTHING item!
[09:25:38] [Client thread/INFO] [hbm]: [QMAW] Manual material/plutonium-240.json references nonexistant trigger ["hbm:billet_pu240"]
[09:25:38] [Client thread/ERROR] [hbm]: Error reading stack array ["hbm:nugget_pu240"] - defaulting to NOTHING item!
[09:25:38] [Client thread/INFO] [hbm]: [QMAW] Manual material/plutonium-240.json references nonexistant trigger ["hbm:nugget_pu240"]
[09:25:38] [Client thread/INFO] [hbm]: [QMAW] Found manual material/plutonium-240.json
[09:25:38] [Client thread/ERROR] [hbm]: Error reading stack array ["hbm:billet_pu241",1,0] - defaulting to NOTHING item!
[09:25:38] [Client thread/ERROR] [hbm]: Error reading stack array ["hbm:ingot_pu241"] - defaulting to NOTHING item!
[09:25:38] [Client thread/INFO] [hbm]: [QMAW] Manual material/plutonium-241.json references nonexistant trigger ["hbm:ingot_pu241"]
[09:25:38] [Client thread/ERROR] [hbm]: Error reading stack array ["hbm:billet_pu241"] - defaulting to NOTHING item!
[09:25:38] [Client thread/INFO] [hbm]: [QMAW] Manual material/plutonium-241.json references nonexistant trigger ["hbm:billet_pu241"]
[09:25:38] [Client thread/ERROR] [hbm]: Error reading stack array ["hbm:nugget_pu241"] - defaulting to NOTHING item!
[09:25:38] [Client thread/INFO] [hbm]: [QMAW] Manual material/plutonium-241.json references nonexistant trigger ["hbm:nugget_pu241"]
[09:25:38] [Client thread/INFO] [hbm]: [QMAW] Found manual material/plutonium-241.json
[09:25:38] [Client thread/ERROR] [hbm]: Error reading stack array ["hbm:billet_pu_mix",1,0] - defaulting to NOTHING item!
[09:25:38] [Client thread/ERROR] [hbm]: Error reading stack array ["hbm:ingot_pu_mix"] - defaulting to NOTHING item!
[09:25:38] [Client thread/INFO] [hbm]: [QMAW] Manual material/plutonium-rg.json references nonexistant trigger ["hbm:ingot_pu_mix"]
[09:25:38] [Client thread/ERROR] [hbm]: Error reading stack array ["hbm:billet_pu_mix"] - defaulting to NOTHING item!
[09:25:38] [Client thread/INFO] [hbm]: [QMAW] Manual material/plutonium-rg.json references nonexistant trigger ["hbm:billet_pu_mix"]
[09:25:38] [Client thread/ERROR] [hbm]: Error reading stack array ["hbm:nugget_pu_mix"] - defaulting to NOTHING item!
[09:25:38] [Client thread/INFO] [hbm]: [QMAW] Manual material/plutonium-rg.json references nonexistant trigger ["hbm:nugget_pu_mix"]
[09:25:38] [Client thread/INFO] [hbm]: [QMAW] Found manual material/plutonium-rg.json
[09:25:38] [Client thread/ERROR] [hbm]: Error reading stack array ["hbm:ingot_plutonium",1,0] - defaulting to NOTHING item!
[09:25:38] [Client thread/ERROR] [hbm]: Error reading stack array ["hbm:ingot_plutonium"] - defaulting to NOTHING item!
[09:25:38] [Client thread/INFO] [hbm]: [QMAW] Manual material/plutonium.json references nonexistant trigger ["hbm:ingot_plutonium"]
[09:25:38] [Client thread/ERROR] [hbm]: Error reading stack array ["hbm:billet_plutonium"] - defaulting to NOTHING item!
[09:25:38] [Client thread/INFO] [hbm]: [QMAW] Manual material/plutonium.json references nonexistant trigger ["hbm:billet_plutonium"]
[09:25:38] [Client thread/ERROR] [hbm]: Error reading stack array ["hbm:nugget_plutonium"] - defaulting to NOTHING item!
[09:25:38] [Client thread/INFO] [hbm]: [QMAW] Manual material/plutonium.json references nonexistant trigger ["hbm:nugget_plutonium"]
[09:25:38] [Client thread/ERROR] [hbm]: Error reading stack array ["hbm:powder_plutonium"] - defaulting to NOTHING item!
[09:25:38] [Client thread/INFO] [hbm]: [QMAW] Manual material/plutonium.json references nonexistant trigger ["hbm:powder_plutonium"]
[09:25:38] [Client thread/INFO] [hbm]: [QMAW] Found manual material/plutonium.json
[09:25:38] [Client thread/ERROR] [hbm]: Error reading stack array ["hbm:billet_polonium",1,0] - defaulting to NOTHING item!
[09:25:38] [Client thread/ERROR] [hbm]: Error reading stack array ["hbm:ingot_polonium"] - defaulting to NOTHING item!
[09:25:38] [Client thread/INFO] [hbm]: [QMAW] Manual material/polonium.json references nonexistant trigger ["hbm:ingot_polonium"]
[09:25:38] [Client thread/ERROR] [hbm]: Error reading stack array ["hbm:billet_polonium"] - defaulting to NOTHING item!
[09:25:38] [Client thread/INFO] [hbm]: [QMAW] Manual material/polonium.json references nonexistant trigger ["hbm:billet_polonium"]
[09:25:38] [Client thread/ERROR] [hbm]: Error reading stack array ["hbm:nugget_polonium"] - defaulting to NOTHING item!
[09:25:38] [Client thread/INFO] [hbm]: [QMAW] Manual material/polonium.json references nonexistant trigger ["hbm:nugget_polonium"]
[09:25:38] [Client thread/INFO] [hbm]: [QMAW] Found manual material/polonium.json
[09:25:38] [Client thread/ERROR] [hbm]: Error reading stack array ["hbm:ingot_polymer",1,0] - defaulting to NOTHING item!
[09:25:38] [Client thread/ERROR] [hbm]: Error reading stack array ["hbm:ingot_polymer"] - defaulting to NOTHING item!
[09:25:38] [Client thread/INFO] [hbm]: [QMAW] Manual material/polymer.json references nonexistant trigger ["hbm:ingot_polymer"]
[09:25:38] [Client thread/ERROR] [hbm]: Error reading stack array ["hbm:powder_polymer"] - defaulting to NOTHING item!
[09:25:38] [Client thread/INFO] [hbm]: [QMAW] Manual material/polymer.json references nonexistant trigger ["hbm:powder_polymer"]
[09:25:38] [Client thread/INFO] [hbm]: [QMAW] Found manual material/polymer.json
[09:25:38] [Client thread/ERROR] [hbm]: Error reading stack array ["hbm:billet_ra226",1,0] - defaulting to NOTHING item!
[09:25:38] [Client thread/ERROR] [hbm]: Error reading stack array ["hbm:ingot_ra226"] - defaulting to NOTHING item!
[09:25:38] [Client thread/INFO] [hbm]: [QMAW] Manual material/radium.json references nonexistant trigger ["hbm:ingot_ra226"]
[09:25:38] [Client thread/ERROR] [hbm]: Error reading stack array ["hbm:billet_ra226"] - defaulting to NOTHING item!
[09:25:38] [Client thread/INFO] [hbm]: [QMAW] Manual material/radium.json references nonexistant trigger ["hbm:billet_ra226"]
[09:25:38] [Client thread/ERROR] [hbm]: Error reading stack array ["hbm:nugget_ra226"] - defaulting to NOTHING item!
[09:25:38] [Client thread/INFO] [hbm]: [QMAW] Manual material/radium.json references nonexistant trigger ["hbm:nugget_ra226"]
[09:25:38] [Client thread/ERROR] [hbm]: Error reading stack array ["hbm:powder_ra226"] - defaulting to NOTHING item!
[09:25:38] [Client thread/INFO] [hbm]: [QMAW] Manual material/radium.json references nonexistant trigger ["hbm:powder_ra226"]
[09:25:38] [Client thread/INFO] [hbm]: [QMAW] Found manual material/radium.json
[09:25:38] [Client thread/ERROR] [hbm]: Error reading stack array ["hbm:chunk_ore",1,0] - defaulting to NOTHING item!
[09:25:38] [Client thread/ERROR] [hbm]: Error reading stack array ["hbm:chunk_ore"] - defaulting to NOTHING item!
[09:25:38] [Client thread/INFO] [hbm]: [QMAW] Manual material/rareearth.json references nonexistant trigger ["hbm:chunk_ore"]
[09:25:38] [Client thread/ERROR] [hbm]: Error reading stack array ["hbm:ore_rare"] - defaulting to NOTHING item!
[09:25:38] [Client thread/INFO] [hbm]: [QMAW] Manual material/rareearth.json references nonexistant trigger ["hbm:ore_rare"]
[09:25:38] [Client thread/ERROR] [hbm]: Error reading stack array ["hbm:ore_gneiss_rare"] - defaulting to NOTHING item!
[09:25:38] [Client thread/INFO] [hbm]: [QMAW] Manual material/rareearth.json references nonexistant trigger ["hbm:ore_gneiss_rare"]
[09:25:38] [Client thread/INFO] [hbm]: [QMAW] Found manual material/rareearth.json
[09:25:38] [Client thread/ERROR] [hbm]: Error reading stack array ["hbm:ingot_rubber",1,0] - defaulting to NOTHING item!
[09:25:38] [Client thread/ERROR] [hbm]: Error reading stack array ["hbm:ingot_rubber"] - defaulting to NOTHING item!
[09:25:38] [Client thread/INFO] [hbm]: [QMAW] Manual material/rubber.json references nonexistant trigger ["hbm:ingot_rubber"]
[09:25:38] [Client thread/INFO] [hbm]: [QMAW] Found manual material/rubber.json
[09:25:38] [Client thread/ERROR] [hbm]: Error reading stack array ["hbm:billet_silicon",1,0] - defaulting to NOTHING item!
[09:25:38] [Client thread/ERROR] [hbm]: Error reading stack array ["hbm:ingot_silicon"] - defaulting to NOTHING item!
[09:25:38] [Client thread/INFO] [hbm]: [QMAW] Manual material/silicon.json references nonexistant trigger ["hbm:ingot_silicon"]
[09:25:38] [Client thread/ERROR] [hbm]: Error reading stack array ["hbm:billet_silicon"] - defaulting to NOTHING item!
[09:25:38] [Client thread/INFO] [hbm]: [QMAW] Manual material/silicon.json references nonexistant trigger ["hbm:billet_silicon"]
[09:25:38] [Client thread/ERROR] [hbm]: Error reading stack array ["hbm:nugget_silicon"] - defaulting to NOTHING item!
[09:25:38] [Client thread/INFO] [hbm]: [QMAW] Manual material/silicon.json references nonexistant trigger ["hbm:nugget_silicon"]
[09:25:38] [Client thread/INFO] [hbm]: [QMAW] Found manual material/silicon.json
[09:25:38] [Client thread/ERROR] [hbm]: Error reading stack array ["hbm:powder_sodium",1,0] - defaulting to NOTHING item!
[09:25:38] [Client thread/ERROR] [hbm]: Error reading stack array ["hbm:powder_sodium"] - defaulting to NOTHING item!
[09:25:38] [Client thread/INFO] [hbm]: [QMAW] Manual material/sodium.json references nonexistant trigger ["hbm:powder_sodium"]
[09:25:38] [Client thread/INFO] [hbm]: [QMAW] Found manual material/sodium.json
[09:25:38] [Client thread/ERROR] [hbm]: Error reading stack array ["hbm:solid_fuel",1,0] - defaulting to NOTHING item!
[09:25:38] [Client thread/ERROR] [hbm]: Error reading stack array ["hbm:solid_fuel"] - defaulting to NOTHING item!
[09:25:38] [Client thread/INFO] [hbm]: [QMAW] Manual material/solidfuel.json references nonexistant trigger ["hbm:solid_fuel"]
[09:25:38] [Client thread/INFO] [hbm]: [QMAW] Found manual material/solidfuel.json
[09:25:38] [Client thread/ERROR] [hbm]: Error reading stack array ["hbm:ingot_steel",1,0] - defaulting to NOTHING item!
[09:25:38] [Client thread/ERROR] [hbm]: Error reading stack array ["hbm:ingot_steel"] - defaulting to NOTHING item!
[09:25:38] [Client thread/INFO] [hbm]: [QMAW] Manual material/steel.json references nonexistant trigger ["hbm:ingot_steel"]
[09:25:38] [Client thread/ERROR] [hbm]: Error reading stack array ["hbm:plate_steel"] - defaulting to NOTHING item!
[09:25:38] [Client thread/INFO] [hbm]: [QMAW] Manual material/steel.json references nonexistant trigger ["hbm:plate_steel"]
[09:25:38] [Client thread/ERROR] [hbm]: Error reading stack array ["hbm:powder_steel"] - defaulting to NOTHING item!
[09:25:38] [Client thread/INFO] [hbm]: [QMAW] Manual material/steel.json references nonexistant trigger ["hbm:powder_steel"]
[09:25:38] [Client thread/INFO] [hbm]: [QMAW] Found manual material/steel.json
[09:25:38] [Client thread/ERROR] [hbm]: Error reading stack array ["hbm:sulfur",1,0] - defaulting to NOTHING item!
[09:25:38] [Client thread/ERROR] [hbm]: Error reading stack array ["hbm:sulfur"] - defaulting to NOTHING item!
[09:25:38] [Client thread/INFO] [hbm]: [QMAW] Manual material/sulfur.json references nonexistant trigger ["hbm:sulfur"]
[09:25:38] [Client thread/INFO] [hbm]: [QMAW] Found manual material/sulfur.json
[09:25:38] [Client thread/ERROR] [hbm]: Error reading stack array ["hbm:ingot_tantalium",1,0] - defaulting to NOTHING item!
[09:25:38] [Client thread/ERROR] [hbm]: Error reading stack array ["hbm:ingot_tantalium"] - defaulting to NOTHING item!
[09:25:38] [Client thread/INFO] [hbm]: [QMAW] Manual material/tantalium.json references nonexistant trigger ["hbm:ingot_tantalium"]
[09:25:38] [Client thread/ERROR] [hbm]: Error reading stack array ["hbm:powder_tantalium"] - defaulting to NOTHING item!
[09:25:38] [Client thread/INFO] [hbm]: [QMAW] Manual material/tantalium.json references nonexistant trigger ["hbm:powder_tantalium"]
[09:25:38] [Client thread/ERROR] [hbm]: Error reading stack array ["hbm:nugget_tantalium"] - defaulting to NOTHING item!
[09:25:38] [Client thread/INFO] [hbm]: [QMAW] Manual material/tantalium.json references nonexistant trigger ["hbm:nugget_tantalium"]
[09:25:38] [Client thread/INFO] [hbm]: [QMAW] Found manual material/tantalium.json
[09:25:38] [Client thread/ERROR] [hbm]: Error reading stack array ["hbm:ingot_technetium",1,0] - defaulting to NOTHING item!
[09:25:38] [Client thread/ERROR] [hbm]: Error reading stack array ["hbm:billet_technetium"] - defaulting to NOTHING item!
[09:25:38] [Client thread/INFO] [hbm]: [QMAW] Manual material/technetium.json references nonexistant trigger ["hbm:billet_technetium"]
[09:25:38] [Client thread/ERROR] [hbm]: Error reading stack array ["hbm:ingot_technetium"] - defaulting to NOTHING item!
[09:25:38] [Client thread/INFO] [hbm]: [QMAW] Manual material/technetium.json references nonexistant trigger ["hbm:ingot_technetium"]
[09:25:38] [Client thread/ERROR] [hbm]: Error reading stack array ["hbm:nugget_technetium"] - defaulting to NOTHING item!
[09:25:38] [Client thread/INFO] [hbm]: [QMAW] Manual material/technetium.json references nonexistant trigger ["hbm:nugget_technetium"]
[09:25:38] [Client thread/INFO] [hbm]: [QMAW] Found manual material/technetium.json
[09:25:38] [Client thread/ERROR] [hbm]: Error reading stack array ["hbm:ingot_tcalloy",1,0] - defaulting to NOTHING item!
[09:25:38] [Client thread/ERROR] [hbm]: Error reading stack array ["hbm:ingot_tcalloy"] - defaulting to NOTHING item!
[09:25:38] [Client thread/INFO] [hbm]: [QMAW] Manual material/technetium_steel.json references nonexistant trigger ["hbm:ingot_tcalloy"]
[09:25:38] [Client thread/ERROR] [hbm]: Error reading stack array ["hbm:powder_tcalloy"] - defaulting to NOTHING item!
[09:25:38] [Client thread/INFO] [hbm]: [QMAW] Manual material/technetium_steel.json references nonexistant trigger ["hbm:powder_tcalloy"]
[09:25:38] [Client thread/INFO] [hbm]: [QMAW] Found manual material/technetium_steel.json
[09:25:38] [Client thread/ERROR] [hbm]: Error reading stack array ["hbm:billet_th232",1,0] - defaulting to NOTHING item!
[09:25:38] [Client thread/ERROR] [hbm]: Error reading stack array ["hbm:ingot_th232"] - defaulting to NOTHING item!
[09:25:38] [Client thread/INFO] [hbm]: [QMAW] Manual material/thorium.json references nonexistant trigger ["hbm:ingot_th232"]
[09:25:38] [Client thread/ERROR] [hbm]: Error reading stack array ["hbm:billet_th232"] - defaulting to NOTHING item!
[09:25:38] [Client thread/INFO] [hbm]: [QMAW] Manual material/thorium.json references nonexistant trigger ["hbm:billet_th232"]
[09:25:38] [Client thread/ERROR] [hbm]: Error reading stack array ["hbm:nugget_th232"] - defaulting to NOTHING item!
[09:25:38] [Client thread/INFO] [hbm]: [QMAW] Manual material/thorium.json references nonexistant trigger ["hbm:nugget_th232"]
[09:25:38] [Client thread/ERROR] [hbm]: Error reading stack array ["hbm:powder_thorium"] - defaulting to NOTHING item!
[09:25:38] [Client thread/INFO] [hbm]: [QMAW] Manual material/thorium.json references nonexistant trigger ["hbm:powder_thorium"]
[09:25:38] [Client thread/INFO] [hbm]: [QMAW] Found manual material/thorium.json
[09:25:38] [Client thread/ERROR] [hbm]: Error reading stack array ["hbm:billet_u233",1,0] - defaulting to NOTHING item!
[09:25:38] [Client thread/ERROR] [hbm]: Error reading stack array ["hbm:ingot_u233"] - defaulting to NOTHING item!
[09:25:38] [Client thread/INFO] [hbm]: [QMAW] Manual material/uranium-233.json references nonexistant trigger ["hbm:ingot_u233"]
[09:25:38] [Client thread/ERROR] [hbm]: Error reading stack array ["hbm:billet_u233"] - defaulting to NOTHING item!
[09:25:38] [Client thread/INFO] [hbm]: [QMAW] Manual material/uranium-233.json references nonexistant trigger ["hbm:billet_u233"]
[09:25:38] [Client thread/ERROR] [hbm]: Error reading stack array ["hbm:nugget_u233"] - defaulting to NOTHING item!
[09:25:38] [Client thread/INFO] [hbm]: [QMAW] Manual material/uranium-233.json references nonexistant trigger ["hbm:nugget_u233"]
[09:25:38] [Client thread/INFO] [hbm]: [QMAW] Found manual material/uranium-233.json
[09:25:38] [Client thread/ERROR] [hbm]: Error reading stack array ["hbm:billet_u235",1,0] - defaulting to NOTHING item!
[09:25:38] [Client thread/ERROR] [hbm]: Error reading stack array ["hbm:ingot_u235"] - defaulting to NOTHING item!
[09:25:38] [Client thread/INFO] [hbm]: [QMAW] Manual material/uranium-235.json references nonexistant trigger ["hbm:ingot_u235"]
[09:25:38] [Client thread/ERROR] [hbm]: Error reading stack array ["hbm:billet_u235"] - defaulting to NOTHING item!
[09:25:38] [Client thread/INFO] [hbm]: [QMAW] Manual material/uranium-235.json references nonexistant trigger ["hbm:billet_u235"]
[09:25:38] [Client thread/ERROR] [hbm]: Error reading stack array ["hbm:nugget_u235"] - defaulting to NOTHING item!
[09:25:38] [Client thread/INFO] [hbm]: [QMAW] Manual material/uranium-235.json references nonexistant trigger ["hbm:nugget_u235"]
[09:25:38] [Client thread/INFO] [hbm]: [QMAW] Found manual material/uranium-235.json
[09:25:38] [Client thread/ERROR] [hbm]: Error reading stack array ["hbm:billet_u238",1,0] - defaulting to NOTHING item!
[09:25:38] [Client thread/ERROR] [hbm]: Error reading stack array ["hbm:ingot_u238"] - defaulting to NOTHING item!
[09:25:38] [Client thread/INFO] [hbm]: [QMAW] Manual material/uranium-238.json references nonexistant trigger ["hbm:ingot_u238"]
[09:25:38] [Client thread/ERROR] [hbm]: Error reading stack array ["hbm:billet_u238"] - defaulting to NOTHING item!
[09:25:38] [Client thread/INFO] [hbm]: [QMAW] Manual material/uranium-238.json references nonexistant trigger ["hbm:billet_u238"]
[09:25:38] [Client thread/ERROR] [hbm]: Error reading stack array ["hbm:nugget_u238"] - defaulting to NOTHING item!
[09:25:38] [Client thread/INFO] [hbm]: [QMAW] Manual material/uranium-238.json references nonexistant trigger ["hbm:nugget_u238"]
[09:25:38] [Client thread/INFO] [hbm]: [QMAW] Found manual material/uranium-238.json
[09:25:38] [Client thread/ERROR] [hbm]: Error reading stack array ["hbm:ingot_uranium",1,0] - defaulting to NOTHING item!
[09:25:38] [Client thread/ERROR] [hbm]: Error reading stack array ["hbm:ingot_uranium"] - defaulting to NOTHING item!
[09:25:38] [Client thread/INFO] [hbm]: [QMAW] Manual material/uranium.json references nonexistant trigger ["hbm:ingot_uranium"]
[09:25:38] [Client thread/ERROR] [hbm]: Error reading stack array ["hbm:billet_uranium"] - defaulting to NOTHING item!
[09:25:38] [Client thread/INFO] [hbm]: [QMAW] Manual material/uranium.json references nonexistant trigger ["hbm:billet_uranium"]
[09:25:38] [Client thread/ERROR] [hbm]: Error reading stack array ["hbm:nugget_uranium"] - defaulting to NOTHING item!
[09:25:38] [Client thread/INFO] [hbm]: [QMAW] Manual material/uranium.json references nonexistant trigger ["hbm:nugget_uranium"]
[09:25:38] [Client thread/ERROR] [hbm]: Error reading stack array ["hbm:powder_uranium"] - defaulting to NOTHING item!
[09:25:38] [Client thread/INFO] [hbm]: [QMAW] Manual material/uranium.json references nonexistant trigger ["hbm:powder_uranium"]
[09:25:38] [Client thread/ERROR] [hbm]: Error reading stack array ["hbm:ore_uranium"] - defaulting to NOTHING item!
[09:25:38] [Client thread/INFO] [hbm]: [QMAW] Manual material/uranium.json references nonexistant trigger ["hbm:ore_uranium"]
[09:25:38] [Client thread/INFO] [hbm]: [QMAW] Found manual material/uranium.json
[09:25:38] [Client thread/ERROR] [hbm]: Error reading stack array ["hbm:ingot_weaponsteel",1,0] - defaulting to NOTHING item!
[09:25:38] [Client thread/ERROR] [hbm]: Error reading stack array ["hbm:ingot_weaponsteel"] - defaulting to NOTHING item!
[09:25:38] [Client thread/INFO] [hbm]: [QMAW] Manual material/weaponsteel.json references nonexistant trigger ["hbm:ingot_weaponsteel"]
[09:25:38] [Client thread/ERROR] [hbm]: Error reading stack array ["hbm:plate_weaponsteel"] - defaulting to NOTHING item!
[09:25:38] [Client thread/INFO] [hbm]: [QMAW] Manual material/weaponsteel.json references nonexistant trigger ["hbm:plate_weaponsteel"]
[09:25:38] [Client thread/INFO] [hbm]: [QMAW] Found manual material/weaponsteel.json
[09:25:38] [Client thread/ERROR] [hbm]: Error reading stack array ["hbm:pa_beamline",1,0] - defaulting to NOTHING item!
[09:25:38] [Client thread/ERROR] [hbm]: Error reading stack array ["hbm:pa_beamline"] - defaulting to NOTHING item!
[09:25:38] [Client thread/INFO] [hbm]: [QMAW] Manual pa/beamline.json references nonexistant trigger ["hbm:pa_beamline"]
[09:25:38] [Client thread/INFO] [hbm]: [QMAW] Found manual pa/beamline.json
[09:25:38] [Client thread/ERROR] [hbm]: Error reading stack array ["hbm:pa_coil",1,0] - defaulting to NOTHING item!
[09:25:38] [Client thread/ERROR] [hbm]: Error reading stack array ["hbm:pa_coil",1,32767] - defaulting to NOTHING item!
[09:25:38] [Client thread/INFO] [hbm]: [QMAW] Manual pa/coil.json references nonexistant trigger ["hbm:pa_coil",1,32767]
[09:25:38] [Client thread/INFO] [hbm]: [QMAW] Found manual pa/coil.json
[09:25:38] [Client thread/ERROR] [hbm]: Error reading stack array ["hbm:pa_detector",1,0] - defaulting to NOTHING item!
[09:25:38] [Client thread/ERROR] [hbm]: Error reading stack array ["hbm:pa_detector"] - defaulting to NOTHING item!
[09:25:38] [Client thread/INFO] [hbm]: [QMAW] Manual pa/detector.json references nonexistant trigger ["hbm:pa_detector"]
[09:25:38] [Client thread/INFO] [hbm]: [QMAW] Found manual pa/detector.json
[09:25:38] [Client thread/ERROR] [hbm]: Error reading stack array ["hbm:pa_dipole",1,0] - defaulting to NOTHING item!
[09:25:38] [Client thread/ERROR] [hbm]: Error reading stack array ["hbm:pa_dipole"] - defaulting to NOTHING item!
[09:25:38] [Client thread/INFO] [hbm]: [QMAW] Manual pa/dipole.json references nonexistant trigger ["hbm:pa_dipole"]
[09:25:38] [Client thread/INFO] [hbm]: [QMAW] Found manual pa/dipole.json
[09:25:38] [Client thread/ERROR] [hbm]: Error reading stack array ["hbm:pa_detector",1,0] - defaulting to NOTHING item!
[09:25:38] [Client thread/ERROR] [hbm]: Error reading stack array ["hbm:pa_detector"] - defaulting to NOTHING item!
[09:25:38] [Client thread/INFO] [hbm]: [QMAW] Manual pa/particleaccelerator.json references nonexistant trigger ["hbm:pa_detector"]
[09:25:38] [Client thread/INFO] [hbm]: [QMAW] Found manual pa/particleaccelerator.json
[09:25:38] [Client thread/ERROR] [hbm]: Error reading stack array ["hbm:pa_detector",1,0] - defaulting to NOTHING item!
[09:25:38] [Client thread/ERROR] [hbm]: Error reading stack array ["hbm:pa_detector"] - defaulting to NOTHING item!
[09:25:38] [Client thread/INFO] [hbm]: [QMAW] Manual pa/pastepbystep.json references nonexistant trigger ["hbm:pa_detector"]
[09:25:38] [Client thread/INFO] [hbm]: [QMAW] Found manual pa/pastepbystep.json
[09:25:38] [Client thread/ERROR] [hbm]: Error reading stack array ["hbm:pa_quadrupole",1,0] - defaulting to NOTHING item!
[09:25:38] [Client thread/ERROR] [hbm]: Error reading stack array ["hbm:pa_quadrupole"] - defaulting to NOTHING item!
[09:25:38] [Client thread/INFO] [hbm]: [QMAW] Manual pa/quadrupole.json references nonexistant trigger ["hbm:pa_quadrupole"]
[09:25:38] [Client thread/INFO] [hbm]: [QMAW] Found manual pa/quadrupole.json
[09:25:38] [Client thread/ERROR] [hbm]: Error reading stack array ["hbm:pa_rfc",1,0] - defaulting to NOTHING item!
[09:25:38] [Client thread/ERROR] [hbm]: Error reading stack array ["hbm:pa_rfc"] - defaulting to NOTHING item!
[09:25:38] [Client thread/INFO] [hbm]: [QMAW] Manual pa/rfc.json references nonexistant trigger ["hbm:pa_rfc"]
[09:25:38] [Client thread/INFO] [hbm]: [QMAW] Found manual pa/rfc.json
[09:25:38] [Client thread/ERROR] [hbm]: Error reading stack array ["hbm:pa_source",1,0] - defaulting to NOTHING item!
[09:25:38] [Client thread/ERROR] [hbm]: Error reading stack array ["hbm:pa_source"] - defaulting to NOTHING item!
[09:25:38] [Client thread/INFO] [hbm]: [QMAW] Manual pa/source.json references nonexistant trigger ["hbm:pa_source"]
[09:25:38] [Client thread/INFO] [hbm]: [QMAW] Found manual pa/source.json
[09:25:38] [Client thread/ERROR] [hbm]: Error reading stack array ["hbm:rbmk_absorber",1,0] - defaulting to NOTHING item!
[09:25:38] [Client thread/ERROR] [hbm]: Error reading stack array ["hbm:rbmk_absorber"] - defaulting to NOTHING item!
[09:25:38] [Client thread/INFO] [hbm]: [QMAW] Manual rbmk/absorber.json references nonexistant trigger ["hbm:rbmk_absorber"]
[09:25:38] [Client thread/INFO] [hbm]: [QMAW] Found manual rbmk/absorber.json
[09:25:38] [Client thread/ERROR] [hbm]: Error reading stack array ["hbm:rbmk_autoloader",1,0] - defaulting to NOTHING item!
[09:25:38] [Client thread/ERROR] [hbm]: Error reading stack array ["hbm:rbmk_autoloader"] - defaulting to NOTHING item!
[09:25:38] [Client thread/INFO] [hbm]: [QMAW] Manual rbmk/autoloader.json references nonexistant trigger ["hbm:rbmk_autoloader"]
[09:25:38] [Client thread/INFO] [hbm]: [QMAW] Found manual rbmk/autoloader.json
[09:25:38] [Client thread/ERROR] [hbm]: Error reading stack array ["hbm:rbmk_blank",1,0] - defaulting to NOTHING item!
[09:25:38] [Client thread/ERROR] [hbm]: Error reading stack array ["hbm:rbmk_blank"] - defaulting to NOTHING item!
[09:25:38] [Client thread/INFO] [hbm]: [QMAW] Manual rbmk/blank.json references nonexistant trigger ["hbm:rbmk_blank"]
[09:25:38] [Client thread/INFO] [hbm]: [QMAW] Found manual rbmk/blank.json
[09:25:38] [Client thread/ERROR] [hbm]: Error reading stack array ["hbm:rbmk_boiler",1,0] - defaulting to NOTHING item!
[09:25:38] [Client thread/ERROR] [hbm]: Error reading stack array ["hbm:rbmk_boiler"] - defaulting to NOTHING item!
[09:25:38] [Client thread/INFO] [hbm]: [QMAW] Manual rbmk/boiler.json references nonexistant trigger ["hbm:rbmk_boiler"]
[09:25:38] [Client thread/INFO] [hbm]: [QMAW] Found manual rbmk/boiler.json
[09:25:38] [Client thread/ERROR] [hbm]: Error reading stack array ["hbm:rbmk_console",1,0] - defaulting to NOTHING item!
[09:25:38] [Client thread/ERROR] [hbm]: Error reading stack array ["hbm:rbmk_console"] - defaulting to NOTHING item!
[09:25:38] [Client thread/INFO] [hbm]: [QMAW] Manual rbmk/console.json references nonexistant trigger ["hbm:rbmk_console"]
[09:25:38] [Client thread/INFO] [hbm]: [QMAW] Found manual rbmk/console.json
[09:25:38] [Client thread/ERROR] [hbm]: Error reading stack array ["hbm:rbmk_control_auto",1,0] - defaulting to NOTHING item!
[09:25:38] [Client thread/ERROR] [hbm]: Error reading stack array ["hbm:rbmk_control_auto"] - defaulting to NOTHING item!
[09:25:38] [Client thread/INFO] [hbm]: [QMAW] Manual rbmk/controlauto.json references nonexistant trigger ["hbm:rbmk_control_auto"]
[09:25:38] [Client thread/INFO] [hbm]: [QMAW] Found manual rbmk/controlauto.json
[09:25:38] [Client thread/ERROR] [hbm]: Error reading stack array ["hbm:rbmk_control",1,0] - defaulting to NOTHING item!
[09:25:38] [Client thread/ERROR] [hbm]: Error reading stack array ["hbm:rbmk_control"] - defaulting to NOTHING item!
[09:25:38] [Client thread/INFO] [hbm]: [QMAW] Manual rbmk/controlrod.json references nonexistant trigger ["hbm:rbmk_control"]
[09:25:38] [Client thread/ERROR] [hbm]: Error reading stack array ["hbm:rbmk_control_mod"] - defaulting to NOTHING item!
[09:25:38] [Client thread/INFO] [hbm]: [QMAW] Manual rbmk/controlrod.json references nonexistant trigger ["hbm:rbmk_control_mod"]
[09:25:38] [Client thread/INFO] [hbm]: [QMAW] Found manual rbmk/controlrod.json
[09:25:38] [Client thread/ERROR] [hbm]: Error reading stack array ["hbm:rbmk_cooler",1,0] - defaulting to NOTHING item!
[09:25:38] [Client thread/ERROR] [hbm]: Error reading stack array ["hbm:rbmk_cooler"] - defaulting to NOTHING item!
[09:25:38] [Client thread/INFO] [hbm]: [QMAW] Manual rbmk/cooler.json references nonexistant trigger ["hbm:rbmk_cooler"]
[09:25:38] [Client thread/INFO] [hbm]: [QMAW] Found manual rbmk/cooler.json
[09:25:38] [Client thread/ERROR] [hbm]: Error reading stack array ["hbm:rbmk_crane_console",1,0] - defaulting to NOTHING item!
[09:25:38] [Client thread/ERROR] [hbm]: Error reading stack array ["hbm:rbmk_crane_console"] - defaulting to NOTHING item!
[09:25:38] [Client thread/INFO] [hbm]: [QMAW] Manual rbmk/crane.json references nonexistant trigger ["hbm:rbmk_crane_console"]
[09:25:38] [Client thread/INFO] [hbm]: [QMAW] Found manual rbmk/crane.json
[09:25:38] [Client thread/ERROR] [hbm]: Error reading stack array ["hbm:rbmk_heater",1,0] - defaulting to NOTHING item!
[09:25:38] [Client thread/ERROR] [hbm]: Error reading stack array ["hbm:rbmk_heater"] - defaulting to NOTHING item!
[09:25:38] [Client thread/INFO] [hbm]: [QMAW] Manual rbmk/heater.json references nonexistant trigger ["hbm:rbmk_heater"]
[09:25:38] [Client thread/INFO] [hbm]: [QMAW] Found manual rbmk/heater.json
[09:25:38] [Client thread/ERROR] [hbm]: Error reading stack array ["hbm:rbmk_loader",1,0] - defaulting to NOTHING item!
[09:25:38] [Client thread/ERROR] [hbm]: Error reading stack array ["hbm:rbmk_loader"] - defaulting to NOTHING item!
[09:25:38] [Client thread/INFO] [hbm]: [QMAW] Manual rbmk/loader.json references nonexistant trigger ["hbm:rbmk_loader"]
[09:25:38] [Client thread/INFO] [hbm]: [QMAW] Found manual rbmk/loader.json
[09:25:38] [Client thread/ERROR] [hbm]: Error reading stack array ["hbm:rbmk_moderator",1,0] - defaulting to NOTHING item!
[09:25:38] [Client thread/ERROR] [hbm]: Error reading stack array ["hbm:rbmk_moderator"] - defaulting to NOTHING item!
[09:25:38] [Client thread/INFO] [hbm]: [QMAW] Manual rbmk/moderator.json references nonexistant trigger ["hbm:rbmk_moderator"]
[09:25:38] [Client thread/INFO] [hbm]: [QMAW] Found manual rbmk/moderator.json
[09:25:38] [Client thread/ERROR] [hbm]: Error reading stack array ["hbm:rbmk_reflector",1,0] - defaulting to NOTHING item!
[09:25:38] [Client thread/ERROR] [hbm]: Error reading stack array ["hbm:rbmk_reflector"] - defaulting to NOTHING item!
[09:25:38] [Client thread/INFO] [hbm]: [QMAW] Manual rbmk/reflector.json references nonexistant trigger ["hbm:rbmk_reflector"]
[09:25:38] [Client thread/INFO] [hbm]: [QMAW] Found manual rbmk/reflector.json
[09:25:38] [Client thread/ERROR] [hbm]: Error reading stack array ["hbm:rbmk_rod",1,0] - defaulting to NOTHING item!
[09:25:38] [Client thread/ERROR] [hbm]: Error reading stack array ["hbm:rbmk_rod"] - defaulting to NOTHING item!
[09:25:38] [Client thread/INFO] [hbm]: [QMAW] Manual rbmk/rod.json references nonexistant trigger ["hbm:rbmk_rod"]
[09:25:38] [Client thread/ERROR] [hbm]: Error reading stack array ["hbm:rbmk_rod_mod"] - defaulting to NOTHING item!
[09:25:38] [Client thread/INFO] [hbm]: [QMAW] Manual rbmk/rod.json references nonexistant trigger ["hbm:rbmk_rod_mod"]
[09:25:38] [Client thread/INFO] [hbm]: [QMAW] Found manual rbmk/rod.json
[09:25:38] [Client thread/ERROR] [hbm]: Error reading stack array ["hbm:rbmk_storage",1,0] - defaulting to NOTHING item!
[09:25:38] [Client thread/ERROR] [hbm]: Error reading stack array ["hbm:rbmk_storage"] - defaulting to NOTHING item!
[09:25:38] [Client thread/INFO] [hbm]: [QMAW] Manual rbmk/storage.json references nonexistant trigger ["hbm:rbmk_storage"]
[09:25:38] [Client thread/INFO] [hbm]: [QMAW] Found manual rbmk/storage.json
[09:25:38] [Client thread/ERROR] [hbm]: Error reading stack array ["hbm:tile.rbmk_key_pad",1,0] - defaulting to NOTHING item!
[09:25:38] [Client thread/ERROR] [hbm]: Error reading stack array ["hbm:tile.rbmk_key_pad"] - defaulting to NOTHING item!
[09:25:38] [Client thread/INFO] [hbm]: [QMAW] Manual ror/panelbutton.json references nonexistant trigger ["hbm:tile.rbmk_key_pad"]
[09:25:38] [Client thread/INFO] [hbm]: [QMAW] Found manual ror/panelbutton.json
[09:25:38] [Client thread/ERROR] [hbm]: Error reading stack array ["hbm:tile.rbmk_gauge",1,0] - defaulting to NOTHING item!
[09:25:38] [Client thread/ERROR] [hbm]: Error reading stack array ["hbm:tile.rbmk_gauge"] - defaulting to NOTHING item!
[09:25:38] [Client thread/INFO] [hbm]: [QMAW] Manual ror/panelgauge.json references nonexistant trigger ["hbm:tile.rbmk_gauge"]
[09:25:38] [Client thread/INFO] [hbm]: [QMAW] Found manual ror/panelgauge.json
[09:25:38] [Client thread/ERROR] [hbm]: Error reading stack array ["hbm:tile.rbmk_graph",1,0] - defaulting to NOTHING item!
[09:25:38] [Client thread/ERROR] [hbm]: Error reading stack array ["hbm:tile.rbmk_graph"] - defaulting to NOTHING item!
[09:25:38] [Client thread/INFO] [hbm]: [QMAW] Manual ror/panelgraph.json references nonexistant trigger ["hbm:tile.rbmk_graph"]
[09:25:38] [Client thread/INFO] [hbm]: [QMAW] Found manual ror/panelgraph.json
[09:25:38] [Client thread/ERROR] [hbm]: Error reading stack array ["hbm:tile.rbmk_indicator",1,0] - defaulting to NOTHING item!
[09:25:38] [Client thread/ERROR] [hbm]: Error reading stack array ["hbm:tile.rbmk_indicator"] - defaulting to NOTHING item!
[09:25:38] [Client thread/INFO] [hbm]: [QMAW] Manual ror/panelindicator.json references nonexistant trigger ["hbm:tile.rbmk_indicator"]
[09:25:38] [Client thread/INFO] [hbm]: [QMAW] Found manual ror/panelindicator.json
[09:25:38] [Client thread/ERROR] [hbm]: Error reading stack array ["hbm:tile.rbmk_lever",1,0] - defaulting to NOTHING item!
[09:25:38] [Client thread/ERROR] [hbm]: Error reading stack array ["hbm:tile.rbmk_lever"] - defaulting to NOTHING item!
[09:25:38] [Client thread/INFO] [hbm]: [QMAW] Manual ror/panellever.json references nonexistant trigger ["hbm:tile.rbmk_lever"]
[09:25:38] [Client thread/INFO] [hbm]: [QMAW] Found manual ror/panellever.json
[09:25:38] [Client thread/ERROR] [hbm]: Error reading stack array ["hbm:tile.rbmk_numitron",1,0] - defaulting to NOTHING item!
[09:25:38] [Client thread/ERROR] [hbm]: Error reading stack array ["hbm:tile.rbmk_numitron"] - defaulting to NOTHING item!
[09:25:38] [Client thread/INFO] [hbm]: [QMAW] Manual ror/panelnumitron.json references nonexistant trigger ["hbm:tile.rbmk_numitron"]
[09:25:38] [Client thread/INFO] [hbm]: [QMAW] Found manual ror/panelnumitron.json
[09:25:38] [Client thread/ERROR] [hbm]: Error reading stack array ["hbm:radio_telex",1,0] - defaulting to NOTHING item!
[09:25:38] [Client thread/INFO] [hbm]: [QMAW] Found manual ror/redstoneoverradio.json
[09:25:38] [Client thread/ERROR] [hbm]: Error reading stack array ["hbm:radio_torch_controller",1,0] - defaulting to NOTHING item!
[09:25:38] [Client thread/ERROR] [hbm]: Error reading stack array ["hbm:radio_torch_controller"] - defaulting to NOTHING item!
[09:25:38] [Client thread/INFO] [hbm]: [QMAW] Manual ror/rorcontroller.json references nonexistant trigger ["hbm:radio_torch_controller"]
[09:25:38] [Client thread/INFO] [hbm]: [QMAW] Found manual ror/rorcontroller.json
[09:25:38] [Client thread/ERROR] [hbm]: Error reading stack array ["hbm:radio_torch_counter",1,0] - defaulting to NOTHING item!
[09:25:38] [Client thread/ERROR] [hbm]: Error reading stack array ["hbm:radio_torch_counter"] - defaulting to NOTHING item!
[09:25:38] [Client thread/INFO] [hbm]: [QMAW] Manual ror/rorcounter.json references nonexistant trigger ["hbm:radio_torch_counter"]
[09:25:38] [Client thread/INFO] [hbm]: [QMAW] Found manual ror/rorcounter.json
[09:25:38] [Client thread/ERROR] [hbm]: Error reading stack array ["hbm:radio_torch_logic",1,0] - defaulting to NOTHING item!
[09:25:38] [Client thread/ERROR] [hbm]: Error reading stack array ["hbm:radio_torch_logic"] - defaulting to NOTHING item!
[09:25:38] [Client thread/INFO] [hbm]: [QMAW] Manual ror/rorlogic.json references nonexistant trigger ["hbm:radio_torch_logic"]
[09:25:38] [Client thread/INFO] [hbm]: [QMAW] Found manual ror/rorlogic.json
[09:25:38] [Client thread/ERROR] [hbm]: Error reading stack array ["hbm:radio_torch_reader",1,0] - defaulting to NOTHING item!
[09:25:38] [Client thread/ERROR] [hbm]: Error reading stack array ["hbm:radio_torch_reader"] - defaulting to NOTHING item!
[09:25:38] [Client thread/INFO] [hbm]: [QMAW] Manual ror/rorreader.json references nonexistant trigger ["hbm:radio_torch_reader"]
[09:25:38] [Client thread/INFO] [hbm]: [QMAW] Found manual ror/rorreader.json
[09:25:38] [Client thread/ERROR] [hbm]: Error reading stack array ["hbm:radio_torch_receiver",1,0] - defaulting to NOTHING item!
[09:25:38] [Client thread/ERROR] [hbm]: Error reading stack array ["hbm:radio_torch_receiver"] - defaulting to NOTHING item!
[09:25:38] [Client thread/INFO] [hbm]: [QMAW] Manual ror/rorreceiver.json references nonexistant trigger ["hbm:radio_torch_receiver"]
[09:25:38] [Client thread/INFO] [hbm]: [QMAW] Found manual ror/rorreceiver.json
[09:25:38] [Client thread/ERROR] [hbm]: Error reading stack array ["hbm:radio_torch_sender",1,0] - defaulting to NOTHING item!
[09:25:38] [Client thread/ERROR] [hbm]: Error reading stack array ["hbm:radio_torch_sender"] - defaulting to NOTHING item!
[09:25:38] [Client thread/INFO] [hbm]: [QMAW] Manual ror/rortransmitter.json references nonexistant trigger ["hbm:radio_torch_sender"]
[09:25:38] [Client thread/INFO] [hbm]: [QMAW] Found manual ror/rortransmitter.json
[09:25:38] [Client thread/ERROR] [hbm]: Error reading stack array ["hbm:ammo_standard",1,31] - defaulting to NOTHING item!
[09:25:38] [Client thread/ERROR] [hbm]: Error reading stack array ["hbm:ammo_standard",1,8] - defaulting to NOTHING item!
[09:25:38] [Client thread/INFO] [hbm]: [QMAW] Manual weapon/ap.json references nonexistant trigger ["hbm:ammo_standard",1,8]
[09:25:38] [Client thread/ERROR] [hbm]: Error reading stack array ["hbm:ammo_standard",1,14] - defaulting to NOTHING item!
[09:25:38] [Client thread/INFO] [hbm]: [QMAW] Manual weapon/ap.json references nonexistant trigger ["hbm:ammo_standard",1,14]
[09:25:38] [Client thread/ERROR] [hbm]: Error reading stack array ["hbm:ammo_standard",1,19] - defaulting to NOTHING item!
[09:25:38] [Client thread/INFO] [hbm]: [QMAW] Manual weapon/ap.json references nonexistant trigger ["hbm:ammo_standard",1,19]
[09:25:38] [Client thread/ERROR] [hbm]: Error reading stack array ["hbm:ammo_standard",1,23] - defaulting to NOTHING item!
[09:25:38] [Client thread/INFO] [hbm]: [QMAW] Manual weapon/ap.json references nonexistant trigger ["hbm:ammo_standard",1,23]
[09:25:38] [Client thread/ERROR] [hbm]: Error reading stack array ["hbm:ammo_standard",1,88] - defaulting to NOTHING item!
[09:25:38] [Client thread/INFO] [hbm]: [QMAW] Manual weapon/ap.json references nonexistant trigger ["hbm:ammo_standard",1,88]
[09:25:38] [Client thread/ERROR] [hbm]: Error reading stack array ["hbm:ammo_standard",1,27] - defaulting to NOTHING item!
[09:25:38] [Client thread/INFO] [hbm]: [QMAW] Manual weapon/ap.json references nonexistant trigger ["hbm:ammo_standard",1,27]
[09:25:38] [Client thread/ERROR] [hbm]: Error reading stack array ["hbm:ammo_standard",1,31] - defaulting to NOTHING item!
[09:25:38] [Client thread/INFO] [hbm]: [QMAW] Manual weapon/ap.json references nonexistant trigger ["hbm:ammo_standard",1,31]
[09:25:38] [Client thread/ERROR] [hbm]: Error reading stack array ["hbm:ammo_standard",1,36] - defaulting to NOTHING item!
[09:25:38] [Client thread/INFO] [hbm]: [QMAW] Manual weapon/ap.json references nonexistant trigger ["hbm:ammo_standard",1,36]
[09:25:38] [Client thread/INFO] [hbm]: [QMAW] Found manual weapon/ap.json
[09:25:38] [Client thread/ERROR] [hbm]: Error reading stack array ["hbm:ammo_standard",1,44] - defaulting to NOTHING item!
[09:25:38] [Client thread/ERROR] [hbm]: Error reading stack array ["hbm:ammo_standard",1,44] - defaulting to NOTHING item!
[09:25:38] [Client thread/INFO] [hbm]: [QMAW] Manual weapon/buckshot.json references nonexistant trigger ["hbm:ammo_standard",1,44]
[09:25:38] [Client thread/ERROR] [hbm]: Error reading stack array ["hbm:ammo_standard",1,78] - defaulting to NOTHING item!
[09:25:38] [Client thread/INFO] [hbm]: [QMAW] Manual weapon/buckshot.json references nonexistant trigger ["hbm:ammo_standard",1,78]
[09:25:38] [Client thread/INFO] [hbm]: [QMAW] Found manual weapon/buckshot.json
[09:25:38] [Client thread/ERROR] [hbm]: Error reading stack array ["hbm:ammo_standard",1,47] - defaulting to NOTHING item!
[09:25:38] [Client thread/ERROR] [hbm]: Error reading stack array ["hbm:ammo_standard",1,42] - defaulting to NOTHING item!
[09:25:38] [Client thread/INFO] [hbm]: [QMAW] Manual weapon/buckshotmagnum.json references nonexistant trigger ["hbm:ammo_standard",1,42]
[09:25:38] [Client thread/ERROR] [hbm]: Error reading stack array ["hbm:ammo_standard",1,47] - defaulting to NOTHING item!
[09:25:38] [Client thread/INFO] [hbm]: [QMAW] Manual weapon/buckshotmagnum.json references nonexistant trigger ["hbm:ammo_standard",1,47]
[09:25:38] [Client thread/INFO] [hbm]: [QMAW] Found manual weapon/buckshotmagnum.json
[09:25:38] [Client thread/ERROR] [hbm]: Error reading stack array ["hbm:ammo_standard",1,79] - defaulting to NOTHING item!
[09:25:38] [Client thread/ERROR] [hbm]: Error reading stack array ["hbm:ammo_standard",1,79] - defaulting to NOTHING item!
[09:25:38] [Client thread/INFO] [hbm]: [QMAW] Manual weapon/buckshotsharpnel.json references nonexistant trigger ["hbm:ammo_standard",1,79]
[09:25:38] [Client thread/INFO] [hbm]: [QMAW] Found manual weapon/buckshotsharpnel.json
[09:25:38] [Client thread/ERROR] [hbm]: Error reading stack array ["hbm:ammo_standard",1,60] - defaulting to NOTHING item!
[09:25:38] [Client thread/ERROR] [hbm]: Error reading stack array ["hbm:ammo_standard",1,55] - defaulting to NOTHING item!
[09:25:38] [Client thread/INFO] [hbm]: [QMAW] Manual weapon/demo.json references nonexistant trigger ["hbm:ammo_standard",1,55]
[09:25:38] [Client thread/ERROR] [hbm]: Error reading stack array ["hbm:ammo_standard",1,60] - defaulting to NOTHING item!
[09:25:38] [Client thread/INFO] [hbm]: [QMAW] Manual weapon/demo.json references nonexistant trigger ["hbm:ammo_standard",1,60]
[09:25:38] [Client thread/ERROR] [hbm]: Error reading stack array ["hbm:ammo_standard",1,74] - defaulting to NOTHING item!
[09:25:38] [Client thread/INFO] [hbm]: [QMAW] Manual weapon/demo.json references nonexistant trigger ["hbm:ammo_standard",1,74]
[09:25:38] [Client thread/INFO] [hbm]: [QMAW] Found manual weapon/demo.json
[09:25:38] [Client thread/ERROR] [hbm]: Error reading stack array ["hbm:ammo_standard",1,32] - defaulting to NOTHING item!
[09:25:38] [Client thread/ERROR] [hbm]: Error reading stack array ["hbm:ammo_standard",1,89] - defaulting to NOTHING item!
[09:25:38] [Client thread/INFO] [hbm]: [QMAW] Manual weapon/du.json references nonexistant trigger ["hbm:ammo_standard",1,89]
[09:25:38] [Client thread/ERROR] [hbm]: Error reading stack array ["hbm:ammo_standard",1,32] - defaulting to NOTHING item!
[09:25:38] [Client thread/INFO] [hbm]: [QMAW] Manual weapon/du.json references nonexistant trigger ["hbm:ammo_standard",1,32]
[09:25:38] [Client thread/ERROR] [hbm]: Error reading stack array ["hbm:ammo_standard",1,37] - defaulting to NOTHING item!
[09:25:38] [Client thread/INFO] [hbm]: [QMAW] Manual weapon/du.json references nonexistant trigger ["hbm:ammo_standard",1,37]
[09:25:38] [Client thread/ERROR] [hbm]: Error reading stack array ["hbm:ammo_standard",1,80] - defaulting to NOTHING item!
[09:25:38] [Client thread/INFO] [hbm]: [QMAW] Manual weapon/du.json references nonexistant trigger ["hbm:ammo_standard",1,80]
[09:25:38] [Client thread/INFO] [hbm]: [QMAW] Found manual weapon/du.json
[09:25:38] [Client thread/ERROR] [hbm]: Error reading stack array ["hbm:ammo_standard",1,15] - defaulting to NOTHING item!
[09:25:38] [Client thread/ERROR] [hbm]: Error reading stack array ["hbm:ammo_standard",1,9] - defaulting to NOTHING item!
[09:25:38] [Client thread/INFO] [hbm]: [QMAW] Manual weapon/express.json references nonexistant trigger ["hbm:ammo_standard",1,9]
[09:25:38] [Client thread/ERROR] [hbm]: Error reading stack array ["hbm:ammo_standard",1,15] - defaulting to NOTHING item!
[09:25:38] [Client thread/INFO] [hbm]: [QMAW] Manual weapon/express.json references nonexistant trigger ["hbm:ammo_standard",1,15]
[09:25:38] [Client thread/INFO] [hbm]: [QMAW] Found manual weapon/express.json
[09:25:38] [Client thread/ERROR] [hbm]: Error reading stack array ["hbm:ammo_standard",1,46] - defaulting to NOTHING item!
[09:25:38] [Client thread/ERROR] [hbm]: Error reading stack array ["hbm:ammo_standard",1,46] - defaulting to NOTHING item!
[09:25:38] [Client thread/INFO] [hbm]: [QMAW] Manual weapon/flechettes.json references nonexistant trigger ["hbm:ammo_standard",1,46]
[09:25:38] [Client thread/INFO] [hbm]: [QMAW] Found manual weapon/flechettes.json
[09:25:38] [Client thread/ERROR] [hbm]: Error reading stack array ["hbm:ammo_standard",1,29] - defaulting to NOTHING item!
[09:25:38] [Client thread/ERROR] [hbm]: Error reading stack array ["hbm:ammo_standard",1,6] - defaulting to NOTHING item!
[09:25:38] [Client thread/INFO] [hbm]: [QMAW] Manual weapon/fmj.json references nonexistant trigger ["hbm:ammo_standard",1,6]
[09:25:38] [Client thread/ERROR] [hbm]: Error reading stack array ["hbm:ammo_standard",1,12] - defaulting to NOTHING item!
[09:25:38] [Client thread/INFO] [hbm]: [QMAW] Manual weapon/fmj.json references nonexistant trigger ["hbm:ammo_standard",1,12]
[09:25:38] [Client thread/ERROR] [hbm]: Error reading stack array ["hbm:ammo_standard",1,17] - defaulting to NOTHING item!
[09:25:38] [Client thread/INFO] [hbm]: [QMAW] Manual weapon/fmj.json references nonexistant trigger ["hbm:ammo_standard",1,17]
[09:25:38] [Client thread/ERROR] [hbm]: Error reading stack array ["hbm:ammo_standard",1,21] - defaulting to NOTHING item!
[09:25:38] [Client thread/INFO] [hbm]: [QMAW] Manual weapon/fmj.json references nonexistant trigger ["hbm:ammo_standard",1,21]
[09:25:38] [Client thread/ERROR] [hbm]: Error reading stack array ["hbm:ammo_standard",1,86] - defaulting to NOTHING item!
[09:25:38] [Client thread/INFO] [hbm]: [QMAW] Manual weapon/fmj.json references nonexistant trigger ["hbm:ammo_standard",1,86]
[09:25:38] [Client thread/ERROR] [hbm]: Error reading stack array ["hbm:ammo_standard",1,25] - defaulting to NOTHING item!
[09:25:38] [Client thread/INFO] [hbm]: [QMAW] Manual weapon/fmj.json references nonexistant trigger ["hbm:ammo_standard",1,25]
[09:25:38] [Client thread/ERROR] [hbm]: Error reading stack array ["hbm:ammo_standard",1,29] - defaulting to NOTHING item!
[09:25:38] [Client thread/INFO] [hbm]: [QMAW] Manual weapon/fmj.json references nonexistant trigger ["hbm:ammo_standard",1,29]
[09:25:38] [Client thread/ERROR] [hbm]: Error reading stack array ["hbm:ammo_standard",1,34] - defaulting to NOTHING item!
[09:25:38] [Client thread/INFO] [hbm]: [QMAW] Manual weapon/fmj.json references nonexistant trigger ["hbm:ammo_standard",1,34]
[09:25:38] [Client thread/INFO] [hbm]: [QMAW] Found manual weapon/fmj.json
[09:25:38] [Client thread/ERROR] [hbm]: Error reading stack array ["hbm:ammo_standard",1,58] - defaulting to NOTHING item!
[09:25:38] [Client thread/ERROR] [hbm]: Error reading stack array ["hbm:ammo_standard",1,53] - defaulting to NOTHING item!
[09:25:38] [Client thread/INFO] [hbm]: [QMAW] Manual weapon/grenade.json references nonexistant trigger ["hbm:ammo_standard",1,53]
[09:25:38] [Client thread/ERROR] [hbm]: Error reading stack array ["hbm:ammo_standard",1,58] - defaulting to NOTHING item!
[09:25:38] [Client thread/INFO] [hbm]: [QMAW] Manual weapon/grenade.json references nonexistant trigger ["hbm:ammo_standard",1,58]
[09:25:38] [Client thread/INFO] [hbm]: [QMAW] Found manual weapon/grenade.json
[09:25:38] [Client thread/ERROR] [hbm]: Error reading stack array ["hbm:ammo_standard",1,82] - defaulting to NOTHING item!
[09:25:38] [Client thread/ERROR] [hbm]: Error reading stack array ["hbm:ammo_standard",1,82] - defaulting to NOTHING item!
[09:25:38] [Client thread/INFO] [hbm]: [QMAW] Manual weapon/he.json references nonexistant trigger ["hbm:ammo_standard",1,82]
[09:25:38] [Client thread/ERROR] [hbm]: Error reading stack array ["hbm:ammo_standard",1,83] - defaulting to NOTHING item!
[09:25:38] [Client thread/INFO] [hbm]: [QMAW] Manual weapon/he.json references nonexistant trigger ["hbm:ammo_standard",1,83]
[09:25:38] [Client thread/ERROR] [hbm]: Error reading stack array ["hbm:ammo_standard",1,84] - defaulting to NOTHING item!
[09:25:38] [Client thread/INFO] [hbm]: [QMAW] Manual weapon/he.json references nonexistant trigger ["hbm:ammo_standard",1,84]
[09:25:38] [Client thread/ERROR] [hbm]: Error reading stack array ["hbm:ammo_standard",1,48] - defaulting to NOTHING item!
[09:25:38] [Client thread/INFO] [hbm]: [QMAW] Manual weapon/he.json references nonexistant trigger ["hbm:ammo_standard",1,48]
[09:25:38] [Client thread/ERROR] [hbm]: Error reading stack array ["hbm:ammo_standard",1,73] - defaulting to NOTHING item!
[09:25:38] [Client thread/INFO] [hbm]: [QMAW] Manual weapon/he.json references nonexistant trigger ["hbm:ammo_standard",1,73]
[09:25:38] [Client thread/INFO] [hbm]: [QMAW] Found manual weapon/he.json
[09:25:38] [Client thread/ERROR] [hbm]: Error reading stack array ["hbm:ammo_standard",1,59] - defaulting to NOTHING item!
[09:25:38] [Client thread/ERROR] [hbm]: Error reading stack array ["hbm:ammo_standard",1,54] - defaulting to NOTHING item!
[09:25:38] [Client thread/INFO] [hbm]: [QMAW] Manual weapon/heat.json references nonexistant trigger ["hbm:ammo_standard",1,54]
[09:25:38] [Client thread/ERROR] [hbm]: Error reading stack array ["hbm:ammo_standard",1,59] - defaulting to NOTHING item!
[09:25:38] [Client thread/INFO] [hbm]: [QMAW] Manual weapon/heat.json references nonexistant trigger ["hbm:ammo_standard",1,59]
[09:25:38] [Client thread/INFO] [hbm]: [QMAW] Found manual weapon/heat.json
[09:25:38] [Client thread/ERROR] [hbm]: Error reading stack array ["hbm:ammo_standard",1,61] - defaulting to NOTHING item!
[09:25:38] [Client thread/ERROR] [hbm]: Error reading stack array ["hbm:ammo_standard",1,56] - defaulting to NOTHING item!
[09:25:38] [Client thread/INFO] [hbm]: [QMAW] Manual weapon/incendiary.json references nonexistant trigger ["hbm:ammo_standard",1,56]
[09:25:38] [Client thread/ERROR] [hbm]: Error reading stack array ["hbm:ammo_standard",1,61] - defaulting to NOTHING item!
[09:25:38] [Client thread/INFO] [hbm]: [QMAW] Manual weapon/incendiary.json references nonexistant trigger ["hbm:ammo_standard",1,61]
[09:25:38] [Client thread/INFO] [hbm]: [QMAW] Found manual weapon/incendiary.json
[09:25:38] [Client thread/ERROR] [hbm]: Error reading stack array ["hbm:ammo_standard",1,30] - defaulting to NOTHING item!
[09:25:38] [Client thread/ERROR] [hbm]: Error reading stack array ["hbm:ammo_standard",1,7] - defaulting to NOTHING item!
[09:25:38] [Client thread/INFO] [hbm]: [QMAW] Manual weapon/jhp.json references nonexistant trigger ["hbm:ammo_standard",1,7]
[09:25:38] [Client thread/ERROR] [hbm]: Error reading stack array ["hbm:ammo_standard",1,13] - defaulting to NOTHING item!
[09:25:38] [Client thread/INFO] [hbm]: [QMAW] Manual weapon/jhp.json references nonexistant trigger ["hbm:ammo_standard",1,13]
[09:25:38] [Client thread/ERROR] [hbm]: Error reading stack array ["hbm:ammo_standard",1,18] - defaulting to NOTHING item!
[09:25:38] [Client thread/INFO] [hbm]: [QMAW] Manual weapon/jhp.json references nonexistant trigger ["hbm:ammo_standard",1,18]
[09:25:38] [Client thread/ERROR] [hbm]: Error reading stack array ["hbm:ammo_standard",1,22] - defaulting to NOTHING item!
[09:25:38] [Client thread/INFO] [hbm]: [QMAW] Manual weapon/jhp.json references nonexistant trigger ["hbm:ammo_standard",1,22]
[09:25:38] [Client thread/ERROR] [hbm]: Error reading stack array ["hbm:ammo_standard",1,87] - defaulting to NOTHING item!
[09:25:38] [Client thread/INFO] [hbm]: [QMAW] Manual weapon/jhp.json references nonexistant trigger ["hbm:ammo_standard",1,87]
[09:25:38] [Client thread/ERROR] [hbm]: Error reading stack array ["hbm:ammo_standard",1,26] - defaulting to NOTHING item!
[09:25:38] [Client thread/INFO] [hbm]: [QMAW] Manual weapon/jhp.json references nonexistant trigger ["hbm:ammo_standard",1,26]
[09:25:38] [Client thread/ERROR] [hbm]: Error reading stack array ["hbm:ammo_standard",1,30] - defaulting to NOTHING item!
[09:25:38] [Client thread/INFO] [hbm]: [QMAW] Manual weapon/jhp.json references nonexistant trigger ["hbm:ammo_standard",1,30]
[09:25:38] [Client thread/ERROR] [hbm]: Error reading stack array ["hbm:ammo_standard",1,35] - defaulting to NOTHING item!
[09:25:38] [Client thread/INFO] [hbm]: [QMAW] Manual weapon/jhp.json references nonexistant trigger ["hbm:ammo_standard",1,35]
[09:25:38] [Client thread/INFO] [hbm]: [QMAW] Found manual weapon/jhp.json
[09:25:38] [Client thread/ERROR] [hbm]: Error reading stack array ["hbm:ammo_standard",1,75] - defaulting to NOTHING item!
[09:25:38] [Client thread/ERROR] [hbm]: Error reading stack array ["hbm:ammo_standard",1,75] - defaulting to NOTHING item!
[09:25:38] [Client thread/INFO] [hbm]: [QMAW] Manual weapon/muke.json references nonexistant trigger ["hbm:ammo_standard",1,75]
[09:25:38] [Client thread/INFO] [hbm]: [QMAW] Found manual weapon/muke.json
[09:25:38] [Client thread/ERROR] [hbm]: Error reading stack array ["hbm:ammo_standard",1,10] - defaulting to NOTHING item!
[09:25:38] [Client thread/ERROR] [hbm]: Error reading stack array ["hbm:ammo_standard",1,4] - defaulting to NOTHING item!
[09:25:38] [Client thread/INFO] [hbm]: [QMAW] Manual weapon/powder.json references nonexistant trigger ["hbm:ammo_standard",1,4]
[09:25:38] [Client thread/ERROR] [hbm]: Error reading stack array ["hbm:ammo_standard",1,10] - defaulting to NOTHING item!
[09:25:38] [Client thread/INFO] [hbm]: [QMAW] Manual weapon/powder.json references nonexistant trigger ["hbm:ammo_standard",1,10]
[09:25:38] [Client thread/ERROR] [hbm]: Error reading stack array ["hbm:ammo_standard",1,41] - defaulting to NOTHING item!
[09:25:38] [Client thread/INFO] [hbm]: [QMAW] Manual weapon/powder.json references nonexistant trigger ["hbm:ammo_standard",1,41]
[09:25:38] [Client thread/INFO] [hbm]: [QMAW] Found manual weapon/powder.json
[09:25:38] [Client thread/ERROR] [hbm]: Error reading stack array ["hbm:ammo_standard",1,45] - defaulting to NOTHING item!
[09:25:38] [Client thread/ERROR] [hbm]: Error reading stack array ["hbm:ammo_standard",1,43] - defaulting to NOTHING item!
[09:25:38] [Client thread/INFO] [hbm]: [QMAW] Manual weapon/slug.json references nonexistant trigger ["hbm:ammo_standard",1,43]
[09:25:38] [Client thread/ERROR] [hbm]: Error reading stack array ["hbm:ammo_standard",1,45] - defaulting to NOTHING item!
[09:25:38] [Client thread/INFO] [hbm]: [QMAW] Manual weapon/slug.json references nonexistant trigger ["hbm:ammo_standard",1,45]
[09:25:38] [Client thread/ERROR] [hbm]: Error reading stack array ["hbm:ammo_standard",1,81] - defaulting to NOTHING item!
[09:25:38] [Client thread/INFO] [hbm]: [QMAW] Manual weapon/slug.json references nonexistant trigger ["hbm:ammo_standard",1,81]
[09:25:38] [Client thread/INFO] [hbm]: [QMAW] Found manual weapon/slug.json
[09:25:38] [Client thread/ERROR] [hbm]: Error reading stack array ["hbm:ammo_standard",1,28] - defaulting to NOTHING item!
[09:25:38] [Client thread/ERROR] [hbm]: Error reading stack array ["hbm:ammo_standard",1,5] - defaulting to NOTHING item!
[09:25:38] [Client thread/INFO] [hbm]: [QMAW] Manual weapon/softpoint.json references nonexistant trigger ["hbm:ammo_standard",1,5]
[09:25:38] [Client thread/ERROR] [hbm]: Error reading stack array ["hbm:ammo_standard",1,11] - defaulting to NOTHING item!
[09:25:38] [Client thread/INFO] [hbm]: [QMAW] Manual weapon/softpoint.json references nonexistant trigger ["hbm:ammo_standard",1,11]
[09:25:38] [Client thread/ERROR] [hbm]: Error reading stack array ["hbm:ammo_standard",1,16] - defaulting to NOTHING item!
[09:25:38] [Client thread/INFO] [hbm]: [QMAW] Manual weapon/softpoint.json references nonexistant trigger ["hbm:ammo_standard",1,16]
[09:25:38] [Client thread/ERROR] [hbm]: Error reading stack array ["hbm:ammo_standard",1,20] - defaulting to NOTHING item!
[09:25:38] [Client thread/INFO] [hbm]: [QMAW] Manual weapon/softpoint.json references nonexistant trigger ["hbm:ammo_standard",1,20]
[09:25:38] [Client thread/ERROR] [hbm]: Error reading stack array ["hbm:ammo_standard",1,85] - defaulting to NOTHING item!
[09:25:38] [Client thread/INFO] [hbm]: [QMAW] Manual weapon/softpoint.json references nonexistant trigger ["hbm:ammo_standard",1,85]
[09:25:38] [Client thread/ERROR] [hbm]: Error reading stack array ["hbm:ammo_standard",1,24] - defaulting to NOTHING item!
[09:25:38] [Client thread/INFO] [hbm]: [QMAW] Manual weapon/softpoint.json references nonexistant trigger ["hbm:ammo_standard",1,24]
[09:25:38] [Client thread/ERROR] [hbm]: Error reading stack array ["hbm:ammo_standard",1,28] - defaulting to NOTHING item!
[09:25:38] [Client thread/INFO] [hbm]: [QMAW] Manual weapon/softpoint.json references nonexistant trigger ["hbm:ammo_standard",1,28]
[09:25:38] [Client thread/ERROR] [hbm]: Error reading stack array ["hbm:ammo_standard",1,33] - defaulting to NOTHING item!
[09:25:38] [Client thread/INFO] [hbm]: [QMAW] Manual weapon/softpoint.json references nonexistant trigger ["hbm:ammo_standard",1,33]
[09:25:38] [Client thread/INFO] [hbm]: [QMAW] Found manual weapon/softpoint.json
[09:25:38] [Client thread/ERROR] [hbm]: Error reading stack array ["hbm:ammo_standard",1,94] - defaulting to NOTHING item!
[09:25:38] [Client thread/ERROR] [hbm]: Error reading stack array ["hbm:ammo_standard",1,94] - defaulting to NOTHING item!
[09:25:38] [Client thread/INFO] [hbm]: [QMAW] Manual weapon/star.json references nonexistant trigger ["hbm:ammo_standard",1,94]
[09:25:38] [Client thread/INFO] [hbm]: [QMAW] Found manual weapon/star.json
[09:25:38] [Client thread/ERROR] [hbm]: Error reading stack array ["hbm:ammo_standard",1,62] - defaulting to NOTHING item!
[09:25:38] [Client thread/ERROR] [hbm]: Error reading stack array ["hbm:ammo_standard",1,49] - defaulting to NOTHING item!
[09:25:38] [Client thread/INFO] [hbm]: [QMAW] Manual weapon/wp.json references nonexistant trigger ["hbm:ammo_standard",1,49]
[09:25:38] [Client thread/ERROR] [hbm]: Error reading stack array ["hbm:ammo_standard",1,57] - defaulting to NOTHING item!
[09:25:38] [Client thread/INFO] [hbm]: [QMAW] Manual weapon/wp.json references nonexistant trigger ["hbm:ammo_standard",1,57]
[09:25:38] [Client thread/ERROR] [hbm]: Error reading stack array ["hbm:ammo_standard",1,62] - defaulting to NOTHING item!
[09:25:38] [Client thread/INFO] [hbm]: [QMAW] Manual weapon/wp.json references nonexistant trigger ["hbm:ammo_standard",1,62]
[09:25:38] [Client thread/INFO] [hbm]: [QMAW] Found manual weapon/wp.json
[09:25:38] [Client thread/INFO] [hbm]: [QMAW] Loaded 157 manual entries! (18ms)
[09:25:38] [Client thread/INFO] [FML]: OBJLoader: Domain hbm has been added.
[09:25:38] [Client thread/INFO] [rsgauges]: Gauges and Switches: Version 1.12.2-1.2.8 #c6af2dc.
[09:25:38] [Client thread/INFO] [rsgauges]: Gauges and Switches: Found fingerprint ed58ed655893ced6280650866985abcae2bf7559.
[09:25:38] [Client thread/INFO] [FML]: OBJLoader: Domain rsgauges has been added.
[09:25:38] [Client thread/WARN] [FML]: Potentially Dangerous alternative prefix `minecraft` for name `tileentitysovietbox`, expected `soviet`. This could be a intended override, but in most cases indicates a broken mod.
[09:25:38] [Client thread/WARN] [FML]: Potentially Dangerous alternative prefix `minecraft` for name `tileentitytableside`, expected `soviet`. This could be a intended override, but in most cases indicates a broken mod.
[09:25:38] [Client thread/WARN] [FML]: Potentially Dangerous alternative prefix `minecraft` for name `tileentitybedside`, expected `soviet`. This could be a intended override, but in most cases indicates a broken mod.
[09:25:38] [Client thread/WARN] [FML]: Potentially Dangerous alternative prefix `minecraft` for name `tileentitysafe`, expected `soviet`. This could be a intended override, but in most cases indicates a broken mod.
[09:25:38] [Client thread/WARN] [FML]: Potentially Dangerous alternative prefix `minecraft` for name `tileentitywlabtable`, expected `soviet`. This could be a intended override, but in most cases indicates a broken mod.
[09:25:38] [Client thread/WARN] [FML]: Potentially Dangerous alternative prefix `minecraft` for name `tileentitylabtable`, expected `soviet`. This could be a intended override, but in most cases indicates a broken mod.
[09:25:38] [Client thread/WARN] [FML]: Potentially Dangerous alternative prefix `minecraft` for name `tileentitydrycab`, expected `soviet`. This could be a intended override, but in most cases indicates a broken mod.
[09:25:38] [Client thread/WARN] [FML]: Potentially Dangerous alternative prefix `minecraft` for name `tileentitystillage`, expected `soviet`. This could be a intended override, but in most cases indicates a broken mod.
[09:25:38] [Client thread/WARN] [FML]: Potentially Dangerous alternative prefix `minecraft` for name `tileentitysovietbox`, expected `soviet`. This could be a intended override, but in most cases indicates a broken mod.
[09:25:38] [Client thread/WARN] [FML]: Potentially Dangerous alternative prefix `minecraft` for name `tileentitydrycab`, expected `soviet`. This could be a intended override, but in most cases indicates a broken mod.
[09:25:38] [Client thread/WARN] [FML]: Potentially Dangerous alternative prefix `minecraft` for name `tileentitytumb`, expected `soviet`. This could be a intended override, but in most cases indicates a broken mod.
[09:25:38] [Client thread/WARN] [FML]: Potentially Dangerous alternative prefix `minecraft` for name `tileentitylabtable`, expected `soviet`. This could be a intended override, but in most cases indicates a broken mod.
[09:25:38] [Client thread/WARN] [FML]: Potentially Dangerous alternative prefix `minecraft` for name `tileentitywlabtable`, expected `soviet`. This could be a intended override, but in most cases indicates a broken mod.
[09:25:38] [Client thread/INFO] [FML]: OBJLoader: Domain soviet has been added.
[09:25:38] [Client thread/WARN] [net.minecraft.network.datasync.EntityDataManager]: defineId called for: class malte0811.industrialwires.entities.EntityBrokenPart from class malte0811.industrialwires.IndustrialWires
[09:25:38] [Client thread/INFO] [FML]: OBJLoader: Domain industrialwires has been added.
[09:25:38] [Client thread/INFO] [engineersdecor]: Registered 89 blocks.
[09:25:38] [Client thread/INFO] [engineersdecor]: Registered 16 tile entities.
[09:25:38] [Client thread/INFO] [STDOUT]: [com.silvaniastudios.roads.FurenikusRoads$RegistrationHandler:registerBlocks:219]: register blocks!!
[09:25:39] [Client thread/INFO] [rsgauges]: Registered 121 blocks.
[09:25:39] [Client thread/INFO] [rsgauges]: Registered 10 tile entities.
[09:25:39] [Client thread/INFO] [FML]: Setting Object Holders with value...
[09:25:39] [Client thread/INFO] [FML]: Object Holders set.
[09:25:39] [Client thread/INFO] [engineersdecor]: Registered 0 items.
[09:25:39] [Client thread/INFO] [STDERR]: [iv_timp.MTSPackLoader:registerItems:152]: java.lang.ClassNotFoundException: minecrafttransportsimulator.dataclasses.MTSRegistry
[09:25:39] [Client thread/INFO] [STDERR]: [iv_timp.MTSPackLoader:registerItems:152]: 	at top.outlands.foundation.boot.ActualClassLoader.findClass(ActualClassLoader.java:286)
[09:25:39] [Client thread/INFO] [STDERR]: [iv_timp.MTSPackLoader:registerItems:152]: 	at java.base/java.lang.ClassLoader.loadClass(ClassLoader.java:569)
[09:25:39] [Client thread/INFO] [STDERR]: [iv_timp.MTSPackLoader:registerItems:152]: 	at top.outlands.foundation.boot.ActualClassLoader.loadClass(ActualClassLoader.java:297)
[09:25:39] [Client thread/INFO] [STDERR]: [iv_timp.MTSPackLoader:registerItems:152]: 	at java.base/java.lang.ClassLoader.loadClass(ClassLoader.java:502)
[09:25:39] [Client thread/INFO] [STDERR]: [iv_timp.MTSPackLoader:registerItems:152]: 	at java.base/java.lang.Class.forName0(Native Method)
[09:25:39] [Client thread/INFO] [STDERR]: [iv_timp.MTSPackLoader:registerItems:152]: 	at java.base/java.lang.Class.forName(Class.java:478)
[09:25:39] [Client thread/INFO] [STDERR]: [iv_timp.MTSPackLoader:registerItems:152]: 	at java.base/java.lang.Class.forName(Class.java:468)
[09:25:39] [Client thread/INFO] [STDERR]: [iv_timp.MTSPackLoader:registerItems:152]: 	at iv_timp.MTSPackLoader.registerItems(MTSPackLoader.java:114)
[09:25:39] [Client thread/INFO] [STDERR]: [iv_timp.MTSPackLoader:registerItems:152]: 	at net.minecraftforge.fml.common.eventhandler.ASMEventHandler.lambda$new$0(ASMEventHandler.java:62)
[09:25:39] [Client thread/INFO] [STDERR]: [iv_timp.MTSPackLoader:registerItems:152]: 	at net.minecraftforge.fml.common.eventhandler.ASMEventHandler.invoke(ASMEventHandler.java:79)
[09:25:39] [Client thread/INFO] [STDERR]: [iv_timp.MTSPackLoader:registerItems:152]: 	at net.minecraftforge.fml.common.eventhandler.EventBus$ContextSetterEventListener.invoke(EventBus.java:246)
[09:25:39] [Client thread/INFO] [STDERR]: [iv_timp.MTSPackLoader:registerItems:152]: 	at net.minecraftforge.fml.common.eventhandler.EventBus.post(EventBus.java:204)
[09:25:39] [Client thread/INFO] [STDERR]: [iv_timp.MTSPackLoader:registerItems:152]: 	at net.minecraftforge.registries.GameData.fireRegistryEvents(GameData.java:850)
[09:25:39] [Client thread/INFO] [STDERR]: [iv_timp.MTSPackLoader:registerItems:152]: 	at net.minecraftforge.fml.common.Loader.preinitializeMods(Loader.java:585)
[09:25:39] [Client thread/INFO] [STDERR]: [iv_timp.MTSPackLoader:registerItems:152]: 	at net.minecraftforge.fml.client.FMLClientHandler.beginMinecraftLoading(FMLClientHandler.java:273)
[09:25:39] [Client thread/INFO] [STDERR]: [iv_timp.MTSPackLoader:registerItems:152]: 	at net.minecraft.client.Minecraft.func_71384_a(Minecraft.java:463)
[09:25:39] [Client thread/INFO] [STDERR]: [iv_timp.MTSPackLoader:registerItems:152]: 	at net.minecraft.client.Minecraft.func_99999_d(Minecraft.java:374)
[09:25:39] [Client thread/INFO] [STDERR]: [iv_timp.MTSPackLoader:registerItems:152]: 	at net.minecraft.client.main.Main.main(SourceFile:123)
[09:25:39] [Client thread/INFO] [STDERR]: [iv_timp.MTSPackLoader:registerItems:152]: 	at top.outlands.foundation.LaunchHandler.launch(LaunchHandler.java:125)
[09:25:39] [Client thread/INFO] [STDERR]: [iv_timp.MTSPackLoader:registerItems:152]: 	at top.outlands.foundation.boot.Foundation.main(Foundation.java:43)
[09:25:39] [Client thread/INFO] [STDERR]: [iv_timp.MTSPackLoader:registerItems:152]: 	at org.prismlauncher.launcher.impl.StandardLauncher.launch(StandardLauncher.java:115)
[09:25:39] [Client thread/INFO] [STDERR]: [iv_timp.MTSPackLoader:registerItems:152]: 	at org.prismlauncher.EntryPoint.listen(EntryPoint.java:129)
[09:25:39] [Client thread/INFO] [STDERR]: [iv_timp.MTSPackLoader:registerItems:152]: 	at org.prismlauncher.EntryPoint.main(EntryPoint.java:70)
[09:25:39] [Client thread/INFO] [STDERR]: [java.lang.Throwable:printStackTrace:677]: Caused by: java.lang.ClassNotFoundException
[09:25:39] [Client thread/INFO] [STDERR]: [java.lang.Throwable:printStackTrace:677]: 	at top.outlands.foundation.boot.ActualClassLoader.findClass(ActualClassLoader.java:269)
[09:25:39] [Client thread/INFO] [STDERR]: [java.lang.Throwable:printStackTrace:677]: 	... 22 more
[09:25:39] [Client thread/INFO] [STDOUT]: [mtsofficialpack.MTSPackLoader:registerItems:119]: Polo!
[09:25:39] [Client thread/INFO] [FML]: Setting Object Holders with value...
[09:25:39] [Client thread/INFO] [FML]: Object Holders set.
[09:25:39] [Client thread/INFO] [FML]: Setting Object Holders with value...
[09:25:39] [Client thread/INFO] [FML]: Object Holders set.
[09:25:39] [Client thread/INFO] [net.minecraft.client.resources.SimpleReloadableResourceManager]: Reloading ResourceManager: BetterFps, Default, FMLFileResourcePack:Forge Mod Loader, FMLFileResourcePack:Minecraft Forge, FMLFileResourcePack:Fugue, FMLFileResourcePack:Blu's Sign Pack, FMLFileResourcePack:MrCrayfish's Furniture Mod, FMLFileResourcePack:CodeChicken Lib, FMLFileResourcePack:CTM, FMLFileResourcePack:Distant Horizons, FMLFileResourcePack:ElectricalCraft, FMLFileResourcePack:Engineer's Doors, FMLFileResourcePack:Engineer's Decor, FMLFileResourcePack:Fureniku's Roads, FMLFileResourcePack:Guidebook, FMLFileResourcePack:Immersive Vehicles (formerly MTS), FMLFileResourcePack:Industrial Renewal, FMLFileResourcePack:ItemOverflow, FMLFileResourcePack:Trin Industrial Machinery Pack, FMLFileResourcePack:Just Enough Items, FMLFileResourcePack:Locks, FMLFileResourcePack:Immersive Vehicles Sound Overrides, FMLFileResourcePack:HBM's Nuclear Tech - Community Edition, FMLFileResourcePack:Rockhounding Mod: Chemistry, FMLFileResourcePack:Rockhounding Mod: Core, FMLFileResourcePack:Gauges and Switches, FMLFileResourcePack:IV Official Sign Pack, FMLFileResourcePack:Soviet Era Mod, FMLFileResourcePack:TheExpandedSignsPack, FMLFileResourcePack:WorldEdit, FMLFileResourcePack:Immersive Engineering, FMLFileResourcePack:Industrial Wires, resources, Internal:mts_packs, Internal:blussignpack, Internal:iv_timp, Internal:mts, Internal:mtsofficialpack, Internal:osip, Internal:tesp, Internal:warkparts, Internal:warkvehicle
[09:25:39] [Client thread/INFO] [hbm]: [QMAW] Reloading manual...
[09:25:39] [Client thread/INFO] [hbm]: [QMAW] Found manual fluids/crude_oil.json
[09:25:39] [Client thread/INFO] [hbm]: [QMAW] Found manual fusion/boiler.json
[09:25:39] [Client thread/INFO] [hbm]: [QMAW] Found manual fusion/breeder.json
[09:25:39] [Client thread/INFO] [hbm]: [QMAW] Found manual fusion/collector.json
[09:25:39] [Client thread/INFO] [hbm]: [QMAW] Found manual fusion/coupler.json
[09:25:39] [Client thread/INFO] [hbm]: [QMAW] Found manual fusion/fusionreactor.json
[09:25:39] [Client thread/INFO] [hbm]: [QMAW] Found manual fusion/klystron.json
[09:25:39] [Client thread/INFO] [hbm]: [QMAW] Found manual fusion/mhdt.json
[09:25:39] [Client thread/INFO] [hbm]: [QMAW] Found manual fusion/torus.json
[09:25:39] [Client thread/INFO] [hbm]: [QMAW] Found manual guide/oil.json
[09:25:39] [Client thread/INFO] [hbm]: [QMAW] Found manual guide/oil1.json
[09:25:39] [Client thread/INFO] [hbm]: [QMAW] Found manual guide/oil2.json
[09:25:39] [Client thread/INFO] [hbm]: [QMAW] Found manual guide/oil3.json
[09:25:39] [Client thread/INFO] [hbm]: [QMAW] Found manual machine/acidizer.json
[09:25:39] [Client thread/INFO] [hbm]: [QMAW] Found manual machine/anvil.json
[09:25:39] [Client thread/INFO] [hbm]: [QMAW] Found manual machine/arc_welder.json
[09:25:39] [Client thread/INFO] [hbm]: [QMAW] Found manual machine/ashpit.json
[09:25:39] [Client thread/INFO] [hbm]: [QMAW] Found manual machine/assembler.json
[09:25:39] [Client thread/ERROR] [hbm]: Error reading stack array ["hbm:tile.machine_blast_furnace",1,0] - defaulting to NOTHING item!
[09:25:39] [Client thread/ERROR] [hbm]: Error reading stack array ["hbm:tile.machine_blast_furnace"] - defaulting to NOTHING item!
[09:25:39] [Client thread/INFO] [hbm]: [QMAW] Manual machine/blastfurnace.json references nonexistant trigger ["hbm:tile.machine_blast_furnace"]
[09:25:39] [Client thread/INFO] [hbm]: [QMAW] Found manual machine/blastfurnace.json
[09:25:39] [Client thread/INFO] [hbm]: [QMAW] Found manual machine/boiler.json
[09:25:39] [Client thread/INFO] [hbm]: [QMAW] Found manual machine/centrifuge.json
[09:25:39] [Client thread/INFO] [hbm]: [QMAW] Found manual machine/chemplant.json
[09:25:39] [Client thread/INFO] [hbm]: [QMAW] Found manual machine/coker.json
[09:25:39] [Client thread/INFO] [hbm]: [QMAW] Found manual machine/comboven.json
[09:25:39] [Client thread/INFO] [hbm]: [QMAW] Found manual machine/condenser.json
[09:25:39] [Client thread/INFO] [hbm]: [QMAW] Found manual machine/crackingtower.json
[09:25:39] [Client thread/INFO] [hbm]: [QMAW] Found manual machine/derrick.json
[09:25:39] [Client thread/INFO] [hbm]: [QMAW] Found manual machine/dieselgen.json
[09:25:39] [Client thread/INFO] [hbm]: [QMAW] Found manual machine/electricheater.json
[09:25:39] [Client thread/INFO] [hbm]: [QMAW] Found manual machine/firebox.json
[09:25:39] [Client thread/INFO] [hbm]: [QMAW] Found manual machine/fracker.json
[09:25:39] [Client thread/INFO] [hbm]: [QMAW] Found manual machine/fractioning.json
[09:25:39] [Client thread/INFO] [hbm]: [QMAW] Found manual machine/heatexchanger.json
[09:25:39] [Client thread/INFO] [hbm]: [QMAW] Found manual machine/heatingoven.json
[09:25:39] [Client thread/INFO] [hbm]: [QMAW] Found manual machine/heatsource.json
[09:25:39] [Client thread/INFO] [hbm]: [QMAW] Found manual machine/ice.json
[09:25:39] [Client thread/INFO] [hbm]: [QMAW] Found manual machine/mixer.json
[09:25:39] [Client thread/INFO] [hbm]: [QMAW] Found manual machine/oilburner.json
[09:25:39] [Client thread/INFO] [hbm]: [QMAW] Found manual machine/press.json
[09:25:39] [Client thread/INFO] [hbm]: [QMAW] Found manual machine/pumpjack.json
[09:25:39] [Client thread/INFO] [hbm]: [QMAW] Found manual machine/pyrooven.json
[09:25:39] [Client thread/INFO] [hbm]: [QMAW] Found manual machine/refinery.json
[09:25:39] [Client thread/INFO] [hbm]: [QMAW] Found manual machine/rotaryfurnace.json
[09:25:39] [Client thread/INFO] [hbm]: [QMAW] Found manual machine/shredder.json
[09:25:39] [Client thread/INFO] [hbm]: [QMAW] Found manual machine/steamengine.json
[09:25:39] [Client thread/INFO] [hbm]: [QMAW] Found manual machine/steelfurnace.json
[09:25:39] [Client thread/INFO] [hbm]: [QMAW] Found manual machine/stirling.json
[09:25:39] [Client thread/INFO] [hbm]: [QMAW] Found manual machine/turbofan.json
[09:25:39] [Client thread/INFO] [hbm]: [QMAW] Found manual machine/woodburner.json
[09:25:39] [Client thread/INFO] [hbm]: [QMAW] Found manual material/aluminium.json
[09:25:39] [Client thread/INFO] [hbm]: [QMAW] Found manual material/arsenic.json
[09:25:39] [Client thread/INFO] [hbm]: [QMAW] Found manual material/arsenic_bronze.json
[09:25:39] [Client thread/INFO] [hbm]: [QMAW] Found manual material/bakelite.json
[09:25:39] [Client thread/INFO] [hbm]: [QMAW] Found manual material/bismuth.json
[09:25:39] [Client thread/INFO] [hbm]: [QMAW] Found manual material/bismuth_bronze.json
[09:25:39] [Client thread/INFO] [hbm]: [QMAW] Found manual material/borax.json
[09:25:39] [Client thread/INFO] [hbm]: [QMAW] Found manual material/boron.json
[09:25:39] [Client thread/INFO] [hbm]: [QMAW] Found manual material/bscco.json
[09:25:39] [Client thread/INFO] [hbm]: [QMAW] Found manual material/cadmium.json
[09:25:39] [Client thread/INFO] [hbm]: [QMAW] Found manual material/cadmium_steel.json
[09:25:39] [Client thread/INFO] [hbm]: [QMAW] Found manual material/cft.json
[09:25:39] [Client thread/INFO] [hbm]: [QMAW] Found manual material/cinnabar.json
[09:25:39] [Client thread/INFO] [hbm]: [QMAW] Found manual material/cobalt.json
[09:25:39] [Client thread/INFO] [hbm]: [QMAW] Found manual material/coke.json
[09:25:39] [Client thread/ERROR] [hbm]: Error reading stack array ["hbm:item.ingot_copper",1,0] - defaulting to NOTHING item!
[09:25:39] [Client thread/ERROR] [hbm]: Error reading stack array ["hbm:item.ingot_copper"] - defaulting to NOTHING item!
[09:25:39] [Client thread/INFO] [hbm]: [QMAW] Manual material/copper.json references nonexistant trigger ["hbm:item.ingot_copper"]
[09:25:39] [Client thread/ERROR] [hbm]: Error reading stack array ["hbm:item.plate_copper"] - defaulting to NOTHING item!
[09:25:39] [Client thread/INFO] [hbm]: [QMAW] Manual material/copper.json references nonexistant trigger ["hbm:item.plate_copper"]
[09:25:39] [Client thread/ERROR] [hbm]: Error reading stack array ["hbm:item.powder_copper"] - defaulting to NOTHING item!
[09:25:39] [Client thread/INFO] [hbm]: [QMAW] Manual material/copper.json references nonexistant trigger ["hbm:item.powder_copper"]
[09:25:39] [Client thread/INFO] [hbm]: [QMAW] Found manual material/copper.json
[09:25:39] [Client thread/INFO] [hbm]: [QMAW] Found manual material/densewire.json
[09:25:39] [Client thread/INFO] [hbm]: [QMAW] Found manual material/desh.json
[09:25:39] [Client thread/INFO] [hbm]: [QMAW] Found manual material/ferrouranium.json
[09:25:39] [Client thread/INFO] [hbm]: [QMAW] Found manual material/graphite.json
[09:25:39] [Client thread/INFO] [hbm]: [QMAW] Found manual material/gunmetal.json
[09:25:39] [Client thread/INFO] [hbm]: [QMAW] Found manual material/hss.json
[09:25:39] [Client thread/INFO] [hbm]: [QMAW] Found manual material/latex.json
[09:25:39] [Client thread/INFO] [hbm]: [QMAW] Found manual material/lead.json
[09:25:39] [Client thread/INFO] [hbm]: [QMAW] Found manual material/mingrade.json
[09:25:39] [Client thread/INFO] [hbm]: [QMAW] Found manual material/neptunium.json
[09:25:39] [Client thread/INFO] [hbm]: [QMAW] Found manual material/plutonium-238.json
[09:25:39] [Client thread/INFO] [hbm]: [QMAW] Found manual material/plutonium-239.json
[09:25:39] [Client thread/INFO] [hbm]: [QMAW] Found manual material/plutonium-240.json
[09:25:39] [Client thread/INFO] [hbm]: [QMAW] Found manual material/plutonium-241.json
[09:25:39] [Client thread/INFO] [hbm]: [QMAW] Found manual material/plutonium-rg.json
[09:25:39] [Client thread/INFO] [hbm]: [QMAW] Found manual material/plutonium.json
[09:25:39] [Client thread/INFO] [hbm]: [QMAW] Found manual material/polonium.json
[09:25:39] [Client thread/INFO] [hbm]: [QMAW] Found manual material/polymer.json
[09:25:39] [Client thread/INFO] [hbm]: [QMAW] Found manual material/radium.json
[09:25:39] [Client thread/INFO] [hbm]: [QMAW] Found manual material/rareearth.json
[09:25:39] [Client thread/INFO] [hbm]: [QMAW] Found manual material/rubber.json
[09:25:39] [Client thread/INFO] [hbm]: [QMAW] Found manual material/silicon.json
[09:25:39] [Client thread/INFO] [hbm]: [QMAW] Found manual material/sodium.json
[09:25:39] [Client thread/INFO] [hbm]: [QMAW] Found manual material/solidfuel.json
[09:25:39] [Client thread/INFO] [hbm]: [QMAW] Found manual material/steel.json
[09:25:39] [Client thread/INFO] [hbm]: [QMAW] Found manual material/sulfur.json
[09:25:39] [Client thread/INFO] [hbm]: [QMAW] Found manual material/tantalium.json
[09:25:39] [Client thread/INFO] [hbm]: [QMAW] Found manual material/technetium.json
[09:25:39] [Client thread/INFO] [hbm]: [QMAW] Found manual material/technetium_steel.json
[09:25:39] [Client thread/INFO] [hbm]: [QMAW] Found manual material/thorium.json
[09:25:39] [Client thread/INFO] [hbm]: [QMAW] Found manual material/uranium-233.json
[09:25:39] [Client thread/INFO] [hbm]: [QMAW] Found manual material/uranium-235.json
[09:25:39] [Client thread/INFO] [hbm]: [QMAW] Found manual material/uranium-238.json
[09:25:39] [Client thread/INFO] [hbm]: [QMAW] Found manual material/uranium.json
[09:25:39] [Client thread/INFO] [hbm]: [QMAW] Found manual material/weaponsteel.json
[09:25:39] [Client thread/INFO] [hbm]: [QMAW] Found manual pa/beamline.json
[09:25:39] [Client thread/INFO] [hbm]: [QMAW] Found manual pa/coil.json
[09:25:39] [Client thread/INFO] [hbm]: [QMAW] Found manual pa/detector.json
[09:25:39] [Client thread/INFO] [hbm]: [QMAW] Found manual pa/dipole.json
[09:25:39] [Client thread/INFO] [hbm]: [QMAW] Found manual pa/particleaccelerator.json
[09:25:39] [Client thread/INFO] [hbm]: [QMAW] Found manual pa/pastepbystep.json
[09:25:39] [Client thread/INFO] [hbm]: [QMAW] Found manual pa/quadrupole.json
[09:25:39] [Client thread/INFO] [hbm]: [QMAW] Found manual pa/rfc.json
[09:25:39] [Client thread/INFO] [hbm]: [QMAW] Found manual pa/source.json
[09:25:39] [Client thread/INFO] [hbm]: [QMAW] Found manual rbmk/absorber.json
[09:25:39] [Client thread/INFO] [hbm]: [QMAW] Found manual rbmk/autoloader.json
[09:25:39] [Client thread/INFO] [hbm]: [QMAW] Found manual rbmk/blank.json
[09:25:39] [Client thread/INFO] [hbm]: [QMAW] Found manual rbmk/boiler.json
[09:25:39] [Client thread/INFO] [hbm]: [QMAW] Found manual rbmk/console.json
[09:25:39] [Client thread/INFO] [hbm]: [QMAW] Found manual rbmk/controlauto.json
[09:25:39] [Client thread/INFO] [hbm]: [QMAW] Found manual rbmk/controlrod.json
[09:25:39] [Client thread/INFO] [hbm]: [QMAW] Found manual rbmk/cooler.json
[09:25:39] [Client thread/INFO] [hbm]: [QMAW] Found manual rbmk/crane.json
[09:25:39] [Client thread/INFO] [hbm]: [QMAW] Found manual rbmk/heater.json
[09:25:39] [Client thread/INFO] [hbm]: [QMAW] Found manual rbmk/loader.json
[09:25:39] [Client thread/INFO] [hbm]: [QMAW] Found manual rbmk/moderator.json
[09:25:39] [Client thread/INFO] [hbm]: [QMAW] Found manual rbmk/reflector.json
[09:25:39] [Client thread/INFO] [hbm]: [QMAW] Found manual rbmk/rod.json
[09:25:39] [Client thread/INFO] [hbm]: [QMAW] Found manual rbmk/storage.json
[09:25:39] [Client thread/ERROR] [hbm]: Error reading stack array ["hbm:tile.rbmk_key_pad",1,0] - defaulting to NOTHING item!
[09:25:39] [Client thread/ERROR] [hbm]: Error reading stack array ["hbm:tile.rbmk_key_pad"] - defaulting to NOTHING item!
[09:25:39] [Client thread/INFO] [hbm]: [QMAW] Manual ror/panelbutton.json references nonexistant trigger ["hbm:tile.rbmk_key_pad"]
[09:25:39] [Client thread/INFO] [hbm]: [QMAW] Found manual ror/panelbutton.json
[09:25:39] [Client thread/ERROR] [hbm]: Error reading stack array ["hbm:tile.rbmk_gauge",1,0] - defaulting to NOTHING item!
[09:25:39] [Client thread/ERROR] [hbm]: Error reading stack array ["hbm:tile.rbmk_gauge"] - defaulting to NOTHING item!
[09:25:39] [Client thread/INFO] [hbm]: [QMAW] Manual ror/panelgauge.json references nonexistant trigger ["hbm:tile.rbmk_gauge"]
[09:25:39] [Client thread/INFO] [hbm]: [QMAW] Found manual ror/panelgauge.json
[09:25:39] [Client thread/ERROR] [hbm]: Error reading stack array ["hbm:tile.rbmk_graph",1,0] - defaulting to NOTHING item!
[09:25:39] [Client thread/ERROR] [hbm]: Error reading stack array ["hbm:tile.rbmk_graph"] - defaulting to NOTHING item!
[09:25:39] [Client thread/INFO] [hbm]: [QMAW] Manual ror/panelgraph.json references nonexistant trigger ["hbm:tile.rbmk_graph"]
[09:25:39] [Client thread/INFO] [hbm]: [QMAW] Found manual ror/panelgraph.json
[09:25:39] [Client thread/ERROR] [hbm]: Error reading stack array ["hbm:tile.rbmk_indicator",1,0] - defaulting to NOTHING item!
[09:25:39] [Client thread/ERROR] [hbm]: Error reading stack array ["hbm:tile.rbmk_indicator"] - defaulting to NOTHING item!
[09:25:39] [Client thread/INFO] [hbm]: [QMAW] Manual ror/panelindicator.json references nonexistant trigger ["hbm:tile.rbmk_indicator"]
[09:25:39] [Client thread/INFO] [hbm]: [QMAW] Found manual ror/panelindicator.json
[09:25:39] [Client thread/ERROR] [hbm]: Error reading stack array ["hbm:tile.rbmk_lever",1,0] - defaulting to NOTHING item!
[09:25:39] [Client thread/ERROR] [hbm]: Error reading stack array ["hbm:tile.rbmk_lever"] - defaulting to NOTHING item!
[09:25:39] [Client thread/INFO] [hbm]: [QMAW] Manual ror/panellever.json references nonexistant trigger ["hbm:tile.rbmk_lever"]
[09:25:39] [Client thread/INFO] [hbm]: [QMAW] Found manual ror/panellever.json
[09:25:39] [Client thread/ERROR] [hbm]: Error reading stack array ["hbm:tile.rbmk_numitron",1,0] - defaulting to NOTHING item!
[09:25:39] [Client thread/ERROR] [hbm]: Error reading stack array ["hbm:tile.rbmk_numitron"] - defaulting to NOTHING item!
[09:25:39] [Client thread/INFO] [hbm]: [QMAW] Manual ror/panelnumitron.json references nonexistant trigger ["hbm:tile.rbmk_numitron"]
[09:25:39] [Client thread/INFO] [hbm]: [QMAW] Found manual ror/panelnumitron.json
[09:25:39] [Client thread/INFO] [hbm]: [QMAW] Found manual ror/redstoneoverradio.json
[09:25:39] [Client thread/INFO] [hbm]: [QMAW] Found manual ror/rorcontroller.json
[09:25:39] [Client thread/INFO] [hbm]: [QMAW] Found manual ror/rorcounter.json
[09:25:39] [Client thread/INFO] [hbm]: [QMAW] Found manual ror/rorlogic.json
[09:25:39] [Client thread/INFO] [hbm]: [QMAW] Found manual ror/rorreader.json
[09:25:39] [Client thread/INFO] [hbm]: [QMAW] Found manual ror/rorreceiver.json
[09:25:39] [Client thread/INFO] [hbm]: [QMAW] Found manual ror/rortransmitter.json
[09:25:39] [Client thread/INFO] [hbm]: [QMAW] Found manual weapon/ap.json
[09:25:39] [Client thread/INFO] [hbm]: [QMAW] Found manual weapon/buckshot.json
[09:25:39] [Client thread/INFO] [hbm]: [QMAW] Found manual weapon/buckshotmagnum.json
[09:25:39] [Client thread/INFO] [hbm]: [QMAW] Found manual weapon/buckshotsharpnel.json
[09:25:39] [Client thread/INFO] [hbm]: [QMAW] Found manual weapon/demo.json
[09:25:39] [Client thread/INFO] [hbm]: [QMAW] Found manual weapon/du.json
[09:25:39] [Client thread/INFO] [hbm]: [QMAW] Found manual weapon/express.json
[09:25:39] [Client thread/INFO] [hbm]: [QMAW] Found manual weapon/flechettes.json
[09:25:39] [Client thread/INFO] [hbm]: [QMAW] Found manual weapon/fmj.json
[09:25:39] [Client thread/INFO] [hbm]: [QMAW] Found manual weapon/grenade.json
[09:25:39] [Client thread/INFO] [hbm]: [QMAW] Found manual weapon/he.json
[09:25:39] [Client thread/INFO] [hbm]: [QMAW] Found manual weapon/heat.json
[09:25:39] [Client thread/INFO] [hbm]: [QMAW] Found manual weapon/incendiary.json
[09:25:39] [Client thread/INFO] [hbm]: [QMAW] Found manual weapon/jhp.json
[09:25:39] [Client thread/INFO] [hbm]: [QMAW] Found manual weapon/muke.json
[09:25:39] [Client thread/INFO] [hbm]: [QMAW] Found manual weapon/powder.json
[09:25:39] [Client thread/INFO] [hbm]: [QMAW] Found manual weapon/slug.json
[09:25:39] [Client thread/INFO] [hbm]: [QMAW] Found manual weapon/softpoint.json
[09:25:39] [Client thread/INFO] [hbm]: [QMAW] Found manual weapon/star.json
[09:25:39] [Client thread/INFO] [hbm]: [QMAW] Found manual weapon/wp.json
[09:25:39] [Client thread/INFO] [hbm]: [QMAW] Found manual fluids/crude_oil.json
[09:25:39] [Client thread/INFO] [hbm]: [QMAW] Found manual fusion/boiler.json
[09:25:39] [Client thread/INFO] [hbm]: [QMAW] Found manual fusion/breeder.json
[09:25:39] [Client thread/INFO] [hbm]: [QMAW] Found manual fusion/collector.json
[09:25:39] [Client thread/INFO] [hbm]: [QMAW] Found manual fusion/coupler.json
[09:25:39] [Client thread/INFO] [hbm]: [QMAW] Found manual fusion/fusionreactor.json
[09:25:39] [Client thread/INFO] [hbm]: [QMAW] Found manual fusion/klystron.json
[09:25:39] [Client thread/INFO] [hbm]: [QMAW] Found manual fusion/mhdt.json
[09:25:39] [Client thread/INFO] [hbm]: [QMAW] Found manual fusion/torus.json
[09:25:39] [Client thread/INFO] [hbm]: [QMAW] Found manual guide/oil.json
[09:25:39] [Client thread/INFO] [hbm]: [QMAW] Found manual guide/oil1.json
[09:25:39] [Client thread/INFO] [hbm]: [QMAW] Found manual guide/oil2.json
[09:25:39] [Client thread/INFO] [hbm]: [QMAW] Found manual guide/oil3.json
[09:25:39] [Client thread/INFO] [hbm]: [QMAW] Found manual machine/acidizer.json
[09:25:39] [Client thread/INFO] [hbm]: [QMAW] Found manual machine/anvil.json
[09:25:39] [Client thread/INFO] [hbm]: [QMAW] Found manual machine/arc_welder.json
[09:25:39] [Client thread/INFO] [hbm]: [QMAW] Found manual machine/ashpit.json
[09:25:39] [Client thread/INFO] [hbm]: [QMAW] Found manual machine/assembler.json
[09:25:39] [Client thread/ERROR] [hbm]: Error reading stack array ["hbm:tile.machine_blast_furnace",1,0] - defaulting to NOTHING item!
[09:25:39] [Client thread/ERROR] [hbm]: Error reading stack array ["hbm:tile.machine_blast_furnace"] - defaulting to NOTHING item!
[09:25:39] [Client thread/INFO] [hbm]: [QMAW] Manual machine/blastfurnace.json references nonexistant trigger ["hbm:tile.machine_blast_furnace"]
[09:25:39] [Client thread/INFO] [hbm]: [QMAW] Found manual machine/blastfurnace.json
[09:25:39] [Client thread/INFO] [hbm]: [QMAW] Found manual machine/boiler.json
[09:25:39] [Client thread/INFO] [hbm]: [QMAW] Found manual machine/centrifuge.json
[09:25:39] [Client thread/INFO] [hbm]: [QMAW] Found manual machine/chemplant.json
[09:25:39] [Client thread/INFO] [hbm]: [QMAW] Found manual machine/coker.json
[09:25:39] [Client thread/INFO] [hbm]: [QMAW] Found manual machine/comboven.json
[09:25:39] [Client thread/INFO] [hbm]: [QMAW] Found manual machine/condenser.json
[09:25:39] [Client thread/INFO] [hbm]: [QMAW] Found manual machine/crackingtower.json
[09:25:39] [Client thread/INFO] [hbm]: [QMAW] Found manual machine/derrick.json
[09:25:39] [Client thread/INFO] [hbm]: [QMAW] Found manual machine/dieselgen.json
[09:25:39] [Client thread/INFO] [hbm]: [QMAW] Found manual machine/electricheater.json
[09:25:39] [Client thread/INFO] [hbm]: [QMAW] Found manual machine/firebox.json
[09:25:39] [Client thread/INFO] [hbm]: [QMAW] Found manual machine/fracker.json
[09:25:39] [Client thread/INFO] [hbm]: [QMAW] Found manual machine/fractioning.json
[09:25:39] [Client thread/INFO] [hbm]: [QMAW] Found manual machine/heatexchanger.json
[09:25:39] [Client thread/INFO] [hbm]: [QMAW] Found manual machine/heatingoven.json
[09:25:39] [Client thread/INFO] [hbm]: [QMAW] Found manual machine/heatsource.json
[09:25:39] [Client thread/INFO] [hbm]: [QMAW] Found manual machine/ice.json
[09:25:39] [Client thread/INFO] [hbm]: [QMAW] Found manual machine/mixer.json
[09:25:39] [Client thread/INFO] [hbm]: [QMAW] Found manual machine/oilburner.json
[09:25:39] [Client thread/INFO] [hbm]: [QMAW] Found manual machine/press.json
[09:25:39] [Client thread/INFO] [hbm]: [QMAW] Found manual machine/pumpjack.json
[09:25:39] [Client thread/INFO] [hbm]: [QMAW] Found manual machine/pyrooven.json
[09:25:39] [Client thread/INFO] [hbm]: [QMAW] Found manual machine/refinery.json
[09:25:39] [Client thread/INFO] [hbm]: [QMAW] Found manual machine/rotaryfurnace.json
[09:25:39] [Client thread/INFO] [hbm]: [QMAW] Found manual machine/shredder.json
[09:25:39] [Client thread/INFO] [hbm]: [QMAW] Found manual machine/steamengine.json
[09:25:39] [Client thread/INFO] [hbm]: [QMAW] Found manual machine/steelfurnace.json
[09:25:39] [Client thread/INFO] [hbm]: [QMAW] Found manual machine/stirling.json
[09:25:39] [Client thread/INFO] [hbm]: [QMAW] Found manual machine/turbofan.json
[09:25:39] [Client thread/INFO] [hbm]: [QMAW] Found manual machine/woodburner.json
[09:25:39] [Client thread/INFO] [hbm]: [QMAW] Found manual material/aluminium.json
[09:25:39] [Client thread/INFO] [hbm]: [QMAW] Found manual material/arsenic.json
[09:25:39] [Client thread/INFO] [hbm]: [QMAW] Found manual material/arsenic_bronze.json
[09:25:39] [Client thread/INFO] [hbm]: [QMAW] Found manual material/bakelite.json
[09:25:39] [Client thread/INFO] [hbm]: [QMAW] Found manual material/bismuth.json
[09:25:39] [Client thread/INFO] [hbm]: [QMAW] Found manual material/bismuth_bronze.json
[09:25:39] [Client thread/INFO] [hbm]: [QMAW] Found manual material/borax.json
[09:25:39] [Client thread/INFO] [hbm]: [QMAW] Found manual material/boron.json
[09:25:39] [Client thread/INFO] [hbm]: [QMAW] Found manual material/bscco.json
[09:25:39] [Client thread/INFO] [hbm]: [QMAW] Found manual material/cadmium.json
[09:25:39] [Client thread/INFO] [hbm]: [QMAW] Found manual material/cadmium_steel.json
[09:25:39] [Client thread/INFO] [hbm]: [QMAW] Found manual material/cft.json
[09:25:39] [Client thread/INFO] [hbm]: [QMAW] Found manual material/cinnabar.json
[09:25:39] [Client thread/INFO] [hbm]: [QMAW] Found manual material/cobalt.json
[09:25:39] [Client thread/INFO] [hbm]: [QMAW] Found manual material/coke.json
[09:25:39] [Client thread/ERROR] [hbm]: Error reading stack array ["hbm:item.ingot_copper",1,0] - defaulting to NOTHING item!
[09:25:39] [Client thread/ERROR] [hbm]: Error reading stack array ["hbm:item.ingot_copper"] - defaulting to NOTHING item!
[09:25:39] [Client thread/INFO] [hbm]: [QMAW] Manual material/copper.json references nonexistant trigger ["hbm:item.ingot_copper"]
[09:25:39] [Client thread/ERROR] [hbm]: Error reading stack array ["hbm:item.plate_copper"] - defaulting to NOTHING item!
[09:25:39] [Client thread/INFO] [hbm]: [QMAW] Manual material/copper.json references nonexistant trigger ["hbm:item.plate_copper"]
[09:25:39] [Client thread/ERROR] [hbm]: Error reading stack array ["hbm:item.powder_copper"] - defaulting to NOTHING item!
[09:25:39] [Client thread/INFO] [hbm]: [QMAW] Manual material/copper.json references nonexistant trigger ["hbm:item.powder_copper"]
[09:25:39] [Client thread/INFO] [hbm]: [QMAW] Found manual material/copper.json
[09:25:39] [Client thread/INFO] [hbm]: [QMAW] Found manual material/densewire.json
[09:25:39] [Client thread/INFO] [hbm]: [QMAW] Found manual material/desh.json
[09:25:39] [Client thread/INFO] [hbm]: [QMAW] Found manual material/ferrouranium.json
[09:25:39] [Client thread/INFO] [hbm]: [QMAW] Found manual material/graphite.json
[09:25:39] [Client thread/INFO] [hbm]: [QMAW] Found manual material/gunmetal.json
[09:25:39] [Client thread/INFO] [hbm]: [QMAW] Found manual material/hss.json
[09:25:39] [Client thread/INFO] [hbm]: [QMAW] Found manual material/latex.json
[09:25:39] [Client thread/INFO] [hbm]: [QMAW] Found manual material/lead.json
[09:25:39] [Client thread/INFO] [hbm]: [QMAW] Found manual material/mingrade.json
[09:25:39] [Client thread/INFO] [hbm]: [QMAW] Found manual material/neptunium.json
[09:25:39] [Client thread/INFO] [hbm]: [QMAW] Found manual material/plutonium-238.json
[09:25:39] [Client thread/INFO] [hbm]: [QMAW] Found manual material/plutonium-239.json
[09:25:39] [Client thread/INFO] [hbm]: [QMAW] Found manual material/plutonium-240.json
[09:25:39] [Client thread/INFO] [hbm]: [QMAW] Found manual material/plutonium-241.json
[09:25:39] [Client thread/INFO] [hbm]: [QMAW] Found manual material/plutonium-rg.json
[09:25:39] [Client thread/INFO] [hbm]: [QMAW] Found manual material/plutonium.json
[09:25:39] [Client thread/INFO] [hbm]: [QMAW] Found manual material/polonium.json
[09:25:39] [Client thread/INFO] [hbm]: [QMAW] Found manual material/polymer.json
[09:25:39] [Client thread/INFO] [hbm]: [QMAW] Found manual material/radium.json
[09:25:39] [Client thread/INFO] [hbm]: [QMAW] Found manual material/rareearth.json
[09:25:39] [Client thread/INFO] [hbm]: [QMAW] Found manual material/rubber.json
[09:25:39] [Client thread/INFO] [hbm]: [QMAW] Found manual material/silicon.json
[09:25:39] [Client thread/INFO] [hbm]: [QMAW] Found manual material/sodium.json
[09:25:39] [Client thread/INFO] [hbm]: [QMAW] Found manual material/solidfuel.json
[09:25:39] [Client thread/INFO] [hbm]: [QMAW] Found manual material/steel.json
[09:25:39] [Client thread/INFO] [hbm]: [QMAW] Found manual material/sulfur.json
[09:25:39] [Client thread/INFO] [hbm]: [QMAW] Found manual material/tantalium.json
[09:25:39] [Client thread/INFO] [hbm]: [QMAW] Found manual material/technetium.json
[09:25:39] [Client thread/INFO] [hbm]: [QMAW] Found manual material/technetium_steel.json
[09:25:39] [Client thread/INFO] [hbm]: [QMAW] Found manual material/thorium.json
[09:25:39] [Client thread/INFO] [hbm]: [QMAW] Found manual material/uranium-233.json
[09:25:39] [Client thread/INFO] [hbm]: [QMAW] Found manual material/uranium-235.json
[09:25:39] [Client thread/INFO] [hbm]: [QMAW] Found manual material/uranium-238.json
[09:25:39] [Client thread/INFO] [hbm]: [QMAW] Found manual material/uranium.json
[09:25:39] [Client thread/INFO] [hbm]: [QMAW] Found manual material/weaponsteel.json
[09:25:39] [Client thread/INFO] [hbm]: [QMAW] Found manual pa/beamline.json
[09:25:39] [Client thread/INFO] [hbm]: [QMAW] Found manual pa/coil.json
[09:25:39] [Client thread/INFO] [hbm]: [QMAW] Found manual pa/detector.json
[09:25:39] [Client thread/INFO] [hbm]: [QMAW] Found manual pa/dipole.json
[09:25:39] [Client thread/INFO] [hbm]: [QMAW] Found manual pa/particleaccelerator.json
[09:25:39] [Client thread/INFO] [hbm]: [QMAW] Found manual pa/pastepbystep.json
[09:25:39] [Client thread/INFO] [hbm]: [QMAW] Found manual pa/quadrupole.json
[09:25:39] [Client thread/INFO] [hbm]: [QMAW] Found manual pa/rfc.json
[09:25:39] [Client thread/INFO] [hbm]: [QMAW] Found manual pa/source.json
[09:25:39] [Client thread/INFO] [hbm]: [QMAW] Found manual rbmk/absorber.json
[09:25:39] [Client thread/INFO] [hbm]: [QMAW] Found manual rbmk/autoloader.json
[09:25:39] [Client thread/INFO] [hbm]: [QMAW] Found manual rbmk/blank.json
[09:25:39] [Client thread/INFO] [hbm]: [QMAW] Found manual rbmk/boiler.json
[09:25:39] [Client thread/INFO] [hbm]: [QMAW] Found manual rbmk/console.json
[09:25:39] [Client thread/INFO] [hbm]: [QMAW] Found manual rbmk/controlauto.json
[09:25:39] [Client thread/INFO] [hbm]: [QMAW] Found manual rbmk/controlrod.json
[09:25:39] [Client thread/INFO] [hbm]: [QMAW] Found manual rbmk/cooler.json
[09:25:39] [Client thread/INFO] [hbm]: [QMAW] Found manual rbmk/crane.json
[09:25:39] [Client thread/INFO] [hbm]: [QMAW] Found manual rbmk/heater.json
[09:25:39] [Client thread/INFO] [hbm]: [QMAW] Found manual rbmk/loader.json
[09:25:39] [Client thread/INFO] [hbm]: [QMAW] Found manual rbmk/moderator.json
[09:25:39] [Client thread/INFO] [hbm]: [QMAW] Found manual rbmk/reflector.json
[09:25:39] [Client thread/INFO] [hbm]: [QMAW] Found manual rbmk/rod.json
[09:25:39] [Client thread/INFO] [hbm]: [QMAW] Found manual rbmk/storage.json
[09:25:39] [Client thread/ERROR] [hbm]: Error reading stack array ["hbm:tile.rbmk_key_pad",1,0] - defaulting to NOTHING item!
[09:25:39] [Client thread/ERROR] [hbm]: Error reading stack array ["hbm:tile.rbmk_key_pad"] - defaulting to NOTHING item!
[09:25:39] [Client thread/INFO] [hbm]: [QMAW] Manual ror/panelbutton.json references nonexistant trigger ["hbm:tile.rbmk_key_pad"]
[09:25:39] [Client thread/INFO] [hbm]: [QMAW] Found manual ror/panelbutton.json
[09:25:39] [Client thread/ERROR] [hbm]: Error reading stack array ["hbm:tile.rbmk_gauge",1,0] - defaulting to NOTHING item!
[09:25:39] [Client thread/ERROR] [hbm]: Error reading stack array ["hbm:tile.rbmk_gauge"] - defaulting to NOTHING item!
[09:25:39] [Client thread/INFO] [hbm]: [QMAW] Manual ror/panelgauge.json references nonexistant trigger ["hbm:tile.rbmk_gauge"]
[09:25:39] [Client thread/INFO] [hbm]: [QMAW] Found manual ror/panelgauge.json
[09:25:39] [Client thread/ERROR] [hbm]: Error reading stack array ["hbm:tile.rbmk_graph",1,0] - defaulting to NOTHING item!
[09:25:39] [Client thread/ERROR] [hbm]: Error reading stack array ["hbm:tile.rbmk_graph"] - defaulting to NOTHING item!
[09:25:39] [Client thread/INFO] [hbm]: [QMAW] Manual ror/panelgraph.json references nonexistant trigger ["hbm:tile.rbmk_graph"]
[09:25:39] [Client thread/INFO] [hbm]: [QMAW] Found manual ror/panelgraph.json
[09:25:39] [Client thread/ERROR] [hbm]: Error reading stack array ["hbm:tile.rbmk_indicator",1,0] - defaulting to NOTHING item!
[09:25:39] [Client thread/ERROR] [hbm]: Error reading stack array ["hbm:tile.rbmk_indicator"] - defaulting to NOTHING item!
[09:25:39] [Client thread/INFO] [hbm]: [QMAW] Manual ror/panelindicator.json references nonexistant trigger ["hbm:tile.rbmk_indicator"]
[09:25:39] [Client thread/INFO] [hbm]: [QMAW] Found manual ror/panelindicator.json
[09:25:39] [Client thread/ERROR] [hbm]: Error reading stack array ["hbm:tile.rbmk_lever",1,0] - defaulting to NOTHING item!
[09:25:39] [Client thread/ERROR] [hbm]: Error reading stack array ["hbm:tile.rbmk_lever"] - defaulting to NOTHING item!
[09:25:39] [Client thread/INFO] [hbm]: [QMAW] Manual ror/panellever.json references nonexistant trigger ["hbm:tile.rbmk_lever"]
[09:25:39] [Client thread/INFO] [hbm]: [QMAW] Found manual ror/panellever.json
[09:25:39] [Client thread/ERROR] [hbm]: Error reading stack array ["hbm:tile.rbmk_numitron",1,0] - defaulting to NOTHING item!
[09:25:39] [Client thread/ERROR] [hbm]: Error reading stack array ["hbm:tile.rbmk_numitron"] - defaulting to NOTHING item!
[09:25:39] [Client thread/INFO] [hbm]: [QMAW] Manual ror/panelnumitron.json references nonexistant trigger ["hbm:tile.rbmk_numitron"]
[09:25:39] [Client thread/INFO] [hbm]: [QMAW] Found manual ror/panelnumitron.json
[09:25:39] [Client thread/INFO] [hbm]: [QMAW] Found manual ror/redstoneoverradio.json
[09:25:39] [Client thread/INFO] [hbm]: [QMAW] Found manual ror/rorcontroller.json
[09:25:39] [Client thread/INFO] [hbm]: [QMAW] Found manual ror/rorcounter.json
[09:25:39] [Client thread/INFO] [hbm]: [QMAW] Found manual ror/rorlogic.json
[09:25:39] [Client thread/INFO] [hbm]: [QMAW] Found manual ror/rorreader.json
[09:25:39] [Client thread/INFO] [hbm]: [QMAW] Found manual ror/rorreceiver.json
[09:25:39] [Client thread/INFO] [hbm]: [QMAW] Found manual ror/rortransmitter.json
[09:25:39] [Client thread/INFO] [hbm]: [QMAW] Found manual weapon/ap.json
[09:25:39] [Client thread/INFO] [hbm]: [QMAW] Found manual weapon/buckshot.json
[09:25:39] [Client thread/INFO] [hbm]: [QMAW] Found manual weapon/buckshotmagnum.json
[09:25:39] [Client thread/INFO] [hbm]: [QMAW] Found manual weapon/buckshotsharpnel.json
[09:25:39] [Client thread/INFO] [hbm]: [QMAW] Found manual weapon/demo.json
[09:25:39] [Client thread/INFO] [hbm]: [QMAW] Found manual weapon/du.json
[09:25:39] [Client thread/INFO] [hbm]: [QMAW] Found manual weapon/express.json
[09:25:39] [Client thread/INFO] [hbm]: [QMAW] Found manual weapon/flechettes.json
[09:25:39] [Client thread/INFO] [hbm]: [QMAW] Found manual weapon/fmj.json
[09:25:39] [Client thread/INFO] [hbm]: [QMAW] Found manual weapon/grenade.json
[09:25:39] [Client thread/INFO] [hbm]: [QMAW] Found manual weapon/he.json
[09:25:39] [Client thread/INFO] [hbm]: [QMAW] Found manual weapon/heat.json
[09:25:39] [Client thread/INFO] [hbm]: [QMAW] Found manual weapon/incendiary.json
[09:25:39] [Client thread/INFO] [hbm]: [QMAW] Found manual weapon/jhp.json
[09:25:39] [Client thread/INFO] [hbm]: [QMAW] Found manual weapon/muke.json
[09:25:39] [Client thread/INFO] [hbm]: [QMAW] Found manual weapon/powder.json
[09:25:39] [Client thread/INFO] [hbm]: [QMAW] Found manual weapon/slug.json
[09:25:39] [Client thread/INFO] [hbm]: [QMAW] Found manual weapon/softpoint.json
[09:25:39] [Client thread/INFO] [hbm]: [QMAW] Found manual weapon/star.json
[09:25:39] [Client thread/INFO] [hbm]: [QMAW] Found manual weapon/wp.json
[09:25:39] [Client thread/INFO] [hbm]: [QMAW] Loaded 157 manual entries! (13ms)
[09:25:39] [Client thread/INFO] [FML]: OBJLoader: Domain gbook has been added.
[09:25:39] [Client thread/WARN] [gbook]: Unrecognized tag: apace
[09:25:39] [Client thread/INFO] [FML]: Setting Object Holders with value...
[09:25:39] [Client thread/INFO] [FML]: Object Holders set.
[09:25:39] [Client thread/INFO] [FML]: Injecting itemstacks
[09:25:39] [Client thread/INFO] [FML]: Itemstack injection complete
[09:25:39] [Client thread/INFO] [Kirino Core]: ---------- Kirino Client-Side Initialization ----------
[09:25:39] [Client thread/INFO] [Kirino Core]: GLResourceManager is now active.
[09:25:39] [Client thread/INFO] [Kirino Core]: Registered the client-side default StructScanningEvent listener.
[09:25:39] [Client thread/INFO] [Kirino Core]: Registered the client-side default ComponentScanningEvent listener.
[09:25:39] [Client thread/INFO] [Kirino Core]: Registered the client-side default JobRegistrationEvent listener.
[09:25:39] [Client thread/INFO] [Kirino Core]: Registered the client-side default DebugHUDRegistrationEvent listener.
[09:25:39] [Client thread/INFO] [Kirino Core]: ---------- Kirino Common Initialization ----------
[09:25:39] [Client thread/INFO] [Kirino Core]: Registered the default ShaderRegistrationEvent listener.
[09:25:39] [Client thread/INFO] [Kirino Core]: Registered the default PostProcessingRegistrationEvent listener.
[09:25:39] [Client thread/INFO] [Kirino Core]: Initializing ECS Runtime.
[09:25:39] [Client thread/INFO] [Kirino Core]: ECS Runtime Initialized. Time taken: 452 ms
[09:25:39] [Client thread/INFO] [Kirino Core]: Initializing Kirino Engine.
[09:25:40] [Client thread/INFO] [Kirino Core]: Registered headless module installer "com.cleanroommc.kirino.engine.analysis.install.AnalyticalWorldInstaller".
[09:25:40] [Client thread/INFO] [Kirino Core]: Registered graphics module installer "com.cleanroommc.kirino.engine.graphics.install.GraphicsWorldInstaller".
[09:25:40] [Client thread/INFO] [Kirino Core]: Kirino Engine Initialized. Time taken: 33 ms
[09:25:40] [Client thread/INFO] [Kirino Core]: ---------- Kirino Client-Side Initialization ----------
[09:25:40] [Client thread/INFO] [Kirino Core]: OpenGL version: 4.6.0 NVIDIA 610.57.04
[09:25:40] [Client thread/WARN] [net.minecraft.client.audio.SoundHandler]: File furenikusroads:sounds/tarmac_rammer.ogg does not exist, cannot add it to event furenikusroads:tarmac_rammer
[09:25:40] [Client thread/WARN] [net.minecraft.client.audio.SoundManager]: Missing sound for event: cfm:channel_news
[09:25:40] [Client thread/WARN] [net.minecraft.client.audio.SoundManager]: Missing sound for event: cfm:channel_cooking
[09:25:40] [Client thread/WARN] [net.minecraft.client.audio.SoundManager]: Missing sound for event: cfm:channel_sam_tabor
[09:25:40] [Client thread/WARN] [net.minecraft.client.audio.SoundManager]: Missing sound for event: cfm:channel_heman
[09:25:40] [Client thread/WARN] [net.minecraft.client.audio.SoundManager]: Missing sound for event: cfm:channel_switch
[09:25:40] [Sound Library Loader/INFO] [net.minecraft.client.audio.SoundManager]: Starting up SoundSystem...
[09:25:40] [Client thread/INFO] [FML]: OBJModel: A color has already been defined for material 'None' in 'electricalcraft:models/item/generator.mtl'. The color defined by key 'Ks' will not be applied!
[09:25:40] [Client thread/INFO] [FML]: OBJLoader.MaterialLibrary: key 'Ns' (model: 'electricalcraft:models/item/generator.mtl') is not currently supported, skipping
[09:25:40] [Client thread/INFO] [FML]: OBJLoader.Parser: command 's' (model: 'electricalcraft:models/item/generator.obj') is not currently supported, skipping. Line: 9791 's 1'
[09:25:40] [Thread-3/INFO] [net.minecraft.client.audio.SoundManager]: Initializing LWJGL OpenAL
[09:25:40] [Thread-3/INFO] [net.minecraft.client.audio.SoundManager]: (The LWJGL binding of OpenAL.  For more information, see http://www.lwjgl.org)
[09:25:40] [Client thread/INFO] [FML]: OBJLoader.MaterialLibrary: key 'Ns' (model: 'electricalcraft:models/item/breaker_box_2_closed.mtl') is not currently supported, skipping
[09:25:40] [Client thread/INFO] [FML]: OBJModel: A color has already been defined for material '_0135_DarkGray' in 'electricalcraft:models/item/breaker_box_2_closed.mtl'. The color defined by key 'Ks' will not be applied!
[09:25:40] [Client thread/INFO] [FML]: OBJLoader.MaterialLibrary: key 'Ke' (model: 'electricalcraft:models/item/breaker_box_2_closed.mtl') is not currently supported, skipping
[09:25:40] [Client thread/INFO] [FML]: OBJLoader.MaterialLibrary: key 'Ni' (model: 'electricalcraft:models/item/breaker_box_2_closed.mtl') is not currently supported, skipping
[09:25:40] [Client thread/INFO] [FML]: OBJLoader.MaterialLibrary: key 'illum' (model: 'electricalcraft:models/item/breaker_box_2_closed.mtl') is not currently supported, skipping
[09:25:40] [Client thread/INFO] [FML]: OBJModel: A color has already been defined for material 'material_2' in 'electricalcraft:models/item/breaker_box_2_closed.mtl'. The color defined by key 'Ks' will not be applied!
[09:25:40] [Client thread/INFO] [FML]: OBJLoader.Parser: command 'l' (model: 'electricalcraft:models/item/breaker_box_2_closed.obj') is not currently supported, skipping. Line: 413 'l 9 10'
[09:25:40] [Client thread/INFO] [FML]: OBJLoader.MaterialLibrary: key 'Ns' (model: 'electricalcraft:models/item/breaker_box_2_open.mtl') is not currently supported, skipping
[09:25:40] [Client thread/INFO] [FML]: OBJModel: A color has already been defined for material '_0135_DarkGray' in 'electricalcraft:models/item/breaker_box_2_open.mtl'. The color defined by key 'Ks' will not be applied!
[09:25:40] [Client thread/INFO] [FML]: OBJLoader.MaterialLibrary: key 'Ke' (model: 'electricalcraft:models/item/breaker_box_2_open.mtl') is not currently supported, skipping
[09:25:40] [Client thread/INFO] [FML]: OBJLoader.MaterialLibrary: key 'Ni' (model: 'electricalcraft:models/item/breaker_box_2_open.mtl') is not currently supported, skipping
[09:25:40] [Client thread/INFO] [FML]: OBJLoader.MaterialLibrary: key 'illum' (model: 'electricalcraft:models/item/breaker_box_2_open.mtl') is not currently supported, skipping
[09:25:40] [Client thread/INFO] [FML]: OBJModel: A color has already been defined for material 'material_2' in 'electricalcraft:models/item/breaker_box_2_open.mtl'. The color defined by key 'Ks' will not be applied!
[09:25:40] [Client thread/INFO] [FML]: OBJLoader.MaterialLibrary: key 'Ns' (model: 'electricalcraft:models/item/breaker_box_1_closed.mtl') is not currently supported, skipping
[09:25:40] [Client thread/INFO] [FML]: OBJModel: A color has already been defined for material 'Glass_Tinted_Black' in 'electricalcraft:models/item/breaker_box_1_closed.mtl'. The color defined by key 'Ks' will not be applied!
[09:25:40] [Client thread/INFO] [FML]: OBJLoader.MaterialLibrary: key 'Ke' (model: 'electricalcraft:models/item/breaker_box_1_closed.mtl') is not currently supported, skipping
[09:25:40] [Client thread/INFO] [FML]: OBJLoader.MaterialLibrary: key 'Ni' (model: 'electricalcraft:models/item/breaker_box_1_closed.mtl') is not currently supported, skipping
[09:25:40] [Client thread/INFO] [FML]: OBJLoader.MaterialLibrary: key 'illum' (model: 'electricalcraft:models/item/breaker_box_1_closed.mtl') is not currently supported, skipping
[09:25:40] [Client thread/INFO] [FML]: OBJModel: A color has already been defined for material 'Material_R130G130B150' in 'electricalcraft:models/item/breaker_box_1_closed.mtl'. The color defined by key 'Ks' will not be applied!
[09:25:40] [Client thread/INFO] [FML]: OBJModel: A color has already been defined for material 'Plastic_SSS_01_White' in 'electricalcraft:models/item/breaker_box_1_closed.mtl'. The color defined by key 'Ks' will not be applied!
[09:25:40] [Client thread/INFO] [FML]: OBJLoader.MaterialLibrary: key 'Ns' (model: 'electricalcraft:models/item/breaker_box_1_open.mtl') is not currently supported, skipping
[09:25:40] [Client thread/INFO] [FML]: OBJModel: A color has already been defined for material 'Glass_Tinted_Black' in 'electricalcraft:models/item/breaker_box_1_open.mtl'. The color defined by key 'Ks' will not be applied!
[09:25:40] [Client thread/INFO] [FML]: OBJLoader.MaterialLibrary: key 'Ke' (model: 'electricalcraft:models/item/breaker_box_1_open.mtl') is not currently supported, skipping
[09:25:40] [Client thread/INFO] [FML]: OBJLoader.MaterialLibrary: key 'Ni' (model: 'electricalcraft:models/item/breaker_box_1_open.mtl') is not currently supported, skipping
[09:25:40] [Client thread/INFO] [FML]: OBJLoader.MaterialLibrary: key 'illum' (model: 'electricalcraft:models/item/breaker_box_1_open.mtl') is not currently supported, skipping
[09:25:40] [Client thread/INFO] [FML]: OBJModel: A color has already been defined for material 'Material_R130G130B150' in 'electricalcraft:models/item/breaker_box_1_open.mtl'. The color defined by key 'Ks' will not be applied!
[09:25:40] [Client thread/INFO] [FML]: OBJModel: A color has already been defined for material 'Plastic_SSS_01_White' in 'electricalcraft:models/item/breaker_box_1_open.mtl'. The color defined by key 'Ks' will not be applied!
[09:25:40] [Thread-3/INFO] [net.minecraft.client.audio.SoundManager]: OpenAL initialized.
[09:25:40] [Client thread/INFO] [FML]: OBJLoader.MaterialLibrary: key 'Ns' (model: 'electricalcraft:models/item/din_rail.mtl') is not currently supported, skipping
[09:25:40] [Client thread/INFO] [FML]: OBJModel: A color has already been defined for material 'steel' in 'electricalcraft:models/item/din_rail.mtl'. The color defined by key 'Ks' will not be applied!
[09:25:40] [Client thread/INFO] [FML]: OBJLoader.MaterialLibrary: key 'Ke' (model: 'electricalcraft:models/item/din_rail.mtl') is not currently supported, skipping
[09:25:40] [Client thread/INFO] [FML]: OBJLoader.MaterialLibrary: key 'Ni' (model: 'electricalcraft:models/item/din_rail.mtl') is not currently supported, skipping
[09:25:40] [Client thread/INFO] [FML]: OBJLoader.MaterialLibrary: key 'illum' (model: 'electricalcraft:models/item/din_rail.mtl') is not currently supported, skipping
[09:25:40] [Client thread/INFO] [FML]: OBJLoader.MaterialLibrary: key 'Ns' (model: 'electricalcraft:models/item/gprs_modem_block.mtl') is not currently supported, skipping
[09:25:40] [Client thread/INFO] [FML]: OBJModel: A color has already been defined for material 'material_gprs_modem_antenna' in 'electricalcraft:models/item/gprs_modem_block.mtl'. The color defined by key 'Ks' will not be applied!
[09:25:40] [Client thread/INFO] [FML]: OBJLoader.MaterialLibrary: key 'Ke' (model: 'electricalcraft:models/item/gprs_modem_block.mtl') is not currently supported, skipping
[09:25:40] [Client thread/INFO] [FML]: OBJLoader.MaterialLibrary: key 'Ni' (model: 'electricalcraft:models/item/gprs_modem_block.mtl') is not currently supported, skipping
[09:25:40] [Client thread/INFO] [FML]: OBJLoader.MaterialLibrary: key 'illum' (model: 'electricalcraft:models/item/gprs_modem_block.mtl') is not currently supported, skipping
[09:25:40] [Client thread/INFO] [FML]: OBJModel: A color has already been defined for material 'material_gprs_modem_body1' in 'electricalcraft:models/item/gprs_modem_block.mtl'. The color defined by key 'Ks' will not be applied!
[09:25:40] [Client thread/INFO] [FML]: OBJModel: A color has already been defined for material 'material_gprs_modem_body2' in 'electricalcraft:models/item/gprs_modem_block.mtl'. The color defined by key 'Ks' will not be applied!
[09:25:40] [Client thread/INFO] [FML]: OBJLoader.MaterialLibrary: key 'Ns' (model: 'electricalcraft:models/item/led_floodlight.mtl') is not currently supported, skipping
[09:25:40] [Client thread/INFO] [FML]: OBJModel: A color has already been defined for material 'body' in 'electricalcraft:models/item/led_floodlight.mtl'. The color defined by key 'Ks' will not be applied!
[09:25:40] [Client thread/INFO] [FML]: OBJLoader.MaterialLibrary: key 'Ke' (model: 'electricalcraft:models/item/led_floodlight.mtl') is not currently supported, skipping
[09:25:40] [Client thread/INFO] [FML]: OBJLoader.MaterialLibrary: key 'Ni' (model: 'electricalcraft:models/item/led_floodlight.mtl') is not currently supported, skipping
[09:25:40] [Client thread/INFO] [FML]: OBJLoader.MaterialLibrary: key 'illum' (model: 'electricalcraft:models/item/led_floodlight.mtl') is not currently supported, skipping
[09:25:40] [Client thread/INFO] [FML]: OBJModel: A color has already been defined for material 'led_base' in 'electricalcraft:models/item/led_floodlight.mtl'. The color defined by key 'Ks' will not be applied!
[09:25:40] [Client thread/INFO] [FML]: OBJModel: A color has already been defined for material 'material_base' in 'electricalcraft:models/item/led_floodlight.mtl'. The color defined by key 'Ks' will not be applied!
[09:25:40] [Client thread/INFO] [FML]: OBJModel: A color has already been defined for material 'nuts' in 'electricalcraft:models/item/led_floodlight.mtl'. The color defined by key 'Ks' will not be applied!
[09:25:40] [Client thread/INFO] [FML]: OBJModel: A color has already been defined for material 'phosphorus.002' in 'electricalcraft:models/item/led_floodlight.mtl'. The color defined by key 'Ks' will not be applied!
[09:25:40] [Client thread/INFO] [FML]: OBJLoader.MaterialLibrary: key 'Ns' (model: 'electricalcraft:models/item/led_floodlight_lit.mtl') is not currently supported, skipping
[09:25:40] [Client thread/INFO] [FML]: OBJModel: A color has already been defined for material 'body' in 'electricalcraft:models/item/led_floodlight_lit.mtl'. The color defined by key 'Ks' will not be applied!
[09:25:40] [Client thread/INFO] [FML]: OBJLoader.MaterialLibrary: key 'Ke' (model: 'electricalcraft:models/item/led_floodlight_lit.mtl') is not currently supported, skipping
[09:25:40] [Client thread/INFO] [FML]: OBJLoader.MaterialLibrary: key 'Ni' (model: 'electricalcraft:models/item/led_floodlight_lit.mtl') is not currently supported, skipping
[09:25:40] [Client thread/INFO] [FML]: OBJLoader.MaterialLibrary: key 'illum' (model: 'electricalcraft:models/item/led_floodlight_lit.mtl') is not currently supported, skipping
[09:25:40] [Client thread/INFO] [FML]: OBJModel: A color has already been defined for material 'led_base' in 'electricalcraft:models/item/led_floodlight_lit.mtl'. The color defined by key 'Ks' will not be applied!
[09:25:40] [Client thread/INFO] [FML]: OBJModel: A color has already been defined for material 'material_base' in 'electricalcraft:models/item/led_floodlight_lit.mtl'. The color defined by key 'Ks' will not be applied!
[09:25:40] [Client thread/INFO] [FML]: OBJModel: A color has already been defined for material 'nuts' in 'electricalcraft:models/item/led_floodlight_lit.mtl'. The color defined by key 'Ks' will not be applied!
[09:25:40] [Client thread/INFO] [FML]: OBJModel: A color has already been defined for material 'phosphorus.002' in 'electricalcraft:models/item/led_floodlight_lit.mtl'. The color defined by key 'Ks' will not be applied!
[09:25:40] [Client thread/INFO] [FML]: OBJModel: A color has already been defined for material 'material_mcb_vintage_body' in 'electricalcraft:models/item/mcb_vintage_false.mtl'. The color defined by key 'Ks' will not be applied!
[09:25:40] [Client thread/INFO] [FML]: OBJLoader.MaterialLibrary: key 'Ns' (model: 'electricalcraft:models/item/mcb_vintage_false.mtl') is not currently supported, skipping
[09:25:40] [Client thread/INFO] [FML]: OBJModel: A color has already been defined for material 'material_mcb_vintage_handle' in 'electricalcraft:models/item/mcb_vintage_false.mtl'. The color defined by key 'Ks' will not be applied!
[09:25:40] [Client thread/INFO] [FML]: OBJModel: A color has already been defined for material 'material_mcb_vintage_screws' in 'electricalcraft:models/item/mcb_vintage_false.mtl'. The color defined by key 'Ks' will not be applied!
[09:25:40] [Client thread/INFO] [FML]: OBJModel: A color has already been defined for material 'material_mcb_vintage_terminals' in 'electricalcraft:models/item/mcb_vintage_false.mtl'. The color defined by key 'Ks' will not be applied!
[09:25:40] [Client thread/INFO] [FML]: OBJModel: A color has already been defined for material 'material_mcb_vintage_body' in 'electricalcraft:models/item/mcb_vintage_true.mtl'. The color defined by key 'Ks' will not be applied!
[09:25:40] [Client thread/INFO] [FML]: OBJLoader.MaterialLibrary: key 'Ns' (model: 'electricalcraft:models/item/mcb_vintage_true.mtl') is not currently supported, skipping
[09:25:40] [Client thread/INFO] [FML]: OBJModel: A color has already been defined for material 'material_mcb_vintage_handle' in 'electricalcraft:models/item/mcb_vintage_true.mtl'. The color defined by key 'Ks' will not be applied!
[09:25:40] [Client thread/INFO] [FML]: OBJModel: A color has already been defined for material 'material_mcb_vintage_screws' in 'electricalcraft:models/item/mcb_vintage_true.mtl'. The color defined by key 'Ks' will not be applied!
[09:25:40] [Client thread/INFO] [FML]: OBJModel: A color has already been defined for material 'material_mcb_vintage_terminals' in 'electricalcraft:models/item/mcb_vintage_true.mtl'. The color defined by key 'Ks' will not be applied!
[09:25:40] [Client thread/INFO] [FML]: OBJModel: A color has already been defined for material 'body' in 'electricalcraft:models/item/mcb_false_rail_mounted.mtl'. The color defined by key 'Ks' will not be applied!
[09:25:40] [Client thread/INFO] [FML]: OBJLoader.MaterialLibrary: key 'Ns' (model: 'electricalcraft:models/item/mcb_false_rail_mounted.mtl') is not currently supported, skipping
[09:25:40] [Client thread/INFO] [FML]: OBJModel: A color has already been defined for material 'clips' in 'electricalcraft:models/item/mcb_false_rail_mounted.mtl'. The color defined by key 'Ks' will not be applied!
[09:25:40] [Client thread/INFO] [FML]: OBJModel: A color has already been defined for material 'handle_1' in 'electricalcraft:models/item/mcb_false_rail_mounted.mtl'. The color defined by key 'Ks' will not be applied!
[09:25:40] [Client thread/INFO] [FML]: OBJModel: A color has already been defined for material 'handle_2' in 'electricalcraft:models/item/mcb_false_rail_mounted.mtl'. The color defined by key 'Ks' will not be applied!
[09:25:40] [Client thread/INFO] [FML]: OBJModel: A color has already been defined for material 'screws_and_face' in 'electricalcraft:models/item/mcb_false_rail_mounted.mtl'. The color defined by key 'Ks' will not be applied!
[09:25:40] [Client thread/INFO] [FML]: OBJModel: A color has already been defined for material 'body' in 'electricalcraft:models/item/mcb_true_rail_mounted.mtl'. The color defined by key 'Ks' will not be applied!
[09:25:40] [Client thread/INFO] [FML]: OBJLoader.MaterialLibrary: key 'Ns' (model: 'electricalcraft:models/item/mcb_true_rail_mounted.mtl') is not currently supported, skipping
[09:25:40] [Client thread/INFO] [FML]: OBJModel: A color has already been defined for material 'clips' in 'electricalcraft:models/item/mcb_true_rail_mounted.mtl'. The color defined by key 'Ks' will not be applied!
[09:25:40] [Client thread/INFO] [FML]: OBJModel: A color has already been defined for material 'handle_1' in 'electricalcraft:models/item/mcb_true_rail_mounted.mtl'. The color defined by key 'Ks' will not be applied!
[09:25:40] [Client thread/INFO] [FML]: OBJModel: A color has already been defined for material 'handle_2' in 'electricalcraft:models/item/mcb_true_rail_mounted.mtl'. The color defined by key 'Ks' will not be applied!
[09:25:40] [Client thread/INFO] [FML]: OBJModel: A color has already been defined for material 'screws_and_face' in 'electricalcraft:models/item/mcb_true_rail_mounted.mtl'. The color defined by key 'Ks' will not be applied!
[09:25:40] [Client thread/INFO] [FML]: OBJLoader.MaterialLibrary: key 'Ns' (model: 'electricalcraft:models/item/meter_block.mtl') is not currently supported, skipping
[09:25:40] [Client thread/INFO] [FML]: OBJModel: A color has already been defined for material 'material_meter_body' in 'electricalcraft:models/item/meter_block.mtl'. The color defined by key 'Ks' will not be applied!
[09:25:40] [Client thread/INFO] [FML]: OBJLoader.MaterialLibrary: key 'Ke' (model: 'electricalcraft:models/item/meter_block.mtl') is not currently supported, skipping
[09:25:40] [Client thread/INFO] [FML]: OBJLoader.MaterialLibrary: key 'Ni' (model: 'electricalcraft:models/item/meter_block.mtl') is not currently supported, skipping
[09:25:40] [Client thread/INFO] [FML]: OBJLoader.MaterialLibrary: key 'illum' (model: 'electricalcraft:models/item/meter_block.mtl') is not currently supported, skipping
[09:25:40] [Client thread/INFO] [FML]: OBJModel: A color has already been defined for material 'material_meter_body2' in 'electricalcraft:models/item/meter_block.mtl'. The color defined by key 'Ks' will not be applied!
[09:25:40] [Client thread/INFO] [FML]: OBJModel: A color has already been defined for material 'material_meter_body3' in 'electricalcraft:models/item/meter_block.mtl'. The color defined by key 'Ks' will not be applied!
[09:25:40] [Client thread/INFO] [FML]: OBJModel: A color has already been defined for material 'material_meter_body4' in 'electricalcraft:models/item/meter_block.mtl'. The color defined by key 'Ks' will not be applied!
[09:25:40] [Client thread/INFO] [FML]: OBJModel: A color has already been defined for material 'material_meter_display' in 'electricalcraft:models/item/meter_block.mtl'. The color defined by key 'Ks' will not be applied!
[09:25:40] [Client thread/INFO] [FML]: OBJModel: A color has already been defined for material 'material_meter_label' in 'electricalcraft:models/item/meter_block.mtl'. The color defined by key 'Ks' will not be applied!
[09:25:40] [Client thread/INFO] [FML]: OBJModel: A color has already been defined for material 'material_meter_screws' in 'electricalcraft:models/item/meter_block.mtl'. The color defined by key 'Ks' will not be applied!
[09:25:40] [Client thread/INFO] [FML]: OBJModel: A color has already been defined for material 'material_mini_contactor_body1' in 'electricalcraft:models/item/mini_contactor.mtl'. The color defined by key 'Ks' will not be applied!
[09:25:40] [Client thread/INFO] [FML]: OBJLoader.MaterialLibrary: key 'Ns' (model: 'electricalcraft:models/item/mini_contactor.mtl') is not currently supported, skipping
[09:25:40] [Client thread/INFO] [FML]: OBJModel: A color has already been defined for material 'material_mini_contactor_body_2' in 'electricalcraft:models/item/mini_contactor.mtl'. The color defined by key 'Ks' will not be applied!
[09:25:40] [Client thread/INFO] [FML]: OBJModel: A color has already been defined for material 'material_mini_contactor_faces' in 'electricalcraft:models/item/mini_contactor.mtl'. The color defined by key 'Ks' will not be applied!
[09:25:40] [Client thread/INFO] [FML]: OBJModel: A color has already been defined for material 'texture_mini_generator' in 'electricalcraft:models/item/mini_generator.mtl'. The color defined by key 'Ks' will not be applied!
[09:25:40] [Client thread/INFO] [FML]: OBJLoader.MaterialLibrary: key 'Ns' (model: 'electricalcraft:models/item/mini_generator.mtl') is not currently supported, skipping
[09:25:40] [Client thread/WARN] [FML]: OBJModel.Parser: found a face ('f') with more than 4 vertices, only the first 4 of these vertices will be rendered!
[09:25:40] [Client thread/WARN] [FML]: OBJModel.Parser: found a face ('f') with more than 4 vertices, only the first 4 of these vertices will be rendered!
[09:25:40] [Client thread/WARN] [FML]: OBJModel.Parser: found a face ('f') with more than 4 vertices, only the first 4 of these vertices will be rendered!
[09:25:40] [Client thread/WARN] [FML]: OBJModel.Parser: found a face ('f') with more than 4 vertices, only the first 4 of these vertices will be rendered!
[09:25:40] [Client thread/WARN] [FML]: OBJModel.Parser: found a face ('f') with more than 4 vertices, only the first 4 of these vertices will be rendered!
[09:25:40] [Client thread/WARN] [FML]: OBJModel.Parser: found a face ('f') with more than 4 vertices, only the first 4 of these vertices will be rendered!
[09:25:40] [Client thread/WARN] [FML]: OBJModel.Parser: found a face ('f') with more than 4 vertices, only the first 4 of these vertices will be rendered!
[09:25:40] [Client thread/WARN] [FML]: OBJModel.Parser: found a face ('f') with more than 4 vertices, only the first 4 of these vertices will be rendered!
[09:25:40] [Client thread/WARN] [FML]: OBJModel.Parser: found a face ('f') with more than 4 vertices, only the first 4 of these vertices will be rendered!
[09:25:40] [Client thread/WARN] [FML]: OBJModel.Parser: found a face ('f') with more than 4 vertices, only the first 4 of these vertices will be rendered!
[09:25:40] [Client thread/WARN] [FML]: OBJModel.Parser: found a face ('f') with more than 4 vertices, only the first 4 of these vertices will be rendered!
[09:25:40] [Client thread/WARN] [FML]: OBJModel.Parser: found a face ('f') with more than 4 vertices, only the first 4 of these vertices will be rendered!
[09:25:40] [Client thread/WARN] [FML]: OBJModel.Parser: found a face ('f') with more than 4 vertices, only the first 4 of these vertices will be rendered!
[09:25:40] [Client thread/WARN] [FML]: OBJModel.Parser: found a face ('f') with more than 4 vertices, only the first 4 of these vertices will be rendered!
[09:25:40] [Client thread/WARN] [FML]: OBJModel.Parser: found a face ('f') with more than 4 vertices, only the first 4 of these vertices will be rendered!
[09:25:40] [Client thread/WARN] [FML]: OBJModel.Parser: found a face ('f') with more than 4 vertices, only the first 4 of these vertices will be rendered!
[09:25:40] [Client thread/WARN] [FML]: OBJModel.Parser: found a face ('f') with more than 4 vertices, only the first 4 of these vertices will be rendered!
[09:25:40] [Client thread/WARN] [FML]: OBJModel.Parser: found a face ('f') with more than 4 vertices, only the first 4 of these vertices will be rendered!
[09:25:40] [Client thread/WARN] [FML]: OBJModel.Parser: found a face ('f') with more than 4 vertices, only the first 4 of these vertices will be rendered!
[09:25:40] [Client thread/WARN] [FML]: OBJModel.Parser: found a face ('f') with more than 4 vertices, only the first 4 of these vertices will be rendered!
[09:25:40] [Client thread/WARN] [FML]: OBJModel.Parser: found a face ('f') with more than 4 vertices, only the first 4 of these vertices will be rendered!
[09:25:40] [Client thread/WARN] [FML]: OBJModel.Parser: found a face ('f') with more than 4 vertices, only the first 4 of these vertices will be rendered!
[09:25:40] [Client thread/WARN] [FML]: OBJModel.Parser: found a face ('f') with more than 4 vertices, only the first 4 of these vertices will be rendered!
[09:25:40] [Client thread/WARN] [FML]: OBJModel.Parser: found a face ('f') with more than 4 vertices, only the first 4 of these vertices will be rendered!
[09:25:40] [Client thread/WARN] [FML]: OBJModel.Parser: found a face ('f') with more than 4 vertices, only the first 4 of these vertices will be rendered!
[09:25:40] [Client thread/WARN] [FML]: OBJModel.Parser: found a face ('f') with more than 4 vertices, only the first 4 of these vertices will be rendered!
[09:25:40] [Client thread/WARN] [FML]: OBJModel.Parser: found a face ('f') with more than 4 vertices, only the first 4 of these vertices will be rendered!
[09:25:40] [Client thread/WARN] [FML]: OBJModel.Parser: found a face ('f') with more than 4 vertices, only the first 4 of these vertices will be rendered!
[09:25:40] [Client thread/WARN] [FML]: OBJModel.Parser: found a face ('f') with more than 4 vertices, only the first 4 of these vertices will be rendered!
[09:25:40] [Client thread/WARN] [FML]: OBJModel.Parser: found a face ('f') with more than 4 vertices, only the first 4 of these vertices will be rendered!
[09:25:40] [Client thread/WARN] [FML]: OBJModel.Parser: found a face ('f') with more than 4 vertices, only the first 4 of these vertices will be rendered!
[09:25:40] [Client thread/WARN] [FML]: OBJModel.Parser: found a face ('f') with more than 4 vertices, only the first 4 of these vertices will be rendered!
[09:25:40] [Client thread/WARN] [FML]: OBJModel.Parser: found a face ('f') with more than 4 vertices, only the first 4 of these vertices will be rendered!
[09:25:40] [Client thread/WARN] [FML]: OBJModel.Parser: found a face ('f') with more than 4 vertices, only the first 4 of these vertices will be rendered!
[09:25:40] [Client thread/WARN] [FML]: OBJModel.Parser: found a face ('f') with more than 4 vertices, only the first 4 of these vertices will be rendered!
[09:25:40] [Client thread/WARN] [FML]: OBJModel.Parser: found a face ('f') with more than 4 vertices, only the first 4 of these vertices will be rendered!
[09:25:40] [Client thread/WARN] [FML]: OBJModel.Parser: found a face ('f') with more than 4 vertices, only the first 4 of these vertices will be rendered!
[09:25:40] [Client thread/WARN] [FML]: OBJModel.Parser: found a face ('f') with more than 4 vertices, only the first 4 of these vertices will be rendered!
[09:25:40] [Client thread/WARN] [FML]: OBJModel.Parser: found a face ('f') with more than 4 vertices, only the first 4 of these vertices will be rendered!
[09:25:40] [Client thread/WARN] [FML]: OBJModel.Parser: found a face ('f') with more than 4 vertices, only the first 4 of these vertices will be rendered!
[09:25:40] [Client thread/WARN] [FML]: OBJModel.Parser: found a face ('f') with more than 4 vertices, only the first 4 of these vertices will be rendered!
[09:25:40] [Client thread/WARN] [FML]: OBJModel.Parser: found a face ('f') with more than 4 vertices, only the first 4 of these vertices will be rendered!
[09:25:40] [Client thread/WARN] [FML]: OBJModel.Parser: found a face ('f') with more than 4 vertices, only the first 4 of these vertices will be rendered!
[09:25:40] [Client thread/WARN] [FML]: OBJModel.Parser: found a face ('f') with more than 4 vertices, only the first 4 of these vertices will be rendered!
[09:25:40] [Client thread/WARN] [FML]: OBJModel.Parser: found a face ('f') with more than 4 vertices, only the first 4 of these vertices will be rendered!
[09:25:40] [Client thread/WARN] [FML]: OBJModel.Parser: found a face ('f') with more than 4 vertices, only the first 4 of these vertices will be rendered!
[09:25:40] [Client thread/WARN] [FML]: OBJModel.Parser: found a face ('f') with more than 4 vertices, only the first 4 of these vertices will be rendered!
[09:25:40] [Client thread/WARN] [FML]: OBJModel.Parser: found a face ('f') with more than 4 vertices, only the first 4 of these vertices will be rendered!
[09:25:40] [Client thread/WARN] [FML]: OBJModel.Parser: found a face ('f') with more than 4 vertices, only the first 4 of these vertices will be rendered!
[09:25:40] [Client thread/WARN] [FML]: OBJModel.Parser: found a face ('f') with more than 4 vertices, only the first 4 of these vertices will be rendered!
[09:25:40] [Client thread/WARN] [FML]: OBJModel.Parser: found a face ('f') with more than 4 vertices, only the first 4 of these vertices will be rendered!
[09:25:40] [Client thread/WARN] [FML]: OBJModel.Parser: found a face ('f') with more than 4 vertices, only the first 4 of these vertices will be rendered!
[09:25:40] [Client thread/WARN] [FML]: OBJModel.Parser: found a face ('f') with more than 4 vertices, only the first 4 of these vertices will be rendered!
[09:25:40] [Client thread/WARN] [FML]: OBJModel.Parser: found a face ('f') with more than 4 vertices, only the first 4 of these vertices will be rendered!
[09:25:40] [Client thread/WARN] [FML]: OBJModel.Parser: found a face ('f') with more than 4 vertices, only the first 4 of these vertices will be rendered!
[09:25:40] [Client thread/WARN] [FML]: OBJModel.Parser: found a face ('f') with more than 4 vertices, only the first 4 of these vertices will be rendered!
[09:25:40] [Client thread/WARN] [FML]: OBJModel.Parser: found a face ('f') with more than 4 vertices, only the first 4 of these vertices will be rendered!
[09:25:40] [Client thread/WARN] [FML]: OBJModel.Parser: found a face ('f') with more than 4 vertices, only the first 4 of these vertices will be rendered!
[09:25:40] [Client thread/WARN] [FML]: OBJModel.Parser: found a face ('f') with more than 4 vertices, only the first 4 of these vertices will be rendered!
[09:25:40] [Client thread/WARN] [FML]: OBJModel.Parser: found a face ('f') with more than 4 vertices, only the first 4 of these vertices will be rendered!
[09:25:40] [Client thread/WARN] [FML]: OBJModel.Parser: found a face ('f') with more than 4 vertices, only the first 4 of these vertices will be rendered!
[09:25:40] [Client thread/WARN] [FML]: OBJModel.Parser: found a face ('f') with more than 4 vertices, only the first 4 of these vertices will be rendered!
[09:25:40] [Client thread/WARN] [FML]: OBJModel.Parser: found a face ('f') with more than 4 vertices, only the first 4 of these vertices will be rendered!
[09:25:40] [Client thread/WARN] [FML]: OBJModel.Parser: found a face ('f') with more than 4 vertices, only the first 4 of these vertices will be rendered!
[09:25:40] [Client thread/WARN] [FML]: OBJModel.Parser: found a face ('f') with more than 4 vertices, only the first 4 of these vertices will be rendered!
[09:25:40] [Client thread/WARN] [FML]: OBJModel.Parser: found a face ('f') with more than 4 vertices, only the first 4 of these vertices will be rendered!
[09:25:40] [Client thread/WARN] [FML]: OBJModel.Parser: found a face ('f') with more than 4 vertices, only the first 4 of these vertices will be rendered!
[09:25:40] [Client thread/WARN] [FML]: OBJModel.Parser: found a face ('f') with more than 4 vertices, only the first 4 of these vertices will be rendered!
[09:25:40] [Client thread/WARN] [FML]: OBJModel.Parser: found a face ('f') with more than 4 vertices, only the first 4 of these vertices will be rendered!
[09:25:40] [Client thread/WARN] [FML]: OBJModel.Parser: found a face ('f') with more than 4 vertices, only the first 4 of these vertices will be rendered!
[09:25:40] [Client thread/WARN] [FML]: OBJModel.Parser: found a face ('f') with more than 4 vertices, only the first 4 of these vertices will be rendered!
[09:25:40] [Client thread/WARN] [FML]: OBJModel.Parser: found a face ('f') with more than 4 vertices, only the first 4 of these vertices will be rendered!
[09:25:40] [Client thread/WARN] [FML]: OBJModel.Parser: found a face ('f') with more than 4 vertices, only the first 4 of these vertices will be rendered!
[09:25:40] [Client thread/WARN] [FML]: OBJModel.Parser: found a face ('f') with more than 4 vertices, only the first 4 of these vertices will be rendered!
[09:25:40] [Client thread/WARN] [FML]: OBJModel.Parser: found a face ('f') with more than 4 vertices, only the first 4 of these vertices will be rendered!
[09:25:40] [Client thread/WARN] [FML]: OBJModel.Parser: found a face ('f') with more than 4 vertices, only the first 4 of these vertices will be rendered!
[09:25:40] [Client thread/WARN] [FML]: OBJModel.Parser: found a face ('f') with more than 4 vertices, only the first 4 of these vertices will be rendered!
[09:25:40] [Client thread/WARN] [FML]: OBJModel.Parser: found a face ('f') with more than 4 vertices, only the first 4 of these vertices will be rendered!
[09:25:40] [Client thread/WARN] [FML]: OBJModel.Parser: found a face ('f') with more than 4 vertices, only the first 4 of these vertices will be rendered!
[09:25:40] [Client thread/WARN] [FML]: OBJModel.Parser: found a face ('f') with more than 4 vertices, only the first 4 of these vertices will be rendered!
[09:25:40] [Client thread/WARN] [FML]: OBJModel.Parser: found a face ('f') with more than 4 vertices, only the first 4 of these vertices will be rendered!
[09:25:40] [Client thread/WARN] [FML]: OBJModel.Parser: found a face ('f') with more than 4 vertices, only the first 4 of these vertices will be rendered!
[09:25:40] [Client thread/WARN] [FML]: OBJModel.Parser: found a face ('f') with more than 4 vertices, only the first 4 of these vertices will be rendered!
[09:25:40] [Client thread/WARN] [FML]: OBJModel.Parser: found a face ('f') with more than 4 vertices, only the first 4 of these vertices will be rendered!
[09:25:40] [Client thread/WARN] [FML]: OBJModel.Parser: found a face ('f') with more than 4 vertices, only the first 4 of these vertices will be rendered!
[09:25:40] [Client thread/WARN] [FML]: OBJModel.Parser: found a face ('f') with more than 4 vertices, only the first 4 of these vertices will be rendered!
[09:25:40] [Client thread/WARN] [FML]: OBJModel.Parser: found a face ('f') with more than 4 vertices, only the first 4 of these vertices will be rendered!
[09:25:40] [Client thread/WARN] [FML]: OBJModel.Parser: found a face ('f') with more than 4 vertices, only the first 4 of these vertices will be rendered!
[09:25:40] [Client thread/WARN] [FML]: OBJModel.Parser: found a face ('f') with more than 4 vertices, only the first 4 of these vertices will be rendered!
[09:25:40] [Client thread/WARN] [FML]: OBJModel.Parser: found a face ('f') with more than 4 vertices, only the first 4 of these vertices will be rendered!
[09:25:40] [Client thread/WARN] [FML]: OBJModel.Parser: found a face ('f') with more than 4 vertices, only the first 4 of these vertices will be rendered!
[09:25:40] [Client thread/WARN] [FML]: OBJModel.Parser: found a face ('f') with more than 4 vertices, only the first 4 of these vertices will be rendered!
[09:25:40] [Client thread/WARN] [FML]: OBJModel.Parser: found a face ('f') with more than 4 vertices, only the first 4 of these vertices will be rendered!
[09:25:40] [Client thread/WARN] [FML]: OBJModel.Parser: found a face ('f') with more than 4 vertices, only the first 4 of these vertices will be rendered!
[09:25:40] [Client thread/WARN] [FML]: OBJModel.Parser: found a face ('f') with more than 4 vertices, only the first 4 of these vertices will be rendered!
[09:25:40] [Client thread/WARN] [FML]: OBJModel.Parser: found a face ('f') with more than 4 vertices, only the first 4 of these vertices will be rendered!
[09:25:40] [Client thread/WARN] [FML]: OBJModel.Parser: found a face ('f') with more than 4 vertices, only the first 4 of these vertices will be rendered!
[09:25:40] [Client thread/WARN] [FML]: OBJModel.Parser: found a face ('f') with more than 4 vertices, only the first 4 of these vertices will be rendered!
[09:25:40] [Client thread/WARN] [FML]: OBJModel.Parser: found a face ('f') with more than 4 vertices, only the first 4 of these vertices will be rendered!
[09:25:40] [Client thread/WARN] [FML]: OBJModel.Parser: found a face ('f') with more than 4 vertices, only the first 4 of these vertices will be rendered!
[09:25:40] [Client thread/WARN] [FML]: OBJModel.Parser: found a face ('f') with more than 4 vertices, only the first 4 of these vertices will be rendered!
[09:25:40] [Client thread/WARN] [FML]: OBJModel.Parser: found a face ('f') with more than 4 vertices, only the first 4 of these vertices will be rendered!
[09:25:40] [Client thread/WARN] [FML]: OBJModel.Parser: found a face ('f') with more than 4 vertices, only the first 4 of these vertices will be rendered!
[09:25:40] [Client thread/WARN] [FML]: OBJModel.Parser: found a face ('f') with more than 4 vertices, only the first 4 of these vertices will be rendered!
[09:25:40] [Client thread/WARN] [FML]: OBJModel.Parser: found a face ('f') with more than 4 vertices, only the first 4 of these vertices will be rendered!
[09:25:40] [Client thread/WARN] [FML]: OBJModel.Parser: found a face ('f') with more than 4 vertices, only the first 4 of these vertices will be rendered!
[09:25:40] [Client thread/WARN] [FML]: OBJModel.Parser: found a face ('f') with more than 4 vertices, only the first 4 of these vertices will be rendered!
[09:25:40] [Client thread/WARN] [FML]: OBJModel.Parser: found a face ('f') with more than 4 vertices, only the first 4 of these vertices will be rendered!
[09:25:40] [Client thread/WARN] [FML]: OBJModel.Parser: found a face ('f') with more than 4 vertices, only the first 4 of these vertices will be rendered!
[09:25:40] [Client thread/INFO] [FML]: OBJModel: A color has already been defined for material 'material_label' in 'electricalcraft:models/item/modular_bell_block.mtl'. The color defined by key 'Ks' will not be applied!
[09:25:40] [Client thread/INFO] [FML]: OBJLoader.MaterialLibrary: key 'Ns' (model: 'electricalcraft:models/item/modular_bell_block.mtl') is not currently supported, skipping
[09:25:40] [Client thread/INFO] [FML]: OBJModel: A color has already been defined for material 'material_modular_bell_body' in 'electricalcraft:models/item/modular_bell_block.mtl'. The color defined by key 'Ks' will not be applied!
[09:25:40] [Client thread/INFO] [FML]: OBJModel: A color has already been defined for material 'material_modular_bell_hole' in 'electricalcraft:models/item/modular_bell_block.mtl'. The color defined by key 'Ks' will not be applied!
[09:25:40] [Client thread/INFO] [FML]: OBJLoader.MaterialLibrary: key 'Ns' (model: 'electricalcraft:models/item/fuse_holder_block_false.mtl') is not currently supported, skipping
[09:25:40] [Client thread/INFO] [FML]: OBJModel: A color has already been defined for material 'Malzeme' in 'electricalcraft:models/item/fuse_holder_block_false.mtl'. The color defined by key 'Ks' will not be applied!
[09:25:40] [Client thread/INFO] [FML]: OBJLoader.MaterialLibrary: key 'Ke' (model: 'electricalcraft:models/item/fuse_holder_block_false.mtl') is not currently supported, skipping
[09:25:40] [Client thread/INFO] [FML]: OBJLoader.MaterialLibrary: key 'Ni' (model: 'electricalcraft:models/item/fuse_holder_block_false.mtl') is not currently supported, skipping
[09:25:40] [Client thread/INFO] [FML]: OBJLoader.MaterialLibrary: key 'illum' (model: 'electricalcraft:models/item/fuse_holder_block_false.mtl') is not currently supported, skipping
[09:25:40] [Client thread/INFO] [FML]: OBJModel: A color has already been defined for material 'Malzeme.002' in 'electricalcraft:models/item/fuse_holder_block_false.mtl'. The color defined by key 'Ks' will not be applied!
[09:25:40] [Client thread/INFO] [FML]: OBJModel: A color has already been defined for material 'Malzeme.004' in 'electricalcraft:models/item/fuse_holder_block_false.mtl'. The color defined by key 'Ks' will not be applied!
[09:25:40] [Client thread/INFO] [FML]: OBJModel: A color has already been defined for material 'material_fuse_holder' in 'electricalcraft:models/item/fuse_holder_block_false.mtl'. The color defined by key 'Ks' will not be applied!
[09:25:40] [Client thread/INFO] [FML]: OBJLoader.MaterialLibrary: key 'Ns' (model: 'electricalcraft:models/item/fuse_holder_block_true.mtl') is not currently supported, skipping
[09:25:40] [Client thread/INFO] [FML]: OBJModel: A color has already been defined for material 'Malzeme' in 'electricalcraft:models/item/fuse_holder_block_true.mtl'. The color defined by key 'Ks' will not be applied!
[09:25:40] [Client thread/INFO] [FML]: OBJLoader.MaterialLibrary: key 'Ke' (model: 'electricalcraft:models/item/fuse_holder_block_true.mtl') is not currently supported, skipping
[09:25:40] [Client thread/INFO] [FML]: OBJLoader.MaterialLibrary: key 'Ni' (model: 'electricalcraft:models/item/fuse_holder_block_true.mtl') is not currently supported, skipping
[09:25:40] [Client thread/INFO] [FML]: OBJLoader.MaterialLibrary: key 'illum' (model: 'electricalcraft:models/item/fuse_holder_block_true.mtl') is not currently supported, skipping
[09:25:40] [Client thread/INFO] [FML]: OBJModel: A color has already been defined for material 'Malzeme.002' in 'electricalcraft:models/item/fuse_holder_block_true.mtl'. The color defined by key 'Ks' will not be applied!
[09:25:40] [Client thread/INFO] [FML]: OBJModel: A color has already been defined for material 'Malzeme.004' in 'electricalcraft:models/item/fuse_holder_block_true.mtl'. The color defined by key 'Ks' will not be applied!
[09:25:40] [Client thread/INFO] [FML]: OBJModel: A color has already been defined for material 'material_fuse_holder' in 'electricalcraft:models/item/fuse_holder_block_true.mtl'. The color defined by key 'Ks' will not be applied!
[09:25:40] [Client thread/INFO] [FML]: OBJLoader.MaterialLibrary: key 'Ns' (model: 'electricalcraft:models/item/fuse_holder_block_true_press.mtl') is not currently supported, skipping
[09:25:40] [Client thread/INFO] [FML]: OBJModel: A color has already been defined for material 'Malzeme' in 'electricalcraft:models/item/fuse_holder_block_true_press.mtl'. The color defined by key 'Ks' will not be applied!
[09:25:40] [Client thread/INFO] [FML]: OBJLoader.MaterialLibrary: key 'Ke' (model: 'electricalcraft:models/item/fuse_holder_block_true_press.mtl') is not currently supported, skipping
[09:25:40] [Client thread/INFO] [FML]: OBJLoader.MaterialLibrary: key 'Ni' (model: 'electricalcraft:models/item/fuse_holder_block_true_press.mtl') is not currently supported, skipping
[09:25:40] [Client thread/INFO] [FML]: OBJLoader.MaterialLibrary: key 'illum' (model: 'electricalcraft:models/item/fuse_holder_block_true_press.mtl') is not currently supported, skipping
[09:25:40] [Client thread/INFO] [FML]: OBJModel: A color has already been defined for material 'Malzeme.002' in 'electricalcraft:models/item/fuse_holder_block_true_press.mtl'. The color defined by key 'Ks' will not be applied!
[09:25:40] [Client thread/INFO] [FML]: OBJModel: A color has already been defined for material 'Malzeme.004' in 'electricalcraft:models/item/fuse_holder_block_true_press.mtl'. The color defined by key 'Ks' will not be applied!
[09:25:40] [Client thread/INFO] [FML]: OBJModel: A color has already been defined for material 'material_fuse_holder' in 'electricalcraft:models/item/fuse_holder_block_true_press.mtl'. The color defined by key 'Ks' will not be applied!
[09:25:40] [Client thread/INFO] [FML]: OBJLoader.MaterialLibrary: key 'Ns' (model: 'electricalcraft:models/item/fuse_holder_block.mtl') is not currently supported, skipping
[09:25:40] [Client thread/INFO] [FML]: OBJModel: A color has already been defined for material 'material_fuse_holder' in 'electricalcraft:models/item/fuse_holder_block.mtl'. The color defined by key 'Ks' will not be applied!
[09:25:40] [Client thread/INFO] [FML]: OBJLoader.MaterialLibrary: key 'Ke' (model: 'electricalcraft:models/item/fuse_holder_block.mtl') is not currently supported, skipping
[09:25:40] [Client thread/INFO] [FML]: OBJLoader.MaterialLibrary: key 'Ni' (model: 'electricalcraft:models/item/fuse_holder_block.mtl') is not currently supported, skipping
[09:25:40] [Client thread/INFO] [FML]: OBJLoader.MaterialLibrary: key 'illum' (model: 'electricalcraft:models/item/fuse_holder_block.mtl') is not currently supported, skipping
[09:25:40] [Client thread/INFO] [FML]: OBJModel: A color has already been defined for material 'material_fuse_holder_hole' in 'electricalcraft:models/item/fuse_holder_block.mtl'. The color defined by key 'Ks' will not be applied!
[09:25:40] [Client thread/INFO] [FML]: OBJModel: A color has already been defined for material 'contactor_body' in 'electricalcraft:models/item/rail_type_contactor.mtl'. The color defined by key 'Ks' will not be applied!
[09:25:40] [Client thread/INFO] [FML]: OBJLoader.MaterialLibrary: key 'Ns' (model: 'electricalcraft:models/item/rail_type_contactor.mtl') is not currently supported, skipping
[09:25:40] [Client thread/INFO] [FML]: OBJModel: A color has already been defined for material 'contactor_body.001' in 'electricalcraft:models/item/rail_type_contactor.mtl'. The color defined by key 'Ks' will not be applied!
[09:25:40] [Client thread/INFO] [FML]: OBJModel: A color has already been defined for material 'contactor_button' in 'electricalcraft:models/item/rail_type_contactor.mtl'. The color defined by key 'Ks' will not be applied!
[09:25:40] [Client thread/INFO] [FML]: OBJModel: A color has already been defined for material 'material_rail_type_socket_body' in 'electricalcraft:models/item/rail_type_socket.mtl'. The color defined by key 'Ks' will not be applied!
[09:25:40] [Client thread/INFO] [FML]: OBJLoader.MaterialLibrary: key 'Ns' (model: 'electricalcraft:models/item/rail_type_socket.mtl') is not currently supported, skipping
[09:25:40] [Client thread/INFO] [FML]: OBJModel: A color has already been defined for material 'material_rail_type_socket_body.2' in 'electricalcraft:models/item/rail_type_socket.mtl'. The color defined by key 'Ks' will not be applied!
[09:25:40] [Client thread/INFO] [FML]: OBJModel: A color has already been defined for material 'material_rail_type_socket_ground' in 'electricalcraft:models/item/rail_type_socket.mtl'. The color defined by key 'Ks' will not be applied!
[09:25:40] [Client thread/INFO] [FML]: OBJModel: A color has already been defined for material 'material_rail_type_socket_hole' in 'electricalcraft:models/item/rail_type_socket.mtl'. The color defined by key 'Ks' will not be applied!
[09:25:40] [Client thread/INFO] [FML]: OBJModel: A color has already been defined for material 'material_vintage_rccb_body1' in 'electricalcraft:models/item/rcd_vintage_false.mtl'. The color defined by key 'Ks' will not be applied!
[09:25:40] [Client thread/INFO] [FML]: OBJLoader.MaterialLibrary: key 'Ns' (model: 'electricalcraft:models/item/rcd_vintage_false.mtl') is not currently supported, skipping
[09:25:40] [Client thread/INFO] [FML]: OBJModel: A color has already been defined for material 'material_vintage_rccb_body2' in 'electricalcraft:models/item/rcd_vintage_false.mtl'. The color defined by key 'Ks' will not be applied!
[09:25:40] [Client thread/INFO] [FML]: OBJModel: A color has already been defined for material 'material_vintage_rccb_handle_and_button' in 'electricalcraft:models/item/rcd_vintage_false.mtl'. The color defined by key 'Ks' will not be applied!
[09:25:40] [Client thread/INFO] [FML]: OBJModel: A color has already been defined for material 'material_vintage_rccb_screws' in 'electricalcraft:models/item/rcd_vintage_false.mtl'. The color defined by key 'Ks' will not be applied!
[09:25:40] [Sound Library Loader/INFO] [net.minecraft.client.audio.SoundManager]: Sound engine started
[09:25:40] [Client thread/INFO] [FML]: OBJModel: A color has already been defined for material 'material_vintage_rccb_body1' in 'electricalcraft:models/item/rcd_vintage_false_test.mtl'. The color defined by key 'Ks' will not be applied!
[09:25:40] [Client thread/INFO] [FML]: OBJLoader.MaterialLibrary: key 'Ns' (model: 'electricalcraft:models/item/rcd_vintage_false_test.mtl') is not currently supported, skipping
[09:25:40] [Client thread/INFO] [FML]: OBJModel: A color has already been defined for material 'material_vintage_rccb_body2' in 'electricalcraft:models/item/rcd_vintage_false_test.mtl'. The color defined by key 'Ks' will not be applied!
[09:25:40] [Client thread/INFO] [FML]: OBJModel: A color has already been defined for material 'material_vintage_rccb_handle_and_button' in 'electricalcraft:models/item/rcd_vintage_false_test.mtl'. The color defined by key 'Ks' will not be applied!
[09:25:40] [Client thread/INFO] [FML]: OBJModel: A color has already been defined for material 'material_vintage_rccb_screws' in 'electricalcraft:models/item/rcd_vintage_false_test.mtl'. The color defined by key 'Ks' will not be applied!
[09:25:40] [Client thread/INFO] [FML]: OBJModel: A color has already been defined for material 'material_vintage_rccb_body1' in 'electricalcraft:models/item/rcd_vintage_true_test.mtl'. The color defined by key 'Ks' will not be applied!
[09:25:40] [Client thread/INFO] [FML]: OBJLoader.MaterialLibrary: key 'Ns' (model: 'electricalcraft:models/item/rcd_vintage_true_test.mtl') is not currently supported, skipping
[09:25:40] [Client thread/INFO] [FML]: OBJModel: A color has already been defined for material 'material_vintage_rccb_body2' in 'electricalcraft:models/item/rcd_vintage_true_test.mtl'. The color defined by key 'Ks' will not be applied!
[09:25:40] [Client thread/INFO] [FML]: OBJModel: A color has already been defined for material 'material_vintage_rccb_handle_and_button' in 'electricalcraft:models/item/rcd_vintage_true_test.mtl'. The color defined by key 'Ks' will not be applied!
[09:25:40] [Client thread/INFO] [FML]: OBJModel: A color has already been defined for material 'material_vintage_rccb_screws' in 'electricalcraft:models/item/rcd_vintage_true_test.mtl'. The color defined by key 'Ks' will not be applied!
[09:25:40] [Client thread/INFO] [FML]: OBJModel: A color has already been defined for material 'material_vintage_rccb_body1' in 'electricalcraft:models/item/rcd_vintage_true.mtl'. The color defined by key 'Ks' will not be applied!
[09:25:40] [Client thread/INFO] [FML]: OBJLoader.MaterialLibrary: key 'Ns' (model: 'electricalcraft:models/item/rcd_vintage_true.mtl') is not currently supported, skipping
[09:25:40] [Client thread/INFO] [FML]: OBJModel: A color has already been defined for material 'material_vintage_rccb_body2' in 'electricalcraft:models/item/rcd_vintage_true.mtl'. The color defined by key 'Ks' will not be applied!
[09:25:40] [Client thread/INFO] [FML]: OBJModel: A color has already been defined for material 'material_vintage_rccb_handle_and_button' in 'electricalcraft:models/item/rcd_vintage_true.mtl'. The color defined by key 'Ks' will not be applied!
[09:25:40] [Client thread/INFO] [FML]: OBJModel: A color has already been defined for material 'material_vintage_rccb_screws' in 'electricalcraft:models/item/rcd_vintage_true.mtl'. The color defined by key 'Ks' will not be applied!
[09:25:40] [Client thread/INFO] [FML]: OBJModel: A color has already been defined for material 'body' in 'electricalcraft:models/item/rcd_false.mtl'. The color defined by key 'Ks' will not be applied!
[09:25:40] [Client thread/INFO] [FML]: OBJLoader.MaterialLibrary: key 'Ns' (model: 'electricalcraft:models/item/rcd_false.mtl') is not currently supported, skipping
[09:25:40] [Client thread/INFO] [FML]: OBJModel: A color has already been defined for material 'clips' in 'electricalcraft:models/item/rcd_false.mtl'. The color defined by key 'Ks' will not be applied!
[09:25:40] [Client thread/INFO] [FML]: OBJModel: A color has already been defined for material 'handle_1' in 'electricalcraft:models/item/rcd_false.mtl'. The color defined by key 'Ks' will not be applied!
[09:25:40] [Client thread/INFO] [FML]: OBJModel: A color has already been defined for material 'handle_2' in 'electricalcraft:models/item/rcd_false.mtl'. The color defined by key 'Ks' will not be applied!
[09:25:40] [Client thread/INFO] [FML]: OBJModel: A color has already been defined for material 'screws_and_face' in 'electricalcraft:models/item/rcd_false.mtl'. The color defined by key 'Ks' will not be applied!
[09:25:40] [Client thread/INFO] [FML]: OBJModel: A color has already been defined for material 'body' in 'electricalcraft:models/item/rcd_false_rail_mounted.mtl'. The color defined by key 'Ks' will not be applied!
[09:25:40] [Client thread/INFO] [FML]: OBJLoader.MaterialLibrary: key 'Ns' (model: 'electricalcraft:models/item/rcd_false_rail_mounted.mtl') is not currently supported, skipping
[09:25:40] [Client thread/INFO] [FML]: OBJModel: A color has already been defined for material 'clips' in 'electricalcraft:models/item/rcd_false_rail_mounted.mtl'. The color defined by key 'Ks' will not be applied!
[09:25:40] [Client thread/INFO] [FML]: OBJModel: A color has already been defined for material 'handle_1' in 'electricalcraft:models/item/rcd_false_rail_mounted.mtl'. The color defined by key 'Ks' will not be applied!
[09:25:40] [Client thread/INFO] [FML]: OBJModel: A color has already been defined for material 'handle_2' in 'electricalcraft:models/item/rcd_false_rail_mounted.mtl'. The color defined by key 'Ks' will not be applied!
[09:25:40] [Client thread/INFO] [FML]: OBJModel: A color has already been defined for material 'screws_and_face' in 'electricalcraft:models/item/rcd_false_rail_mounted.mtl'. The color defined by key 'Ks' will not be applied!
[09:25:40] [Client thread/INFO] [FML]: OBJModel: A color has already been defined for material 'body' in 'electricalcraft:models/item/rcd_false_test.mtl'. The color defined by key 'Ks' will not be applied!
[09:25:40] [Client thread/INFO] [FML]: OBJLoader.MaterialLibrary: key 'Ns' (model: 'electricalcraft:models/item/rcd_false_test.mtl') is not currently supported, skipping
[09:25:40] [Client thread/INFO] [FML]: OBJModel: A color has already been defined for material 'clips' in 'electricalcraft:models/item/rcd_false_test.mtl'. The color defined by key 'Ks' will not be applied!
[09:25:40] [Client thread/INFO] [FML]: OBJModel: A color has already been defined for material 'handle_1' in 'electricalcraft:models/item/rcd_false_test.mtl'. The color defined by key 'Ks' will not be applied!
[09:25:40] [Client thread/INFO] [FML]: OBJModel: A color has already been defined for material 'handle_2' in 'electricalcraft:models/item/rcd_false_test.mtl'. The color defined by key 'Ks' will not be applied!
[09:25:40] [Client thread/INFO] [FML]: OBJModel: A color has already been defined for material 'screws_and_face' in 'electricalcraft:models/item/rcd_false_test.mtl'. The color defined by key 'Ks' will not be applied!
[09:25:40] [Client thread/INFO] [FML]: OBJModel: A color has already been defined for material 'body' in 'electricalcraft:models/item/rcd_false_test_rail_mounted.mtl'. The color defined by key 'Ks' will not be applied!
[09:25:40] [Client thread/INFO] [FML]: OBJLoader.MaterialLibrary: key 'Ns' (model: 'electricalcraft:models/item/rcd_false_test_rail_mounted.mtl') is not currently supported, skipping
[09:25:40] [Client thread/INFO] [FML]: OBJModel: A color has already been defined for material 'clips' in 'electricalcraft:models/item/rcd_false_test_rail_mounted.mtl'. The color defined by key 'Ks' will not be applied!
[09:25:40] [Client thread/INFO] [FML]: OBJModel: A color has already been defined for material 'handle_1' in 'electricalcraft:models/item/rcd_false_test_rail_mounted.mtl'. The color defined by key 'Ks' will not be applied!
[09:25:40] [Client thread/INFO] [FML]: OBJModel: A color has already been defined for material 'handle_2' in 'electricalcraft:models/item/rcd_false_test_rail_mounted.mtl'. The color defined by key 'Ks' will not be applied!
[09:25:40] [Client thread/INFO] [FML]: OBJModel: A color has already been defined for material 'screws_and_face' in 'electricalcraft:models/item/rcd_false_test_rail_mounted.mtl'. The color defined by key 'Ks' will not be applied!
[09:25:40] [Client thread/INFO] [FML]: OBJModel: A color has already been defined for material 'body' in 'electricalcraft:models/item/rcd_true.mtl'. The color defined by key 'Ks' will not be applied!
[09:25:40] [Client thread/INFO] [FML]: OBJLoader.MaterialLibrary: key 'Ns' (model: 'electricalcraft:models/item/rcd_true.mtl') is not currently supported, skipping
[09:25:40] [Client thread/INFO] [FML]: OBJModel: A color has already been defined for material 'clips' in 'electricalcraft:models/item/rcd_true.mtl'. The color defined by key 'Ks' will not be applied!
[09:25:40] [Client thread/INFO] [FML]: OBJModel: A color has already been defined for material 'handle_1' in 'electricalcraft:models/item/rcd_true.mtl'. The color defined by key 'Ks' will not be applied!
[09:25:40] [Client thread/INFO] [FML]: OBJModel: A color has already been defined for material 'handle_2' in 'electricalcraft:models/item/rcd_true.mtl'. The color defined by key 'Ks' will not be applied!
[09:25:40] [Client thread/INFO] [FML]: OBJModel: A color has already been defined for material 'screws_and_face' in 'electricalcraft:models/item/rcd_true.mtl'. The color defined by key 'Ks' will not be applied!
[09:25:40] [Client thread/INFO] [FML]: OBJModel: A color has already been defined for material 'body' in 'electricalcraft:models/item/rcd_true_rail_mounted.mtl'. The color defined by key 'Ks' will not be applied!
[09:25:40] [Client thread/INFO] [FML]: OBJLoader.MaterialLibrary: key 'Ns' (model: 'electricalcraft:models/item/rcd_true_rail_mounted.mtl') is not currently supported, skipping
[09:25:40] [Client thread/INFO] [FML]: OBJModel: A color has already been defined for material 'clips' in 'electricalcraft:models/item/rcd_true_rail_mounted.mtl'. The color defined by key 'Ks' will not be applied!
[09:25:40] [Client thread/INFO] [FML]: OBJModel: A color has already been defined for material 'handle_1' in 'electricalcraft:models/item/rcd_true_rail_mounted.mtl'. The color defined by key 'Ks' will not be applied!
[09:25:40] [Client thread/INFO] [FML]: OBJModel: A color has already been defined for material 'handle_2' in 'electricalcraft:models/item/rcd_true_rail_mounted.mtl'. The color defined by key 'Ks' will not be applied!
[09:25:40] [Client thread/INFO] [FML]: OBJModel: A color has already been defined for material 'screws_and_face' in 'electricalcraft:models/item/rcd_true_rail_mounted.mtl'. The color defined by key 'Ks' will not be applied!
[09:25:40] [Client thread/INFO] [FML]: OBJModel: A color has already been defined for material 'body' in 'electricalcraft:models/item/rcd_true_test.mtl'. The color defined by key 'Ks' will not be applied!
[09:25:40] [Client thread/INFO] [FML]: OBJLoader.MaterialLibrary: key 'Ns' (model: 'electricalcraft:models/item/rcd_true_test.mtl') is not currently supported, skipping
[09:25:40] [Client thread/INFO] [FML]: OBJModel: A color has already been defined for material 'clips' in 'electricalcraft:models/item/rcd_true_test.mtl'. The color defined by key 'Ks' will not be applied!
[09:25:40] [Client thread/INFO] [FML]: OBJModel: A color has already been defined for material 'handle_1' in 'electricalcraft:models/item/rcd_true_test.mtl'. The color defined by key 'Ks' will not be applied!
[09:25:40] [Client thread/INFO] [FML]: OBJModel: A color has already been defined for material 'handle_2' in 'electricalcraft:models/item/rcd_true_test.mtl'. The color defined by key 'Ks' will not be applied!
[09:25:40] [Client thread/INFO] [FML]: OBJModel: A color has already been defined for material 'screws_and_face' in 'electricalcraft:models/item/rcd_true_test.mtl'. The color defined by key 'Ks' will not be applied!
[09:25:40] [Client thread/INFO] [FML]: OBJModel: A color has already been defined for material 'body' in 'electricalcraft:models/item/rcd_true_test_rail_mounted.mtl'. The color defined by key 'Ks' will not be applied!
[09:25:40] [Client thread/INFO] [FML]: OBJLoader.MaterialLibrary: key 'Ns' (model: 'electricalcraft:models/item/rcd_true_test_rail_mounted.mtl') is not currently supported, skipping
[09:25:40] [Client thread/INFO] [FML]: OBJModel: A color has already been defined for material 'clips' in 'electricalcraft:models/item/rcd_true_test_rail_mounted.mtl'. The color defined by key 'Ks' will not be applied!
[09:25:40] [Client thread/INFO] [FML]: OBJModel: A color has already been defined for material 'handle_1' in 'electricalcraft:models/item/rcd_true_test_rail_mounted.mtl'. The color defined by key 'Ks' will not be applied!
[09:25:40] [Client thread/INFO] [FML]: OBJModel: A color has already been defined for material 'handle_2' in 'electricalcraft:models/item/rcd_true_test_rail_mounted.mtl'. The color defined by key 'Ks' will not be applied!
[09:25:40] [Client thread/INFO] [FML]: OBJModel: A color has already been defined for material 'screws_and_face' in 'electricalcraft:models/item/rcd_true_test_rail_mounted.mtl'. The color defined by key 'Ks' will not be applied!
[09:25:40] [Client thread/INFO] [FML]: OBJLoader.MaterialLibrary: key 'Ns' (model: 'electricalcraft:models/item/round_ceiling_fixture.mtl') is not currently supported, skipping
[09:25:40] [Client thread/INFO] [FML]: OBJModel: A color has already been defined for material 'base' in 'electricalcraft:models/item/round_ceiling_fixture.mtl'. The color defined by key 'Ks' will not be applied!
[09:25:40] [Client thread/INFO] [FML]: OBJLoader.MaterialLibrary: key 'Ke' (model: 'electricalcraft:models/item/round_ceiling_fixture.mtl') is not currently supported, skipping
[09:25:40] [Client thread/INFO] [FML]: OBJLoader.MaterialLibrary: key 'Ni' (model: 'electricalcraft:models/item/round_ceiling_fixture.mtl') is not currently supported, skipping
[09:25:40] [Client thread/INFO] [FML]: OBJLoader.MaterialLibrary: key 'illum' (model: 'electricalcraft:models/item/round_ceiling_fixture.mtl') is not currently supported, skipping
[09:25:40] [Client thread/INFO] [FML]: OBJModel: A color has already been defined for material 'head' in 'electricalcraft:models/item/round_ceiling_fixture.mtl'. The color defined by key 'Ks' will not be applied!
[09:25:40] [Client thread/INFO] [FML]: OBJLoader.MaterialLibrary: key 'Ns' (model: 'electricalcraft:models/item/round_ceiling_fixture_lit.mtl') is not currently supported, skipping
[09:25:40] [Client thread/INFO] [FML]: OBJModel: A color has already been defined for material 'base' in 'electricalcraft:models/item/round_ceiling_fixture_lit.mtl'. The color defined by key 'Ks' will not be applied!
[09:25:40] [Client thread/INFO] [FML]: OBJLoader.MaterialLibrary: key 'Ke' (model: 'electricalcraft:models/item/round_ceiling_fixture_lit.mtl') is not currently supported, skipping
[09:25:40] [Client thread/INFO] [FML]: OBJLoader.MaterialLibrary: key 'Ni' (model: 'electricalcraft:models/item/round_ceiling_fixture_lit.mtl') is not currently supported, skipping
[09:25:40] [Client thread/INFO] [FML]: OBJLoader.MaterialLibrary: key 'illum' (model: 'electricalcraft:models/item/round_ceiling_fixture_lit.mtl') is not currently supported, skipping
[09:25:40] [Client thread/INFO] [FML]: OBJModel: A color has already been defined for material 'head' in 'electricalcraft:models/item/round_ceiling_fixture_lit.mtl'. The color defined by key 'Ks' will not be applied!
[09:25:40] [Client thread/INFO] [FML]: OBJLoader.MaterialLibrary: key 'Ns' (model: 'electricalcraft:models/item/socket_with_lid.mtl') is not currently supported, skipping
[09:25:40] [Client thread/INFO] [FML]: OBJModel: A color has already been defined for material 'ground' in 'electricalcraft:models/item/socket_with_lid.mtl'. The color defined by key 'Ks' will not be applied!
[09:25:40] [Client thread/INFO] [FML]: OBJLoader.MaterialLibrary: key 'Ke' (model: 'electricalcraft:models/item/socket_with_lid.mtl') is not currently supported, skipping
[09:25:40] [Client thread/INFO] [FML]: OBJLoader.MaterialLibrary: key 'Ni' (model: 'electricalcraft:models/item/socket_with_lid.mtl') is not currently supported, skipping
[09:25:40] [Client thread/INFO] [FML]: OBJLoader.MaterialLibrary: key 'illum' (model: 'electricalcraft:models/item/socket_with_lid.mtl') is not currently supported, skipping
[09:25:40] [Client thread/INFO] [FML]: OBJModel: A color has already been defined for material 'hole' in 'electricalcraft:models/item/socket_with_lid.mtl'. The color defined by key 'Ks' will not be applied!
[09:25:40] [Client thread/INFO] [FML]: OBJModel: A color has already been defined for material 'wire_006134006' in 'electricalcraft:models/item/socket_with_lid.mtl'. The color defined by key 'Ks' will not be applied!
[09:25:40] [Client thread/INFO] [FML]: OBJModel: A color has already been defined for material 'wire_028089177' in 'electricalcraft:models/item/socket_with_lid.mtl'. The color defined by key 'Ks' will not be applied!
[09:25:40] [Client thread/INFO] [FML]: OBJModel: A color has already been defined for material 'wire_087224198' in 'electricalcraft:models/item/socket_with_lid.mtl'. The color defined by key 'Ks' will not be applied!
[09:25:40] [Client thread/INFO] [FML]: OBJModel: A color has already been defined for material 'wire_134110008' in 'electricalcraft:models/item/socket_with_lid.mtl'. The color defined by key 'Ks' will not be applied!
[09:25:40] [Client thread/INFO] [FML]: OBJModel: A color has already been defined for material 'wire_177028149' in 'electricalcraft:models/item/socket_with_lid.mtl'. The color defined by key 'Ks' will not be applied!
[09:25:40] [Client thread/INFO] [FML]: OBJModel: A color has already been defined for material 'wire_224198087' in 'electricalcraft:models/item/socket_with_lid.mtl'. The color defined by key 'Ks' will not be applied!
[09:25:40] [Client thread/INFO] [FML]: OBJModel: A color has already been defined for material 'wire_229166215' in 'electricalcraft:models/item/socket_with_lid.mtl'. The color defined by key 'Ks' will not be applied!
[09:25:40] [Client thread/INFO] [FML]: OBJLoader.MaterialLibrary: key 'Ns' (model: 'electricalcraft:models/item/solar_panel.mtl') is not currently supported, skipping
[09:25:40] [Client thread/INFO] [FML]: OBJModel: A color has already been defined for material 'cell' in 'electricalcraft:models/item/solar_panel.mtl'. The color defined by key 'Ks' will not be applied!
[09:25:40] [Client thread/INFO] [FML]: OBJLoader.MaterialLibrary: key 'Ke' (model: 'electricalcraft:models/item/solar_panel.mtl') is not currently supported, skipping
[09:25:40] [Client thread/INFO] [FML]: OBJLoader.MaterialLibrary: key 'Ni' (model: 'electricalcraft:models/item/solar_panel.mtl') is not currently supported, skipping
[09:25:40] [Client thread/INFO] [FML]: OBJLoader.MaterialLibrary: key 'illum' (model: 'electricalcraft:models/item/solar_panel.mtl') is not currently supported, skipping
[09:25:40] [Client thread/INFO] [FML]: OBJModel: A color has already been defined for material 'solar_panel' in 'electricalcraft:models/item/solar_panel.mtl'. The color defined by key 'Ks' will not be applied!
[09:25:40] [Client thread/INFO] [FML]: OBJLoader.MaterialLibrary: key 'Ns' (model: 'electricalcraft:models/item/sphere_ceiling_fixture.mtl') is not currently supported, skipping
[09:25:40] [Client thread/INFO] [FML]: OBJModel: A color has already been defined for material 'base' in 'electricalcraft:models/item/sphere_ceiling_fixture.mtl'. The color defined by key 'Ks' will not be applied!
[09:25:40] [Client thread/INFO] [FML]: OBJLoader.MaterialLibrary: key 'Ke' (model: 'electricalcraft:models/item/sphere_ceiling_fixture.mtl') is not currently supported, skipping
[09:25:40] [Client thread/INFO] [FML]: OBJLoader.MaterialLibrary: key 'Ni' (model: 'electricalcraft:models/item/sphere_ceiling_fixture.mtl') is not currently supported, skipping
[09:25:40] [Client thread/INFO] [FML]: OBJLoader.MaterialLibrary: key 'illum' (model: 'electricalcraft:models/item/sphere_ceiling_fixture.mtl') is not currently supported, skipping
[09:25:40] [Client thread/INFO] [FML]: OBJModel: A color has already been defined for material 'head' in 'electricalcraft:models/item/sphere_ceiling_fixture.mtl'. The color defined by key 'Ks' will not be applied!
[09:25:40] [Client thread/INFO] [FML]: OBJLoader.MaterialLibrary: key 'Ns' (model: 'electricalcraft:models/item/sphere_ceiling_fixture_lit.mtl') is not currently supported, skipping
[09:25:40] [Client thread/INFO] [FML]: OBJModel: A color has already been defined for material 'base' in 'electricalcraft:models/item/sphere_ceiling_fixture_lit.mtl'. The color defined by key 'Ks' will not be applied!
[09:25:40] [Client thread/INFO] [FML]: OBJLoader.MaterialLibrary: key 'Ke' (model: 'electricalcraft:models/item/sphere_ceiling_fixture_lit.mtl') is not currently supported, skipping
[09:25:40] [Client thread/INFO] [FML]: OBJLoader.MaterialLibrary: key 'Ni' (model: 'electricalcraft:models/item/sphere_ceiling_fixture_lit.mtl') is not currently supported, skipping
[09:25:40] [Client thread/INFO] [FML]: OBJLoader.MaterialLibrary: key 'illum' (model: 'electricalcraft:models/item/sphere_ceiling_fixture_lit.mtl') is not currently supported, skipping
[09:25:40] [Client thread/INFO] [FML]: OBJModel: A color has already been defined for material 'head' in 'electricalcraft:models/item/sphere_ceiling_fixture_lit.mtl'. The color defined by key 'Ks' will not be applied!
[09:25:40] [Client thread/INFO] [FML]: OBJLoader.MaterialLibrary: key 'Ns' (model: 'electricalcraft:models/item/street_light_pole.mtl') is not currently supported, skipping
[09:25:40] [Client thread/INFO] [FML]: OBJModel: A color has already been defined for material 'garden_lamp' in 'electricalcraft:models/item/street_light_pole.mtl'. The color defined by key 'Ks' will not be applied!
[09:25:40] [Client thread/INFO] [FML]: OBJLoader.MaterialLibrary: key 'Ke' (model: 'electricalcraft:models/item/street_light_pole.mtl') is not currently supported, skipping
[09:25:40] [Client thread/INFO] [FML]: OBJLoader.MaterialLibrary: key 'Ni' (model: 'electricalcraft:models/item/street_light_pole.mtl') is not currently supported, skipping
[09:25:40] [Client thread/INFO] [FML]: OBJLoader.MaterialLibrary: key 'illum' (model: 'electricalcraft:models/item/street_light_pole.mtl') is not currently supported, skipping
[09:25:40] [Client thread/INFO] [FML]: OBJLoader.MaterialLibrary: key 'Ns' (model: 'electricalcraft:models/item/street_light_pole_2.mtl') is not currently supported, skipping
[09:25:40] [Client thread/INFO] [FML]: OBJModel: A color has already been defined for material 'black' in 'electricalcraft:models/item/street_light_pole_2.mtl'. The color defined by key 'Ks' will not be applied!
[09:25:40] [Client thread/INFO] [FML]: OBJLoader.MaterialLibrary: key 'Ke' (model: 'electricalcraft:models/item/street_light_pole_2.mtl') is not currently supported, skipping
[09:25:40] [Client thread/INFO] [FML]: OBJLoader.MaterialLibrary: key 'Ni' (model: 'electricalcraft:models/item/street_light_pole_2.mtl') is not currently supported, skipping
[09:25:40] [Client thread/INFO] [FML]: OBJLoader.MaterialLibrary: key 'illum' (model: 'electricalcraft:models/item/street_light_pole_2.mtl') is not currently supported, skipping
[09:25:40] [Client thread/INFO] [FML]: OBJModel: A color has already been defined for material 'brz' in 'electricalcraft:models/item/street_light_pole_2.mtl'. The color defined by key 'Ks' will not be applied!
[09:25:40] [Client thread/INFO] [FML]: OBJModel: A color has already been defined for material 'garden_lamp' in 'electricalcraft:models/item/street_light_pole_2.mtl'. The color defined by key 'Ks' will not be applied!
[09:25:40] [Client thread/INFO] [FML]: OBJModel: A color has already been defined for material 'white' in 'electricalcraft:models/item/street_light_pole_2.mtl'. The color defined by key 'Ks' will not be applied!
[09:25:40] [Client thread/INFO] [FML]: OBJModel: A color has already been defined for material 'whitematte' in 'electricalcraft:models/item/street_light_pole_2.mtl'. The color defined by key 'Ks' will not be applied!
[09:25:40] [Client thread/INFO] [FML]: OBJLoader.MaterialLibrary: key 'Ns' (model: 'electricalcraft:models/item/street_light_pole_3.mtl') is not currently supported, skipping
[09:25:40] [Client thread/INFO] [FML]: OBJModel: A color has already been defined for material 'base_metal' in 'electricalcraft:models/item/street_light_pole_3.mtl'. The color defined by key 'Ks' will not be applied!
[09:25:40] [Client thread/INFO] [FML]: OBJLoader.MaterialLibrary: key 'Ke' (model: 'electricalcraft:models/item/street_light_pole_3.mtl') is not currently supported, skipping
[09:25:40] [Client thread/INFO] [FML]: OBJLoader.MaterialLibrary: key 'Ni' (model: 'electricalcraft:models/item/street_light_pole_3.mtl') is not currently supported, skipping
[09:25:40] [Client thread/INFO] [FML]: OBJLoader.MaterialLibrary: key 'illum' (model: 'electricalcraft:models/item/street_light_pole_3.mtl') is not currently supported, skipping
[09:25:40] [Client thread/INFO] [FML]: OBJModel: A color has already been defined for material 'base_vitrite' in 'electricalcraft:models/item/street_light_pole_3.mtl'. The color defined by key 'Ks' will not be applied!
[09:25:40] [Client thread/INFO] [FML]: OBJModel: A color has already been defined for material 'emitter' in 'electricalcraft:models/item/street_light_pole_3.mtl'. The color defined by key 'Ks' will not be applied!
[09:25:40] [Client thread/INFO] [FML]: OBJModel: A color has already been defined for material 'garden_lamp' in 'electricalcraft:models/item/street_light_pole_3.mtl'. The color defined by key 'Ks' will not be applied!
[09:25:40] [Client thread/INFO] [FML]: OBJModel: A color has already been defined for material 'led_bulb_body' in 'electricalcraft:models/item/street_light_pole_3.mtl'. The color defined by key 'Ks' will not be applied!
[09:25:40] [Client thread/INFO] [FML]: OBJModel: A color has already been defined for material 'material_surge_protector_body' in 'electricalcraft:models/item/surge_protector_broken.mtl'. The color defined by key 'Ks' will not be applied!
[09:25:40] [Client thread/INFO] [FML]: OBJLoader.MaterialLibrary: key 'Ns' (model: 'electricalcraft:models/item/surge_protector_broken.mtl') is not currently supported, skipping
[09:25:40] [Client thread/INFO] [FML]: OBJModel: A color has already been defined for material 'material_surge_protector_body.001' in 'electricalcraft:models/item/surge_protector_broken.mtl'. The color defined by key 'Ks' will not be applied!
[09:25:40] [Client thread/INFO] [FML]: OBJModel: A color has already been defined for material 'material_surge_protector_body.002' in 'electricalcraft:models/item/surge_protector_broken.mtl'. The color defined by key 'Ks' will not be applied!
[09:25:40] [Client thread/INFO] [FML]: OBJModel: A color has already been defined for material 'material_surge_protector_body' in 'electricalcraft:models/item/surge_protector.mtl'. The color defined by key 'Ks' will not be applied!
[09:25:40] [Client thread/INFO] [FML]: OBJLoader.MaterialLibrary: key 'Ns' (model: 'electricalcraft:models/item/surge_protector.mtl') is not currently supported, skipping
[09:25:40] [Client thread/INFO] [FML]: OBJModel: A color has already been defined for material 'material_surge_protector_body.001' in 'electricalcraft:models/item/surge_protector.mtl'. The color defined by key 'Ks' will not be applied!
[09:25:40] [Client thread/INFO] [FML]: OBJModel: A color has already been defined for material 'material_surge_protector_body.002' in 'electricalcraft:models/item/surge_protector.mtl'. The color defined by key 'Ks' will not be applied!
[09:25:40] [Client thread/INFO] [FML]: OBJLoader.MaterialLibrary: key 'Ns' (model: 'electricalcraft:models/item/toolbox.mtl') is not currently supported, skipping
[09:25:40] [Client thread/INFO] [FML]: OBJModel: A color has already been defined for material 'Tool_Base' in 'electricalcraft:models/item/toolbox.mtl'. The color defined by key 'Ks' will not be applied!
[09:25:40] [Client thread/INFO] [FML]: OBJLoader.MaterialLibrary: key 'Ke' (model: 'electricalcraft:models/item/toolbox.mtl') is not currently supported, skipping
[09:25:40] [Client thread/INFO] [FML]: OBJLoader.MaterialLibrary: key 'Ni' (model: 'electricalcraft:models/item/toolbox.mtl') is not currently supported, skipping
[09:25:40] [Client thread/INFO] [FML]: OBJLoader.MaterialLibrary: key 'illum' (model: 'electricalcraft:models/item/toolbox.mtl') is not currently supported, skipping
[09:25:40] [Client thread/INFO] [FML]: OBJModel: A color has already been defined for material 'Tool_Detail' in 'electricalcraft:models/item/toolbox.mtl'. The color defined by key 'Ks' will not be applied!
[09:25:40] [Client thread/INFO] [FML]: OBJModel: A color has already been defined for material 'Tool_Rubber' in 'electricalcraft:models/item/toolbox.mtl'. The color defined by key 'Ks' will not be applied!
[09:25:40] [Client thread/INFO] [FML]: OBJLoader.MaterialLibrary: key 'Ns' (model: 'electricalcraft:models/item/transformator.mtl') is not currently supported, skipping
[09:25:40] [Client thread/INFO] [FML]: OBJModel: A color has already been defined for material 'Izolator' in 'electricalcraft:models/item/transformator.mtl'. The color defined by key 'Ks' will not be applied!
[09:25:40] [Client thread/INFO] [FML]: OBJLoader.MaterialLibrary: key 'Ke' (model: 'electricalcraft:models/item/transformator.mtl') is not currently supported, skipping
[09:25:40] [Client thread/INFO] [FML]: OBJLoader.MaterialLibrary: key 'Ni' (model: 'electricalcraft:models/item/transformator.mtl') is not currently supported, skipping
[09:25:40] [Client thread/INFO] [FML]: OBJLoader.MaterialLibrary: key 'illum' (model: 'electricalcraft:models/item/transformator.mtl') is not currently supported, skipping
[09:25:40] [Client thread/INFO] [FML]: OBJModel: A color has already been defined for material 'Transformator' in 'electricalcraft:models/item/transformator.mtl'. The color defined by key 'Ks' will not be applied!
[09:25:40] [Client thread/INFO] [FML]: OBJModel: A color has already been defined for material 'Material' in 'electricalcraft:models/item/12v_battery.mtl'. The color defined by key 'Ks' will not be applied!
[09:25:40] [Client thread/INFO] [FML]: OBJLoader.MaterialLibrary: key 'Ns' (model: 'electricalcraft:models/item/12v_battery.mtl') is not currently supported, skipping
[09:25:41] [Client thread/ERROR] [FML]: OBJModel.Parser: (Model: 'hbm:models/block/foundry_slagtap.obj', Line: 47) material 'm_a7ef23a5-b34d-59b3-5b0b-fbdc243f960a' referenced but was not found
[09:25:41] [Client thread/ERROR] [FML]: OBJModel.Parser: (Model: 'hbm:models/block/foundry_slagtap.obj', Line: 98) material 'm_a7ef23a5-b34d-59b3-5b0b-fbdc243f960a' referenced but was not found
[09:25:41] [Client thread/ERROR] [FML]: OBJModel.Parser: (Model: 'hbm:models/block/foundry_slagtap.obj', Line: 147) material 'm_a7ef23a5-b34d-59b3-5b0b-fbdc243f960a' referenced but was not found
[09:25:41] [Client thread/INFO] [FML]: OBJModel: A color has already been defined for material 'Material' in 'hbm:models/block/difurnace_extension.mtl'. The color defined by key 'Ks' will not be applied!
[09:25:41] [Client thread/INFO] [FML]: OBJLoader.MaterialLibrary: key 'Ns' (model: 'hbm:models/block/pribris.mtl') is not currently supported, skipping
[09:25:41] [Client thread/INFO] [FML]: OBJModel: A color has already been defined for material 'PribrisMTL' in 'hbm:models/block/pribris.mtl'. The color defined by key 'Ks' will not be applied!
[09:25:41] [Client thread/INFO] [FML]: OBJLoader.MaterialLibrary: key 'Ke' (model: 'hbm:models/block/pribris.mtl') is not currently supported, skipping
[09:25:41] [Client thread/INFO] [FML]: OBJLoader.MaterialLibrary: key 'Ni' (model: 'hbm:models/block/pribris.mtl') is not currently supported, skipping
[09:25:41] [Client thread/INFO] [FML]: OBJLoader.MaterialLibrary: key 'illum' (model: 'hbm:models/block/pribris.mtl') is not currently supported, skipping
[09:25:41] [Client thread/INFO] [FML]: OBJLoader.MaterialLibrary: key 'Ns' (model: 'hbm:models/block/pribris_burning.mtl') is not currently supported, skipping
[09:25:41] [Client thread/INFO] [FML]: OBJModel: A color has already been defined for material 'PribrisMTL' in 'hbm:models/block/pribris_burning.mtl'. The color defined by key 'Ks' will not be applied!
[09:25:41] [Client thread/INFO] [FML]: OBJLoader.MaterialLibrary: key 'Ke' (model: 'hbm:models/block/pribris_burning.mtl') is not currently supported, skipping
[09:25:41] [Client thread/INFO] [FML]: OBJLoader.MaterialLibrary: key 'Ni' (model: 'hbm:models/block/pribris_burning.mtl') is not currently supported, skipping
[09:25:41] [Client thread/INFO] [FML]: OBJLoader.MaterialLibrary: key 'illum' (model: 'hbm:models/block/pribris_burning.mtl') is not currently supported, skipping
[09:25:41] [Client thread/INFO] [FML]: OBJLoader.MaterialLibrary: key 'Ns' (model: 'hbm:models/block/pribris_digamma.mtl') is not currently supported, skipping
[09:25:41] [Client thread/INFO] [FML]: OBJModel: A color has already been defined for material 'PribrisMTL' in 'hbm:models/block/pribris_digamma.mtl'. The color defined by key 'Ks' will not be applied!
[09:25:41] [Client thread/INFO] [FML]: OBJLoader.MaterialLibrary: key 'Ke' (model: 'hbm:models/block/pribris_digamma.mtl') is not currently supported, skipping
[09:25:41] [Client thread/INFO] [FML]: OBJLoader.MaterialLibrary: key 'Ni' (model: 'hbm:models/block/pribris_digamma.mtl') is not currently supported, skipping
[09:25:41] [Client thread/INFO] [FML]: OBJLoader.MaterialLibrary: key 'illum' (model: 'hbm:models/block/pribris_digamma.mtl') is not currently supported, skipping
[09:25:41] [Client thread/INFO] [FML]: OBJLoader.MaterialLibrary: key 'Ns' (model: 'hbm:models/block/pribris_radiating.mtl') is not currently supported, skipping
[09:25:41] [Client thread/INFO] [FML]: OBJModel: A color has already been defined for material 'PribrisMTL' in 'hbm:models/block/pribris_radiating.mtl'. The color defined by key 'Ks' will not be applied!
[09:25:41] [Client thread/INFO] [FML]: OBJLoader.MaterialLibrary: key 'Ke' (model: 'hbm:models/block/pribris_radiating.mtl') is not currently supported, skipping
[09:25:41] [Client thread/INFO] [FML]: OBJLoader.MaterialLibrary: key 'Ni' (model: 'hbm:models/block/pribris_radiating.mtl') is not currently supported, skipping
[09:25:41] [Client thread/INFO] [FML]: OBJLoader.MaterialLibrary: key 'illum' (model: 'hbm:models/block/pribris_radiating.mtl') is not currently supported, skipping
[09:25:42] [Client thread/INFO] [FML]: OBJLoader.MaterialLibrary: key 'Ns' (model: 'electricalcraft:models/item/automatic_fuse_item.mtl') is not currently supported, skipping
[09:25:42] [Client thread/INFO] [FML]: OBJModel: A color has already been defined for material 'Malzeme.003' in 'electricalcraft:models/item/automatic_fuse_item.mtl'. The color defined by key 'Ks' will not be applied!
[09:25:42] [Client thread/INFO] [FML]: OBJLoader.MaterialLibrary: key 'Ke' (model: 'electricalcraft:models/item/automatic_fuse_item.mtl') is not currently supported, skipping
[09:25:42] [Client thread/INFO] [FML]: OBJLoader.MaterialLibrary: key 'Ni' (model: 'electricalcraft:models/item/automatic_fuse_item.mtl') is not currently supported, skipping
[09:25:42] [Client thread/INFO] [FML]: OBJLoader.MaterialLibrary: key 'illum' (model: 'electricalcraft:models/item/automatic_fuse_item.mtl') is not currently supported, skipping
[09:25:42] [Client thread/INFO] [FML]: OBJModel: A color has already been defined for material 'Malzeme.005' in 'electricalcraft:models/item/automatic_fuse_item.mtl'. The color defined by key 'Ks' will not be applied!
[09:25:42] [Client thread/INFO] [FML]: OBJModel: A color has already been defined for material 'Malzeme.006' in 'electricalcraft:models/item/automatic_fuse_item.mtl'. The color defined by key 'Ks' will not be applied!
[09:25:42] [Client thread/INFO] [FML]: OBJModel: A color has already been defined for material 'Malzeme.007' in 'electricalcraft:models/item/automatic_fuse_item.mtl'. The color defined by key 'Ks' will not be applied!
[09:25:42] [Client thread/INFO] [FML]: OBJLoader.MaterialLibrary: key 'Ns' (model: 'electricalcraft:models/item/compact_fluorescent.mtl') is not currently supported, skipping
[09:25:42] [Client thread/INFO] [FML]: OBJModel: A color has already been defined for material 'base_metal' in 'electricalcraft:models/item/compact_fluorescent.mtl'. The color defined by key 'Ks' will not be applied!
[09:25:42] [Client thread/INFO] [FML]: OBJLoader.MaterialLibrary: key 'Ke' (model: 'electricalcraft:models/item/compact_fluorescent.mtl') is not currently supported, skipping
[09:25:42] [Client thread/INFO] [FML]: OBJLoader.MaterialLibrary: key 'Ni' (model: 'electricalcraft:models/item/compact_fluorescent.mtl') is not currently supported, skipping
[09:25:42] [Client thread/INFO] [FML]: OBJLoader.MaterialLibrary: key 'illum' (model: 'electricalcraft:models/item/compact_fluorescent.mtl') is not currently supported, skipping
[09:25:42] [Client thread/INFO] [FML]: OBJModel: A color has already been defined for material 'base_vitrite' in 'electricalcraft:models/item/compact_fluorescent.mtl'. The color defined by key 'Ks' will not be applied!
[09:25:42] [Client thread/INFO] [FML]: OBJModel: A color has already been defined for material 'compact_fluorescent_body' in 'electricalcraft:models/item/compact_fluorescent.mtl'. The color defined by key 'Ks' will not be applied!
[09:25:42] [Client thread/INFO] [FML]: OBJModel: A color has already been defined for material 'tube' in 'electricalcraft:models/item/compact_fluorescent.mtl'. The color defined by key 'Ks' will not be applied!
[09:25:42] [Client thread/INFO] [FML]: OBJLoader.MaterialLibrary: key 'Ns' (model: 'electricalcraft:models/item/fuse_cartridge.mtl') is not currently supported, skipping
[09:25:42] [Client thread/INFO] [FML]: OBJModel: A color has already been defined for material 'Material' in 'electricalcraft:models/item/fuse_cartridge.mtl'. The color defined by key 'Ks' will not be applied!
[09:25:42] [Client thread/INFO] [FML]: OBJLoader.MaterialLibrary: key 'Ke' (model: 'electricalcraft:models/item/fuse_cartridge.mtl') is not currently supported, skipping
[09:25:42] [Client thread/INFO] [FML]: OBJLoader.MaterialLibrary: key 'Ni' (model: 'electricalcraft:models/item/fuse_cartridge.mtl') is not currently supported, skipping
[09:25:42] [Client thread/INFO] [FML]: OBJLoader.MaterialLibrary: key 'illum' (model: 'electricalcraft:models/item/fuse_cartridge.mtl') is not currently supported, skipping
[09:25:42] [Client thread/INFO] [FML]: OBJModel: A color has already been defined for material '_0132_LightGray' in 'electricalcraft:models/item/fuse_cartridge.mtl'. The color defined by key 'Ks' will not be applied!
[09:25:42] [Client thread/INFO] [FML]: OBJModel: A color has already been defined for material 'material' in 'electricalcraft:models/item/fuse_cartridge.mtl'. The color defined by key 'Ks' will not be applied!
[09:25:42] [Client thread/INFO] [FML]: OBJModel: A color has already been defined for material 'material_0' in 'electricalcraft:models/item/fuse_cartridge.mtl'. The color defined by key 'Ks' will not be applied!
[09:25:42] [Client thread/INFO] [FML]: OBJModel: A color has already been defined for material 'temper' in 'electricalcraft:models/item/infrared_thermometer.mtl'. The color defined by key 'Ks' will not be applied!
[09:25:42] [Client thread/INFO] [FML]: OBJLoader.MaterialLibrary: key 'Ns' (model: 'electricalcraft:models/item/infrared_thermometer.mtl') is not currently supported, skipping
[09:25:42] [Client thread/INFO] [FML]: OBJLoader.MaterialLibrary: key 'Ns' (model: 'electricalcraft:models/item/item_cpu.mtl') is not currently supported, skipping
[09:25:42] [Client thread/INFO] [FML]: OBJModel: A color has already been defined for material 'Color_002' in 'electricalcraft:models/item/item_cpu.mtl'. The color defined by key 'Ks' will not be applied!
[09:25:42] [Client thread/INFO] [FML]: OBJLoader.MaterialLibrary: key 'Ke' (model: 'electricalcraft:models/item/item_cpu.mtl') is not currently supported, skipping
[09:25:42] [Client thread/INFO] [FML]: OBJLoader.MaterialLibrary: key 'Ni' (model: 'electricalcraft:models/item/item_cpu.mtl') is not currently supported, skipping
[09:25:42] [Client thread/INFO] [FML]: OBJLoader.MaterialLibrary: key 'illum' (model: 'electricalcraft:models/item/item_cpu.mtl') is not currently supported, skipping
[09:25:42] [Client thread/INFO] [FML]: OBJModel: A color has already been defined for material 'Color_004' in 'electricalcraft:models/item/item_cpu.mtl'. The color defined by key 'Ks' will not be applied!
[09:25:42] [Client thread/INFO] [FML]: OBJModel: A color has already been defined for material 'Color_D02' in 'electricalcraft:models/item/item_cpu.mtl'. The color defined by key 'Ks' will not be applied!
[09:25:42] [Client thread/INFO] [FML]: OBJModel: A color has already been defined for material 'Color_F17' in 'electricalcraft:models/item/item_cpu.mtl'. The color defined by key 'Ks' will not be applied!
[09:25:42] [Client thread/INFO] [FML]: OBJModel: A color has already been defined for material 'Color_G14' in 'electricalcraft:models/item/item_cpu.mtl'. The color defined by key 'Ks' will not be applied!
[09:25:42] [Client thread/INFO] [FML]: OBJModel: A color has already been defined for material '_0057_DarkKhaki' in 'electricalcraft:models/item/item_cpu.mtl'. The color defined by key 'Ks' will not be applied!
[09:25:42] [Client thread/INFO] [FML]: OBJModel: A color has already been defined for material '__Color_007_1' in 'electricalcraft:models/item/item_cpu.mtl'. The color defined by key 'Ks' will not be applied!
[09:25:42] [Client thread/INFO] [FML]: OBJModel: A color has already been defined for material 'material' in 'electricalcraft:models/item/item_cpu.mtl'. The color defined by key 'Ks' will not be applied!
[09:25:42] [Client thread/INFO] [FML]: OBJLoader.MaterialLibrary: key 'Ns' (model: 'electricalcraft:models/item/item_ram.mtl') is not currently supported, skipping
[09:25:42] [Client thread/INFO] [FML]: OBJModel: A color has already been defined for material 'Color_009' in 'electricalcraft:models/item/item_ram.mtl'. The color defined by key 'Ks' will not be applied!
[09:25:42] [Client thread/INFO] [FML]: OBJLoader.MaterialLibrary: key 'Ke' (model: 'electricalcraft:models/item/item_ram.mtl') is not currently supported, skipping
[09:25:42] [Client thread/INFO] [FML]: OBJLoader.MaterialLibrary: key 'Ni' (model: 'electricalcraft:models/item/item_ram.mtl') is not currently supported, skipping
[09:25:42] [Client thread/INFO] [FML]: OBJLoader.MaterialLibrary: key 'illum' (model: 'electricalcraft:models/item/item_ram.mtl') is not currently supported, skipping
[09:25:42] [Client thread/INFO] [FML]: OBJModel: A color has already been defined for material 'Color_F16' in 'electricalcraft:models/item/item_ram.mtl'. The color defined by key 'Ks' will not be applied!
[09:25:42] [Client thread/INFO] [FML]: OBJModel: A color has already been defined for material 'Yellow' in 'electricalcraft:models/item/item_ram.mtl'. The color defined by key 'Ks' will not be applied!
[09:25:42] [Client thread/INFO] [FML]: OBJModel: A color has already been defined for material '_0136_Charcoal' in 'electricalcraft:models/item/item_ram.mtl'. The color defined by key 'Ks' will not be applied!
[09:25:42] [Client thread/INFO] [FML]: OBJModel: A color has already been defined for material '_0137_Black' in 'electricalcraft:models/item/item_ram.mtl'. The color defined by key 'Ks' will not be applied!
[09:25:42] [Client thread/INFO] [FML]: OBJModel: A color has already been defined for material 'material' in 'electricalcraft:models/item/item_ram.mtl'. The color defined by key 'Ks' will not be applied!
[09:25:42] [Client thread/INFO] [FML]: OBJModel: A color has already been defined for material 'material_0' in 'electricalcraft:models/item/item_ram.mtl'. The color defined by key 'Ks' will not be applied!
[09:25:42] [Client thread/INFO] [FML]: OBJLoader.MaterialLibrary: key 'Ns' (model: 'electricalcraft:models/item/led_lightbulb.mtl') is not currently supported, skipping
[09:25:42] [Client thread/INFO] [FML]: OBJModel: A color has already been defined for material 'base_metal' in 'electricalcraft:models/item/led_lightbulb.mtl'. The color defined by key 'Ks' will not be applied!
[09:25:42] [Client thread/INFO] [FML]: OBJLoader.MaterialLibrary: key 'Ke' (model: 'electricalcraft:models/item/led_lightbulb.mtl') is not currently supported, skipping
[09:25:42] [Client thread/INFO] [FML]: OBJLoader.MaterialLibrary: key 'Ni' (model: 'electricalcraft:models/item/led_lightbulb.mtl') is not currently supported, skipping
[09:25:42] [Client thread/INFO] [FML]: OBJLoader.MaterialLibrary: key 'illum' (model: 'electricalcraft:models/item/led_lightbulb.mtl') is not currently supported, skipping
[09:25:42] [Client thread/INFO] [FML]: OBJModel: A color has already been defined for material 'base_vitrite' in 'electricalcraft:models/item/led_lightbulb.mtl'. The color defined by key 'Ks' will not be applied!
[09:25:42] [Client thread/INFO] [FML]: OBJModel: A color has already been defined for material 'emitter' in 'electricalcraft:models/item/led_lightbulb.mtl'. The color defined by key 'Ks' will not be applied!
[09:25:42] [Client thread/INFO] [FML]: OBJModel: A color has already been defined for material 'led_bulb_body' in 'electricalcraft:models/item/led_lightbulb.mtl'. The color defined by key 'Ks' will not be applied!
[09:25:42] [Client thread/INFO] [FML]: OBJLoader.MaterialLibrary: key 'Ns' (model: 'electricalcraft:models/item/led_lightbulb_2.mtl') is not currently supported, skipping
[09:25:42] [Client thread/INFO] [FML]: OBJModel: A color has already been defined for material 'base_metal.002' in 'electricalcraft:models/item/led_lightbulb_2.mtl'. The color defined by key 'Ks' will not be applied!
[09:25:42] [Client thread/INFO] [FML]: OBJLoader.MaterialLibrary: key 'Ke' (model: 'electricalcraft:models/item/led_lightbulb_2.mtl') is not currently supported, skipping
[09:25:42] [Client thread/INFO] [FML]: OBJLoader.MaterialLibrary: key 'Ni' (model: 'electricalcraft:models/item/led_lightbulb_2.mtl') is not currently supported, skipping
[09:25:42] [Client thread/INFO] [FML]: OBJLoader.MaterialLibrary: key 'illum' (model: 'electricalcraft:models/item/led_lightbulb_2.mtl') is not currently supported, skipping
[09:25:42] [Client thread/INFO] [FML]: OBJModel: A color has already been defined for material 'base_vitrite.002' in 'electricalcraft:models/item/led_lightbulb_2.mtl'. The color defined by key 'Ks' will not be applied!
[09:25:42] [Client thread/INFO] [FML]: OBJModel: A color has already been defined for material 'emitter' in 'electricalcraft:models/item/led_lightbulb_2.mtl'. The color defined by key 'Ks' will not be applied!
[09:25:42] [Client thread/INFO] [FML]: OBJModel: A color has already been defined for material 'led_bulb_body' in 'electricalcraft:models/item/led_lightbulb_2.mtl'. The color defined by key 'Ks' will not be applied!
[09:25:42] [Client thread/INFO] [FML]: OBJModel: A color has already been defined for material 'Материал.003' in 'electricalcraft:models/item/multimeter.mtl'. The color defined by key 'Ks' will not be applied!
[09:25:42] [Client thread/INFO] [FML]: OBJLoader.MaterialLibrary: key 'Ns' (model: 'electricalcraft:models/item/multimeter.mtl') is not currently supported, skipping
[09:25:42] [Client thread/WARN] [FML]: OBJModel.Parser: found a face ('f') with more than 4 vertices, only the first 4 of these vertices will be rendered!
[09:25:42] [Client thread/WARN] [FML]: OBJModel.Parser: found a face ('f') with more than 4 vertices, only the first 4 of these vertices will be rendered!
[09:25:42] [Client thread/WARN] [FML]: OBJModel.Parser: found a face ('f') with more than 4 vertices, only the first 4 of these vertices will be rendered!
[09:25:42] [Client thread/WARN] [FML]: OBJModel.Parser: found a face ('f') with more than 4 vertices, only the first 4 of these vertices will be rendered!
[09:25:42] [Client thread/WARN] [FML]: OBJModel.Parser: found a face ('f') with more than 4 vertices, only the first 4 of these vertices will be rendered!
[09:25:42] [Client thread/WARN] [FML]: OBJModel.Parser: found a face ('f') with more than 4 vertices, only the first 4 of these vertices will be rendered!
[09:25:42] [Client thread/WARN] [FML]: OBJModel.Parser: found a face ('f') with more than 4 vertices, only the first 4 of these vertices will be rendered!
[09:25:42] [Client thread/WARN] [FML]: OBJModel.Parser: found a face ('f') with more than 4 vertices, only the first 4 of these vertices will be rendered!
[09:25:42] [Client thread/WARN] [FML]: OBJModel.Parser: found a face ('f') with more than 4 vertices, only the first 4 of these vertices will be rendered!
[09:25:42] [Client thread/WARN] [FML]: OBJModel.Parser: found a face ('f') with more than 4 vertices, only the first 4 of these vertices will be rendered!
[09:25:42] [Client thread/WARN] [FML]: OBJModel.Parser: found a face ('f') with more than 4 vertices, only the first 4 of these vertices will be rendered!
[09:25:42] [Client thread/WARN] [FML]: OBJModel.Parser: found a face ('f') with more than 4 vertices, only the first 4 of these vertices will be rendered!
[09:25:42] [Client thread/WARN] [FML]: OBJModel.Parser: found a face ('f') with more than 4 vertices, only the first 4 of these vertices will be rendered!
[09:25:42] [Client thread/WARN] [FML]: OBJModel.Parser: found a face ('f') with more than 4 vertices, only the first 4 of these vertices will be rendered!
[09:25:42] [Client thread/WARN] [FML]: OBJModel.Parser: found a face ('f') with more than 4 vertices, only the first 4 of these vertices will be rendered!
[09:25:42] [Client thread/WARN] [FML]: OBJModel.Parser: found a face ('f') with more than 4 vertices, only the first 4 of these vertices will be rendered!
[09:25:42] [Client thread/WARN] [FML]: OBJModel.Parser: found a face ('f') with more than 4 vertices, only the first 4 of these vertices will be rendered!
[09:25:42] [Client thread/INFO] [FML]: OBJLoader.MaterialLibrary: key 'Ns' (model: 'electricalcraft:models/item/pliers.mtl') is not currently supported, skipping
[09:25:42] [Client thread/INFO] [FML]: OBJModel: A color has already been defined for material 'handle' in 'electricalcraft:models/item/pliers.mtl'. The color defined by key 'Ks' will not be applied!
[09:25:42] [Client thread/INFO] [FML]: OBJLoader.MaterialLibrary: key 'Ke' (model: 'electricalcraft:models/item/pliers.mtl') is not currently supported, skipping
[09:25:42] [Client thread/INFO] [FML]: OBJLoader.MaterialLibrary: key 'Ni' (model: 'electricalcraft:models/item/pliers.mtl') is not currently supported, skipping
[09:25:42] [Client thread/INFO] [FML]: OBJLoader.MaterialLibrary: key 'illum' (model: 'electricalcraft:models/item/pliers.mtl') is not currently supported, skipping
[09:25:42] [Client thread/INFO] [FML]: OBJModel: A color has already been defined for material 'handle_2' in 'electricalcraft:models/item/pliers.mtl'. The color defined by key 'Ks' will not be applied!
[09:25:42] [Client thread/INFO] [FML]: OBJModel: A color has already been defined for material 'metal' in 'electricalcraft:models/item/pliers.mtl'. The color defined by key 'Ks' will not be applied!
[09:25:42] [Client thread/INFO] [FML]: OBJLoader.MaterialLibrary: key 'Ns' (model: 'electricalcraft:models/item/screwdriver.mtl') is not currently supported, skipping
[09:25:42] [Client thread/INFO] [FML]: OBJModel: A color has already been defined for material 'handle1' in 'electricalcraft:models/item/screwdriver.mtl'. The color defined by key 'Ks' will not be applied!
[09:25:42] [Client thread/INFO] [FML]: OBJLoader.MaterialLibrary: key 'Ke' (model: 'electricalcraft:models/item/screwdriver.mtl') is not currently supported, skipping
[09:25:42] [Client thread/INFO] [FML]: OBJLoader.MaterialLibrary: key 'Ni' (model: 'electricalcraft:models/item/screwdriver.mtl') is not currently supported, skipping
[09:25:42] [Client thread/INFO] [FML]: OBJLoader.MaterialLibrary: key 'illum' (model: 'electricalcraft:models/item/screwdriver.mtl') is not currently supported, skipping
[09:25:42] [Client thread/INFO] [FML]: OBJModel: A color has already been defined for material 'handle2' in 'electricalcraft:models/item/screwdriver.mtl'. The color defined by key 'Ks' will not be applied!
[09:25:42] [Client thread/INFO] [FML]: OBJModel: A color has already been defined for material 'magnet' in 'electricalcraft:models/item/screwdriver.mtl'. The color defined by key 'Ks' will not be applied!
[09:25:42] [Client thread/INFO] [FML]: OBJModel: A color has already been defined for material 'stick' in 'electricalcraft:models/item/screwdriver.mtl'. The color defined by key 'Ks' will not be applied!
[09:25:42] [Client thread/INFO] [FML]: OBJLoader.MaterialLibrary: key 'Ns' (model: 'electricalcraft:models/item/side_chisel.mtl') is not currently supported, skipping
[09:25:42] [Client thread/INFO] [FML]: OBJModel: A color has already been defined for material 'handle' in 'electricalcraft:models/item/side_chisel.mtl'. The color defined by key 'Ks' will not be applied!
[09:25:42] [Client thread/INFO] [FML]: OBJLoader.MaterialLibrary: key 'Ke' (model: 'electricalcraft:models/item/side_chisel.mtl') is not currently supported, skipping
[09:25:42] [Client thread/INFO] [FML]: OBJLoader.MaterialLibrary: key 'Ni' (model: 'electricalcraft:models/item/side_chisel.mtl') is not currently supported, skipping
[09:25:42] [Client thread/INFO] [FML]: OBJLoader.MaterialLibrary: key 'illum' (model: 'electricalcraft:models/item/side_chisel.mtl') is not currently supported, skipping
[09:25:42] [Client thread/INFO] [FML]: OBJModel: A color has already been defined for material 'metal' in 'electricalcraft:models/item/side_chisel.mtl'. The color defined by key 'Ks' will not be applied!
[09:25:42] [Client thread/INFO] [FML]: OBJLoader.MaterialLibrary: key 'Ns' (model: 'electricalcraft:models/item/testing_pencil.mtl') is not currently supported, skipping
[09:25:42] [Client thread/INFO] [FML]: OBJModel: A color has already been defined for material 'clear_plastic' in 'electricalcraft:models/item/testing_pencil.mtl'. The color defined by key 'Ks' will not be applied!
[09:25:42] [Client thread/INFO] [FML]: OBJLoader.MaterialLibrary: key 'Ke' (model: 'electricalcraft:models/item/testing_pencil.mtl') is not currently supported, skipping
[09:25:42] [Client thread/INFO] [FML]: OBJLoader.MaterialLibrary: key 'Ni' (model: 'electricalcraft:models/item/testing_pencil.mtl') is not currently supported, skipping
[09:25:42] [Client thread/INFO] [FML]: OBJLoader.MaterialLibrary: key 'illum' (model: 'electricalcraft:models/item/testing_pencil.mtl') is not currently supported, skipping
[09:25:42] [Client thread/INFO] [FML]: OBJModel: A color has already been defined for material 'metal' in 'electricalcraft:models/item/testing_pencil.mtl'. The color defined by key 'Ks' will not be applied!
[09:25:42] [Client thread/INFO] [FML]: OBJModel: A color has already been defined for material 'red_plastic' in 'electricalcraft:models/item/testing_pencil.mtl'. The color defined by key 'Ks' will not be applied!
[09:25:42] [Client thread/INFO] [FML]: OBJLoader.MaterialLibrary: key 'Ns' (model: 'electricalcraft:models/item/wire.mtl') is not currently supported, skipping
[09:25:42] [Client thread/INFO] [FML]: OBJModel: A color has already been defined for material 'ground' in 'electricalcraft:models/item/wire.mtl'. The color defined by key 'Ks' will not be applied!
[09:25:42] [Client thread/INFO] [FML]: OBJLoader.MaterialLibrary: key 'Ke' (model: 'electricalcraft:models/item/wire.mtl') is not currently supported, skipping
[09:25:42] [Client thread/INFO] [FML]: OBJLoader.MaterialLibrary: key 'Ni' (model: 'electricalcraft:models/item/wire.mtl') is not currently supported, skipping
[09:25:42] [Client thread/INFO] [FML]: OBJLoader.MaterialLibrary: key 'illum' (model: 'electricalcraft:models/item/wire.mtl') is not currently supported, skipping
[09:25:42] [Client thread/INFO] [FML]: OBJModel: A color has already been defined for material 'ground_2' in 'electricalcraft:models/item/wire.mtl'. The color defined by key 'Ks' will not be applied!
[09:25:42] [Client thread/INFO] [FML]: OBJModel: A color has already been defined for material 'internal_cables' in 'electricalcraft:models/item/wire.mtl'. The color defined by key 'Ks' will not be applied!
[09:25:42] [Client thread/INFO] [FML]: OBJModel: A color has already been defined for material 'line' in 'electricalcraft:models/item/wire.mtl'. The color defined by key 'Ks' will not be applied!
[09:25:42] [Client thread/INFO] [FML]: OBJModel: A color has already been defined for material 'neutral' in 'electricalcraft:models/item/wire.mtl'. The color defined by key 'Ks' will not be applied!
[09:25:42] [Client thread/INFO] [FML]: OBJModel: A color has already been defined for material 'outer_material' in 'electricalcraft:models/item/wire.mtl'. The color defined by key 'Ks' will not be applied!
[09:25:43] [Client thread/INFO] [immersiveengineering]: Stitching Revolver Textures!
[09:25:43] [Client thread/INFO] [FML]: Max texture size: 16384
[09:25:43] [Client thread/INFO] [hbm]: Loading texture hbm:textures/items/wire_dense.png
[09:25:43] [Client thread/WARN] [hbm]: No animation metadata found for hbm:items/wire_dense-copper
[09:25:43] [Client thread/INFO] [hbm]: Loading texture hbm:textures/items/part_mechanism.png
[09:25:43] [Client thread/WARN] [hbm]: No animation metadata found for hbm:items/part_mechanism-saturnite
[09:25:43] [Client thread/INFO] [hbm]: Loading texture hbm:textures/items/scraps.png
[09:25:43] [Client thread/WARN] [hbm]: No animation metadata found for hbm:items/scraps-coalcoke
[09:25:43] [Client thread/INFO] [hbm]: Loading texture hbm:textures/items/scraps.png
[09:25:43] [Client thread/WARN] [hbm]: No animation metadata found for hbm:items/scraps-americiumrg
[09:25:43] [Client thread/INFO] [hbm]: Loading texture hbm:textures/items/bedrock_ore_fragment.png
[09:25:43] [Client thread/WARN] [hbm]: No animation metadata found for hbm:items/bedrock_ore_fragment-uranium238
[09:25:43] [Client thread/INFO] [hbm]: Loading texture hbm:textures/items/wire_fine.png
[09:25:43] [Client thread/WARN] [hbm]: No animation metadata found for hbm:items/wire_fine-zirconium
[09:25:43] [Client thread/INFO] [hbm]: Loading texture hbm:textures/items/scraps.png
[09:25:43] [Client thread/WARN] [hbm]: No animation metadata found for hbm:items/scraps-diamond
[09:25:43] [Client thread/INFO] [hbm]: Loading texture hbm:textures/items/scraps.png
[09:25:43] [Client thread/WARN] [hbm]: No animation metadata found for hbm:items/scraps-meteoriciron
[09:25:43] [Client thread/INFO] [hbm]: Loading texture hbm:textures/items/bedrock_ore_crumbs_crystal.png
[09:25:43] [Client thread/WARN] [hbm]: No animation metadata found for hbm:items/bedrock_ore_crumbs_crystal-83
[09:25:43] [Client thread/INFO] [hbm]: Loading texture hbm:textures/items/wire_dense.png
[09:25:43] [Client thread/WARN] [hbm]: No animation metadata found for hbm:items/wire_dense-mingrade
[09:25:43] [Client thread/INFO] [hbm]: Loading texture hbm:textures/items/scraps.png
[09:25:43] [Client thread/WARN] [hbm]: No animation metadata found for hbm:items/scraps-actinium227
[09:25:43] [Client thread/INFO] [hbm]: Loading texture hbm:textures/items/part_grip.png
[09:25:43] [Client thread/WARN] [hbm]: No animation metadata found for hbm:items/part_grip-bakelite
[09:25:43] [Client thread/INFO] [hbm]: Loading texture hbm:textures/items/bedrock_ore_fragment.png
[09:25:43] [Client thread/WARN] [hbm]: No animation metadata found for hbm:items/bedrock_ore_fragment-lanthanum
[09:25:43] [Client thread/INFO] [hbm]: Loading texture hbm:textures/items/plate_cast.png
[09:25:43] [Client thread/WARN] [hbm]: No animation metadata found for hbm:items/plate_cast-arsenicbronze
[09:25:43] [Client thread/INFO] [hbm]: Loading texture hbm:textures/items/scraps.png
[09:25:43] [Client thread/WARN] [hbm]: No animation metadata found for hbm:items/scraps-neptunium237
[09:25:43] [Client thread/INFO] [hbm]: Loading texture hbm:textures/items/scraps.png
[09:25:43] [Client thread/WARN] [hbm]: No animation metadata found for hbm:items/scraps-cryolite
[09:25:43] [Client thread/INFO] [hbm]: Loading texture hbm:textures/items/scraps.png
[09:25:43] [Client thread/WARN] [hbm]: No animation metadata found for hbm:items/scraps-magnetizedtungsten
[09:25:43] [Client thread/INFO] [hbm]: Loading texture hbm:textures/items/part_barrel_light.png
[09:25:43] [Client thread/WARN] [hbm]: No animation metadata found for hbm:items/part_barrel_light-arsenicbronze
[09:25:43] [Client thread/INFO] [hbm]: Loading texture hbm:textures/items/bedrock_ore_fragment.png
[09:25:43] [Client thread/WARN] [hbm]: No animation metadata found for hbm:items/bedrock_ore_fragment-lignite
[09:25:43] [Client thread/INFO] [hbm]: Loading texture hbm:textures/items/bedrock_ore_fragment.png
[09:25:43] [Client thread/WARN] [hbm]: No animation metadata found for hbm:items/bedrock_ore_fragment-redphosphorus
[09:25:43] [Client thread/INFO] [hbm]: Loading texture hbm:textures/items/bedrock_ore_fragment.png
[09:25:43] [Client thread/WARN] [hbm]: No animation metadata found for hbm:items/bedrock_ore_fragment-chlorocalcite
[09:25:43] [Client thread/INFO] [hbm]: Loading texture hbm:textures/items/bedrock_ore_fragment.png
[09:25:43] [Client thread/WARN] [hbm]: No animation metadata found for hbm:items/bedrock_ore_fragment-lead
[09:25:43] [Client thread/INFO] [hbm]: Loading texture hbm:textures/items/part_stock.png
[09:25:43] [Client thread/WARN] [hbm]: No animation metadata found for hbm:items/part_stock-polymer
[09:25:43] [Client thread/INFO] [hbm]: Loading texture hbm:textures/items/scraps.png
[09:25:43] [Client thread/WARN] [hbm]: No animation metadata found for hbm:items/scraps-aluminum
[09:25:43] [Client thread/INFO] [hbm]: Loading texture hbm:textures/items/plate_cast.png
[09:25:43] [Client thread/WARN] [hbm]: No animation metadata found for hbm:items/plate_cast-cdalloy
[09:25:43] [Client thread/INFO] [hbm]: Loading texture hbm:textures/items/scraps.png
[09:25:43] [Client thread/WARN] [hbm]: No animation metadata found for hbm:items/scraps-cobalt
[09:25:43] [Client thread/INFO] [hbm]: Loading texture hbm:textures/items/part_barrel_light.png
[09:25:43] [Client thread/WARN] [hbm]: No animation metadata found for hbm:items/part_barrel_light-steel
[09:25:43] [Client thread/INFO] [hbm]: Loading texture hbm:textures/items/bedrock_ore_sulfuric_rare.png
[09:25:43] [Client thread/WARN] [hbm]: No animation metadata found for hbm:items/bedrock_ore_sulfuric_rare-92
[09:25:43] [Client thread/INFO] [hbm]: Loading texture hbm:textures/items/bedrock_ore_sulfuric_rare.png
[09:25:43] [Client thread/WARN] [hbm]: No animation metadata found for hbm:items/bedrock_ore_sulfuric_rare-98
[09:25:43] [Client thread/INFO] [hbm]: Loading texture hbm:textures/items/scraps.png
[09:25:43] [Client thread/WARN] [hbm]: No animation metadata found for hbm:items/scraps-lead
[09:25:43] [Client thread/INFO] [hbm]: Loading texture hbm:textures/items/scraps.png
[09:25:43] [Client thread/WARN] [hbm]: No animation metadata found for hbm:items/scraps-carbon
[09:25:43] [Client thread/INFO] [hbm]: Loading texture hbm:textures/items/wire_dense.png
[09:25:43] [Client thread/WARN] [hbm]: No animation metadata found for hbm:items/wire_dense-neodymium
[09:25:43] [Client thread/INFO] [hbm]: Loading texture hbm:textures/items/bedrock_ore_sulfuric_rare.png
[09:25:43] [Client thread/WARN] [hbm]: No animation metadata found for hbm:items/bedrock_ore_sulfuric_rare-86
[09:25:43] [Client thread/INFO] [hbm]: Loading texture hbm:textures/items/bedrock_ore_solvent_light.png
[09:25:43] [Client thread/WARN] [hbm]: No animation metadata found for hbm:items/bedrock_ore_solvent_light-108
[09:25:43] [Client thread/INFO] [hbm]: Loading texture hbm:textures/items/bedrock_ore_solvent_light.png
[09:25:43] [Client thread/WARN] [hbm]: No animation metadata found for hbm:items/bedrock_ore_solvent_light-126
[09:25:43] [Client thread/INFO] [hbm]: Loading texture hbm:textures/items/bedrock_ore_solvent_light.png
[09:25:43] [Client thread/WARN] [hbm]: No animation metadata found for hbm:items/bedrock_ore_solvent_light-120
[09:25:43] [Client thread/INFO] [hbm]: Loading texture hbm:textures/items/bedrock_ore_solvent_light.png
[09:25:43] [Client thread/WARN] [hbm]: No animation metadata found for hbm:items/bedrock_ore_solvent_light-114
[09:25:43] [Client thread/INFO] [hbm]: Loading texture hbm:textures/items/bedrock_ore_sulfuric_rare.png
[09:25:43] [Client thread/WARN] [hbm]: No animation metadata found for hbm:items/bedrock_ore_sulfuric_rare-104
[09:25:43] [Client thread/INFO] [hbm]: Loading texture hbm:textures/items/scraps.png
[09:25:43] [Client thread/WARN] [hbm]: No animation metadata found for hbm:items/scraps-cmbsteel
[09:25:43] [Client thread/INFO] [hbm]: Loading texture hbm:textures/items/part_barrel_light.png
[09:25:43] [Client thread/WARN] [hbm]: No animation metadata found for hbm:items/part_barrel_light-tcalloy
[09:25:43] [Client thread/INFO] [hbm]: Loading texture hbm:textures/items/scraps.png
[09:25:43] [Client thread/WARN] [hbm]: No animation metadata found for hbm:items/scraps-sodium
[09:25:43] [Client thread/INFO] [hbm]: Loading texture hbm:textures/items/bedrock_ore_rad_heavy.png
[09:25:43] [Client thread/WARN] [hbm]: No animation metadata found for hbm:items/bedrock_ore_rad_heavy-139
[09:25:43] [Client thread/INFO] [hbm]: Loading texture hbm:textures/items/bedrock_ore_rad_heavy.png
[09:25:43] [Client thread/WARN] [hbm]: No animation metadata found for hbm:items/bedrock_ore_rad_heavy-133
[09:25:43] [Client thread/INFO] [hbm]: Loading texture hbm:textures/items/part_stock.png
[09:25:43] [Client thread/WARN] [hbm]: No animation metadata found for hbm:items/part_stock-pvc
[09:25:43] [Client thread/INFO] [hbm]: Loading texture hbm:textures/items/part_grip.png
[09:25:43] [Client thread/WARN] [hbm]: No animation metadata found for hbm:items/part_grip-pvc
[09:25:43] [Client thread/INFO] [hbm]: Loading texture hbm:textures/items/bedrock_ore_rad_heavy.png
[09:25:43] [Client thread/WARN] [hbm]: No animation metadata found for hbm:items/bedrock_ore_rad_heavy-145
[09:25:43] [Client thread/INFO] [hbm]: Loading texture hbm:textures/items/bedrock_ore_rad_heavy.png
[09:25:43] [Client thread/WARN] [hbm]: No animation metadata found for hbm:items/bedrock_ore_rad_heavy-151
[09:25:43] [Client thread/INFO] [hbm]: Loading texture hbm:textures/items/bolt.png
[09:25:43] [Client thread/WARN] [hbm]: No animation metadata found for hbm:items/bolt-durasteel
[09:25:43] [Client thread/INFO] [hbm]: Loading texture hbm:textures/items/pipe.png
[09:25:43] [Client thread/WARN] [hbm]: No animation metadata found for hbm:items/pipe-steel
[09:25:43] [Client thread/INFO] [hbm]: Loading texture hbm:textures/items/part_stock.png
[09:25:43] [Client thread/WARN] [hbm]: No animation metadata found for hbm:items/part_stock-bakelite
[09:25:43] [Client thread/INFO] [hbm]: Loading texture hbm:textures/items/part_barrel_heavy.png
[09:25:43] [Client thread/WARN] [hbm]: No animation metadata found for hbm:items/part_barrel_heavy-cdalloy
[09:25:43] [Client thread/INFO] [hbm]: Loading texture hbm:textures/items/bedrock_ore_base_heavy.png
[09:25:43] [Client thread/WARN] [hbm]: No animation metadata found for hbm:items/bedrock_ore_base_heavy-13
[09:25:43] [Client thread/INFO] [hbm]: Loading texture hbm:textures/items/scraps.png
[09:25:43] [Client thread/WARN] [hbm]: No animation metadata found for hbm:items/scraps-fluorite
[09:25:43] [Client thread/INFO] [hbm]: Loading texture hbm:textures/items/plate_cast.png
[09:25:43] [Client thread/WARN] [hbm]: No animation metadata found for hbm:items/plate_cast-ferrouranium
[09:25:43] [Client thread/INFO] [hbm]: Loading texture hbm:textures/blocks/sellafield_slaked.png
[09:25:43] [Client thread/WARN] [hbm]: No animation metadata found for hbm:blocks/sellafield_slaked-4
[09:25:43] [Client thread/INFO] [hbm]: Loading texture hbm:textures/blocks/sellafield_slaked.png
[09:25:43] [Client thread/WARN] [hbm]: No animation metadata found for hbm:blocks/sellafield_slaked-3
[09:25:43] [Client thread/INFO] [hbm]: Loading texture hbm:textures/blocks/sellafield_slaked.png
[09:25:43] [Client thread/WARN] [hbm]: No animation metadata found for hbm:blocks/sellafield_slaked-2
[09:25:43] [Client thread/INFO] [hbm]: Loading texture hbm:textures/blocks/sellafield_slaked.png
[09:25:43] [Client thread/WARN] [hbm]: No animation metadata found for hbm:blocks/sellafield_slaked-1
[09:25:43] [Client thread/INFO] [hbm]: Loading texture hbm:textures/blocks/sellafield_slaked.png
[09:25:43] [Client thread/WARN] [hbm]: No animation metadata found for hbm:blocks/sellafield_slaked-5
[09:25:43] [Client thread/INFO] [hbm]: Loading texture hbm:textures/blocks/sellafield_slaked.png
[09:25:43] [Client thread/WARN] [hbm]: No animation metadata found for hbm:blocks/sellafield_slaked-0
[09:25:43] [Client thread/INFO] [hbm]: Loading texture hbm:textures/items/scraps.png
[09:25:43] [Client thread/WARN] [hbm]: No animation metadata found for hbm:items/scraps-radium226
[09:25:43] [Client thread/INFO] [hbm]: Loading texture hbm:textures/items/part_barrel_heavy.png
[09:25:43] [Client thread/WARN] [hbm]: No animation metadata found for hbm:items/part_barrel_heavy-weaponsteel
[09:25:43] [Client thread/INFO] [hbm]: Loading texture hbm:textures/items/scraps.png
[09:25:43] [Client thread/WARN] [hbm]: No animation metadata found for hbm:items/scraps-workersalloy
[09:25:43] [Client thread/INFO] [hbm]: Loading texture hbm:textures/items/part_barrel_light.png
[09:25:43] [Client thread/WARN] [hbm]: No animation metadata found for hbm:items/part_barrel_light-gunmetal
[09:25:43] [Client thread/INFO] [hbm]: Loading texture hbm:textures/items/scraps.png
[09:25:43] [Client thread/WARN] [hbm]: No animation metadata found for hbm:items/scraps-tungsten
[09:25:43] [Client thread/INFO] [hbm]: Loading texture hbm:textures/items/bedrock_ore_fragment.png
[09:25:43] [Client thread/WARN] [hbm]: No animation metadata found for hbm:items/bedrock_ore_fragment-asbestos
[09:25:43] [Client thread/INFO] [hbm]: Loading texture hbm:textures/items/scraps.png
[09:25:43] [Client thread/WARN] [hbm]: No animation metadata found for hbm:items/scraps-cobalt60
[09:25:43] [Client thread/INFO] [hbm]: Loading texture hbm:textures/items/part_stock.png
[09:25:43] [Client thread/WARN] [hbm]: No animation metadata found for hbm:items/part_stock-weaponsteel
[09:25:43] [Client thread/INFO] [hbm]: Loading texture hbm:textures/items/scraps.png
[09:25:43] [Client thread/WARN] [hbm]: No animation metadata found for hbm:items/scraps-schrabidium
[09:25:43] [Client thread/INFO] [hbm]: Loading texture hbm:textures/items/bedrock_ore_primary_crystal.png
[09:25:43] [Client thread/WARN] [hbm]: No animation metadata found for hbm:items/bedrock_ore_primary_crystal-77
[09:25:43] [Client thread/INFO] [hbm]: Loading texture hbm:textures/items/bedrock_ore_solvent_nonmetal.png
[09:25:43] [Client thread/WARN] [hbm]: No animation metadata found for hbm:items/bedrock_ore_solvent_nonmetal-124
[09:25:43] [Client thread/INFO] [hbm]: Loading texture hbm:textures/blocks/sellafield_slaked_3.png
[09:25:43] [Client thread/WARN] [hbm]: No animation metadata found for hbm:blocks/sellafield_slaked_3-0
[09:25:43] [Client thread/INFO] [hbm]: Loading texture hbm:textures/blocks/sellafield_slaked_3.png
[09:25:43] [Client thread/WARN] [hbm]: No animation metadata found for hbm:blocks/sellafield_slaked_3-3
[09:25:43] [Client thread/INFO] [hbm]: Loading texture hbm:textures/blocks/sellafield_slaked_3.png
[09:25:43] [Client thread/WARN] [hbm]: No animation metadata found for hbm:blocks/sellafield_slaked_3-4
[09:25:43] [Client thread/INFO] [hbm]: Loading texture hbm:textures/blocks/sellafield_slaked_3.png
[09:25:43] [Client thread/WARN] [hbm]: No animation metadata found for hbm:blocks/sellafield_slaked_3-1
[09:25:43] [Client thread/INFO] [hbm]: Loading texture hbm:textures/blocks/sellafield_slaked_3.png
[09:25:43] [Client thread/WARN] [hbm]: No animation metadata found for hbm:blocks/sellafield_slaked_3-2
[09:25:43] [Client thread/INFO] [hbm]: Loading texture hbm:textures/items/bedrock_ore_solvent_nonmetal.png
[09:25:43] [Client thread/WARN] [hbm]: No animation metadata found for hbm:items/bedrock_ore_solvent_nonmetal-130
[09:25:43] [Client thread/INFO] [hbm]: Loading texture hbm:textures/blocks/sellafield_slaked_3.png
[09:25:43] [Client thread/WARN] [hbm]: No animation metadata found for hbm:blocks/sellafield_slaked_3-5
[09:25:43] [Client thread/INFO] [hbm]: Loading texture hbm:textures/items/bedrock_ore_primary_crystal.png
[09:25:43] [Client thread/WARN] [hbm]: No animation metadata found for hbm:items/bedrock_ore_primary_crystal-65
[09:25:43] [Client thread/INFO] [hbm]: Loading texture hbm:textures/items/bedrock_ore_primary_crystal.png
[09:25:43] [Client thread/WARN] [hbm]: No animation metadata found for hbm:items/bedrock_ore_primary_crystal-59
[09:25:43] [Client thread/INFO] [hbm]: Loading texture hbm:textures/items/bedrock_ore_primary_crystal.png
[09:25:43] [Client thread/WARN] [hbm]: No animation metadata found for hbm:items/bedrock_ore_primary_crystal-71
[09:25:43] [Client thread/INFO] [hbm]: Loading texture hbm:textures/items/part_barrel_light.png
[09:25:43] [Client thread/WARN] [hbm]: No animation metadata found for hbm:items/part_barrel_light-bismuthbronze
[09:25:43] [Client thread/INFO] [hbm]: Loading texture hbm:textures/items/bedrock_ore_fragment.png
[09:25:43] [Client thread/WARN] [hbm]: No animation metadata found for hbm:items/bedrock_ore_fragment-uranium
[09:25:43] [Client thread/INFO] [hbm]: Loading texture hbm:textures/items/part_receiver_heavy.png
[09:25:43] [Client thread/WARN] [hbm]: No animation metadata found for hbm:items/part_receiver_heavy-bismuthbronze
[09:25:43] [Client thread/INFO] [hbm]: Loading texture hbm:textures/items/bedrock_ore_primary_crystal.png
[09:25:43] [Client thread/WARN] [hbm]: No animation metadata found for hbm:items/bedrock_ore_primary_crystal-41
[09:25:43] [Client thread/INFO] [hbm]: Loading texture hbm:textures/items/bedrock_ore_primary_crystal.png
[09:25:43] [Client thread/WARN] [hbm]: No animation metadata found for hbm:items/bedrock_ore_primary_crystal-35
[09:25:43] [Client thread/INFO] [hbm]: Loading texture hbm:textures/items/bedrock_ore_primary_crystal.png
[09:25:43] [Client thread/WARN] [hbm]: No animation metadata found for hbm:items/bedrock_ore_primary_crystal-53
[09:25:43] [Client thread/INFO] [hbm]: Loading texture hbm:textures/items/bedrock_ore_primary_crystal.png
[09:25:43] [Client thread/WARN] [hbm]: No animation metadata found for hbm:items/bedrock_ore_primary_crystal-47
[09:25:43] [Client thread/INFO] [hbm]: Loading texture hbm:textures/items/part_grip.png
[09:25:43] [Client thread/WARN] [hbm]: No animation metadata found for hbm:items/part_grip-steel
[09:25:43] [Client thread/INFO] [hbm]: Loading texture hbm:textures/items/part_grip.png
[09:25:43] [Client thread/WARN] [hbm]: No animation metadata found for hbm:items/part_grip-weaponsteel
[09:25:43] [Client thread/INFO] [hbm]: Loading texture hbm:textures/items/bedrock_ore_primary_crystal.png
[09:25:43] [Client thread/WARN] [hbm]: No animation metadata found for hbm:items/bedrock_ore_primary_crystal-29
[09:25:43] [Client thread/INFO] [hbm]: Loading texture hbm:textures/items/bedrock_ore_solvent_nonmetal.png
[09:25:43] [Client thread/WARN] [hbm]: No animation metadata found for hbm:items/bedrock_ore_solvent_nonmetal-112
[09:25:43] [Client thread/INFO] [hbm]: Loading texture hbm:textures/items/bedrock_ore_primary_crystal.png
[09:25:43] [Client thread/WARN] [hbm]: No animation metadata found for hbm:items/bedrock_ore_primary_crystal-23
[09:25:43] [Client thread/INFO] [hbm]: Loading texture hbm:textures/items/bedrock_ore_solvent_nonmetal.png
[09:25:43] [Client thread/WARN] [hbm]: No animation metadata found for hbm:items/bedrock_ore_solvent_nonmetal-118
[09:25:43] [Client thread/INFO] [hbm]: Loading texture hbm:textures/items/scraps.png
[09:25:43] [Client thread/WARN] [hbm]: No animation metadata found for hbm:items/scraps-slag
[09:25:43] [Client thread/INFO] [hbm]: Loading texture hbm:textures/items/bedrock_ore_fragment.png
[09:25:43] [Client thread/WARN] [hbm]: No animation metadata found for hbm:items/bedrock_ore_fragment-cinnabar
[09:25:43] [Client thread/INFO] [hbm]: Loading texture hbm:textures/items/bedrock_ore_fragment.png
[09:25:43] [Client thread/WARN] [hbm]: No animation metadata found for hbm:items/bedrock_ore_fragment-silicon
[09:25:43] [Client thread/INFO] [hbm]: Loading texture hbm:textures/items/scraps.png
[09:25:43] [Client thread/WARN] [hbm]: No animation metadata found for hbm:items/scraps-bauxite
[09:25:43] [Client thread/INFO] [hbm]: Loading texture hbm:textures/items/scraps.png
[09:25:43] [Client thread/WARN] [hbm]: No animation metadata found for hbm:items/scraps-cadmium
[09:25:43] [Client thread/INFO] [hbm]: Loading texture hbm:textures/items/part_stock.png
[09:25:43] [Client thread/WARN] [hbm]: No animation metadata found for hbm:items/part_stock-saturnite
[09:25:43] [Client thread/INFO] [hbm]: Loading texture hbm:textures/items/scraps.png
[09:25:43] [Client thread/WARN] [hbm]: No animation metadata found for hbm:items/scraps-rareearth
[09:25:43] [Client thread/INFO] [hbm]: Loading texture hbm:textures/items/scraps.png
[09:25:43] [Client thread/WARN] [hbm]: No animation metadata found for hbm:items/scraps-polymer
[09:25:43] [Client thread/INFO] [hbm]: Loading texture hbm:textures/items/bedrock_ore_sulfuric_nonmetal.png
[09:25:43] [Client thread/WARN] [hbm]: No animation metadata found for hbm:items/bedrock_ore_sulfuric_nonmetal-100
[09:25:43] [Client thread/INFO] [hbm]: Loading texture hbm:textures/items/bedrock_ore_sulfuric_nonmetal.png
[09:25:43] [Client thread/WARN] [hbm]: No animation metadata found for hbm:items/bedrock_ore_sulfuric_nonmetal-106
[09:25:43] [Client thread/INFO] [hbm]: Loading texture hbm:textures/items/scraps.png
[09:25:43] [Client thread/WARN] [hbm]: No animation metadata found for hbm:items/scraps-gunmetal
[09:25:43] [Client thread/INFO] [hbm]: Loading texture hbm:textures/items/bedrock_ore_solvent_heavy.png
[09:25:43] [Client thread/WARN] [hbm]: No animation metadata found for hbm:items/bedrock_ore_solvent_heavy-109
[09:25:43] [Client thread/INFO] [hbm]: Loading texture hbm:textures/items/bedrock_ore_rad_rare.png
[09:25:43] [Client thread/WARN] [hbm]: No animation metadata found for hbm:items/bedrock_ore_rad_rare-152
[09:25:43] [Client thread/INFO] [hbm]: Loading texture hbm:textures/items/plate_cast.png
[09:25:43] [Client thread/WARN] [hbm]: No animation metadata found for hbm:items/plate_cast-schrabidium
[09:25:43] [Client thread/INFO] [hbm]: Loading texture hbm:textures/items/bedrock_ore_rad_rare.png
[09:25:43] [Client thread/WARN] [hbm]: No animation metadata found for hbm:items/bedrock_ore_rad_rare-140
[09:25:43] [Client thread/INFO] [hbm]: Loading texture hbm:textures/items/bedrock_ore_rad_rare.png
[09:25:43] [Client thread/WARN] [hbm]: No animation metadata found for hbm:items/bedrock_ore_rad_rare-146
[09:25:43] [Client thread/INFO] [hbm]: Loading texture hbm:textures/items/bedrock_ore_rad_rare.png
[09:25:43] [Client thread/WARN] [hbm]: No animation metadata found for hbm:items/bedrock_ore_rad_rare-134
[09:25:43] [Client thread/INFO] [hbm]: Loading texture hbm:textures/items/bedrock_ore_crumbs_rare.png
[09:25:43] [Client thread/WARN] [hbm]: No animation metadata found for hbm:items/bedrock_ore_crumbs_rare-80
[09:25:43] [Client thread/INFO] [hbm]: Loading texture hbm:textures/items/scraps.png
[09:25:43] [Client thread/WARN] [hbm]: No animation metadata found for hbm:items/scraps-cdalloy
[09:25:43] [Client thread/INFO] [hbm]: Loading texture hbm:textures/items/scraps.png
[09:25:43] [Client thread/WARN] [hbm]: No animation metadata found for hbm:items/scraps-titanium
[09:25:43] [Client thread/INFO] [hbm]: Loading texture hbm:textures/items/bedrock_ore_solvent_heavy.png
[09:25:43] [Client thread/WARN] [hbm]: No animation metadata found for hbm:items/bedrock_ore_solvent_heavy-121
[09:25:43] [Client thread/INFO] [hbm]: Loading texture hbm:textures/items/bedrock_ore_solvent_heavy.png
[09:25:43] [Client thread/WARN] [hbm]: No animation metadata found for hbm:items/bedrock_ore_solvent_heavy-127
[09:25:43] [Client thread/INFO] [hbm]: Loading texture hbm:textures/items/bedrock_ore_solvent_heavy.png
[09:25:43] [Client thread/WARN] [hbm]: No animation metadata found for hbm:items/bedrock_ore_solvent_heavy-115
[09:25:43] [Client thread/INFO] [hbm]: Loading texture hbm:textures/items/scraps.png
[09:25:43] [Client thread/WARN] [hbm]: No animation metadata found for hbm:items/scraps-zirconium
[09:25:43] [Client thread/INFO] [hbm]: Loading texture hbm:textures/items/part_grip.png
[09:25:43] [Client thread/WARN] [hbm]: No animation metadata found for hbm:items/part_grip-saturnite
[09:25:43] [Client thread/INFO] [hbm]: Loading texture hbm:textures/items/part_grip.png
[09:25:43] [Client thread/WARN] [hbm]: No animation metadata found for hbm:items/part_grip-durasteel
[09:25:43] [Client thread/INFO] [hbm]: Loading texture hbm:textures/items/scraps.png
[09:25:43] [Client thread/WARN] [hbm]: No animation metadata found for hbm:items/scraps-ghiorsium336
[09:25:43] [Client thread/INFO] [hbm]: Loading texture hbm:textures/items/bedrock_ore_base_actinide.png
[09:25:43] [Client thread/WARN] [hbm]: No animation metadata found for hbm:items/bedrock_ore_base_actinide-15
[09:25:43] [Client thread/INFO] [hbm]: Loading texture hbm:textures/items/plate_welded.png
[09:25:43] [Client thread/WARN] [hbm]: No animation metadata found for hbm:items/plate_welded-iron
[09:25:43] [Client thread/INFO] [hbm]: Loading texture hbm:textures/items/bedrock_ore_sulfuric_crystal.png
[09:25:43] [Client thread/WARN] [hbm]: No animation metadata found for hbm:items/bedrock_ore_sulfuric_crystal-101
[09:25:43] [Client thread/INFO] [hbm]: Loading texture hbm:textures/items/bedrock_ore_base_light.png
[09:25:43] [Client thread/WARN] [hbm]: No animation metadata found for hbm:items/bedrock_ore_base_light-0
[09:25:43] [Client thread/INFO] [hbm]: Loading texture hbm:textures/items/bedrock_ore_sulfuric_crystal.png
[09:25:43] [Client thread/WARN] [hbm]: No animation metadata found for hbm:items/bedrock_ore_sulfuric_crystal-107
[09:25:43] [Client thread/INFO] [hbm]: Loading texture hbm:textures/items/bedrock_ore_base_light.png
[09:25:43] [Client thread/WARN] [hbm]: No animation metadata found for hbm:items/bedrock_ore_base_light-6
[09:25:43] [Client thread/INFO] [hbm]: Loading texture hbm:textures/items/scraps.png
[09:25:43] [Client thread/WARN] [hbm]: No animation metadata found for hbm:items/scraps-solinium
[09:25:43] [Client thread/INFO] [hbm]: Loading texture hbm:textures/items/pipe.png
[09:25:43] [Client thread/WARN] [hbm]: No animation metadata found for hbm:items/pipe-durasteel
[09:25:43] [Client thread/INFO] [hbm]: Loading texture hbm:textures/items/bolt.png
[09:25:43] [Client thread/WARN] [hbm]: No animation metadata found for hbm:items/bolt-tungsten
[09:25:43] [Client thread/INFO] [hbm]: Loading texture hbm:textures/items/bedrock_ore_base_actinide.png
[09:25:43] [Client thread/WARN] [hbm]: No animation metadata found for hbm:items/bedrock_ore_base_actinide-9
[09:25:43] [Client thread/INFO] [hbm]: Loading texture hbm:textures/items/scraps.png
[09:25:43] [Client thread/WARN] [hbm]: No animation metadata found for hbm:items/scraps-osmiridium
[09:25:43] [Client thread/INFO] [hbm]: Loading texture hbm:textures/items/scraps.png
[09:25:43] [Client thread/WARN] [hbm]: No animation metadata found for hbm:items/scraps-uranium235
[09:25:43] [Client thread/INFO] [hbm]: Loading texture hbm:textures/items/scraps.png
[09:25:43] [Client thread/WARN] [hbm]: No animation metadata found for hbm:items/scraps-uranium233
[09:25:43] [Client thread/INFO] [hbm]: Loading texture hbm:textures/items/scraps.png
[09:25:43] [Client thread/WARN] [hbm]: No animation metadata found for hbm:items/scraps-uranium238
[09:25:43] [Client thread/INFO] [hbm]: Loading texture hbm:textures/items/bedrock_ore_base_actinide.png
[09:25:43] [Client thread/WARN] [hbm]: No animation metadata found for hbm:items/bedrock_ore_base_actinide-3
[09:25:43] [Client thread/INFO] [hbm]: Loading texture hbm:textures/items/bedrock_ore_fragment.png
[09:25:43] [Client thread/WARN] [hbm]: No animation metadata found for hbm:items/bedrock_ore_fragment-sodalite
[09:25:43] [Client thread/INFO] [hbm]: Loading texture hbm:textures/items/scraps.png
[09:25:43] [Client thread/WARN] [hbm]: No animation metadata found for hbm:items/scraps-weaponsteel
[09:25:43] [Client thread/INFO] [hbm]: Loading texture hbm:textures/items/bedrock_ore_base_crystal.png
[09:25:43] [Client thread/WARN] [hbm]: No animation metadata found for hbm:items/bedrock_ore_base_crystal-17
[09:25:43] [Client thread/INFO] [hbm]: Loading texture hbm:textures/items/bedrock_ore_base_crystal.png
[09:25:43] [Client thread/WARN] [hbm]: No animation metadata found for hbm:items/bedrock_ore_base_crystal-11
[09:25:43] [Client thread/INFO] [hbm]: Loading texture hbm:textures/items/wire_dense.png
[09:25:43] [Client thread/WARN] [hbm]: No animation metadata found for hbm:items/wire_dense-titanium
[09:25:43] [Client thread/INFO] [hbm]: Loading texture hbm:textures/items/part_grip.png
[09:25:43] [Client thread/WARN] [hbm]: No animation metadata found for hbm:items/part_grip-gunmetal
[09:25:43] [Client thread/INFO] [hbm]: Loading texture hbm:textures/items/scraps.png
[09:25:43] [Client thread/WARN] [hbm]: No animation metadata found for hbm:items/scraps-durasteel
[09:25:43] [Client thread/INFO] [hbm]: Loading texture hbm:textures/items/watz_pellet_depleted.png
[09:25:43] [Client thread/WARN] [hbm]: No animation metadata found for hbm:items/watz_pellet_depleted-10
[09:25:43] [Client thread/INFO] [hbm]: Loading texture hbm:textures/items/bedrock_ore_primary_heavy.png
[09:25:43] [Client thread/WARN] [hbm]: No animation metadata found for hbm:items/bedrock_ore_primary_heavy-61
[09:25:43] [Client thread/INFO] [hbm]: Loading texture hbm:textures/items/bedrock_ore_primary_heavy.png
[09:25:43] [Client thread/WARN] [hbm]: No animation metadata found for hbm:items/bedrock_ore_primary_heavy-67
[09:25:43] [Client thread/INFO] [hbm]: Loading texture hbm:textures/items/bedrock_ore_primary_heavy.png
[09:25:43] [Client thread/WARN] [hbm]: No animation metadata found for hbm:items/bedrock_ore_primary_heavy-55
[09:25:43] [Client thread/INFO] [hbm]: Loading texture hbm:textures/items/bedrock_ore_primary_heavy.png
[09:25:43] [Client thread/WARN] [hbm]: No animation metadata found for hbm:items/bedrock_ore_primary_heavy-73
[09:25:43] [Client thread/INFO] [hbm]: Loading texture hbm:textures/items/watz_pellet_depleted.png
[09:25:43] [Client thread/WARN] [hbm]: No animation metadata found for hbm:items/watz_pellet_depleted-11
[09:25:43] [Client thread/INFO] [hbm]: Loading texture hbm:textures/items/part_receiver_light.png
[09:25:43] [Client thread/WARN] [hbm]: No animation metadata found for hbm:items/part_receiver_light-steel
[09:25:43] [Client thread/INFO] [hbm]: Loading texture hbm:textures/items/bedrock_ore_crumbs_actinide.png
[09:25:43] [Client thread/WARN] [hbm]: No animation metadata found for hbm:items/bedrock_ore_crumbs_actinide-81
[09:25:43] [Client thread/INFO] [hbm]: Loading texture hbm:textures/items/scraps.png
[09:25:43] [Client thread/WARN] [hbm]: No animation metadata found for hbm:items/scraps-saturnite
[09:25:43] [Client thread/INFO] [hbm]: Loading texture hbm:textures/items/bedrock_ore_rad_light.png
[09:25:43] [Client thread/WARN] [hbm]: No animation metadata found for hbm:items/bedrock_ore_rad_light-150
[09:25:43] [Client thread/INFO] [hbm]: Loading texture hbm:textures/items/bedrock_ore_fragment.png
[09:25:43] [Client thread/WARN] [hbm]: No animation metadata found for hbm:items/bedrock_ore_fragment-niobium
[09:25:43] [Client thread/INFO] [hbm]: Loading texture hbm:textures/items/bedrock_ore_rad_light.png
[09:25:43] [Client thread/WARN] [hbm]: No animation metadata found for hbm:items/bedrock_ore_rad_light-144
[09:25:43] [Client thread/INFO] [hbm]: Loading texture hbm:textures/items/plate_cast.png
[09:25:43] [Client thread/WARN] [hbm]: No animation metadata found for hbm:items/plate_cast-zirconium
[09:25:43] [Client thread/INFO] [hbm]: Loading texture hbm:textures/blocks/sellafield_slaked_1.png
[09:25:43] [Client thread/WARN] [hbm]: No animation metadata found for hbm:blocks/sellafield_slaked_1-1
[09:25:43] [Client thread/INFO] [hbm]: Loading texture hbm:textures/blocks/sellafield_slaked_1.png
[09:25:43] [Client thread/WARN] [hbm]: No animation metadata found for hbm:blocks/sellafield_slaked_1-2
[09:25:43] [Client thread/INFO] [hbm]: Loading texture hbm:textures/blocks/sellafield_slaked_1.png
[09:25:43] [Client thread/WARN] [hbm]: No animation metadata found for hbm:blocks/sellafield_slaked_1-0
[09:25:43] [Client thread/INFO] [hbm]: Loading texture hbm:textures/blocks/sellafield_slaked_1.png
[09:25:43] [Client thread/WARN] [hbm]: No animation metadata found for hbm:blocks/sellafield_slaked_1-5
[09:25:43] [Client thread/INFO] [hbm]: Loading texture hbm:textures/blocks/sellafield_slaked_1.png
[09:25:43] [Client thread/WARN] [hbm]: No animation metadata found for hbm:blocks/sellafield_slaked_1-3
[09:25:43] [Client thread/INFO] [hbm]: Loading texture hbm:textures/blocks/sellafield_slaked_1.png
[09:25:43] [Client thread/WARN] [hbm]: No animation metadata found for hbm:blocks/sellafield_slaked_1-4
[09:25:43] [Client thread/INFO] [hbm]: Loading texture hbm:textures/items/wire_dense.png
[09:25:43] [Client thread/WARN] [hbm]: No animation metadata found for hbm:items/wire_dense-schrabidate
[09:25:43] [Client thread/INFO] [hbm]: Loading texture hbm:textures/items/scraps.png
[09:25:43] [Client thread/WARN] [hbm]: No animation metadata found for hbm:items/scraps-lead209
[09:25:43] [Client thread/INFO] [hbm]: Loading texture hbm:textures/items/scraps.png
[09:25:43] [Client thread/WARN] [hbm]: No animation metadata found for hbm:items/scraps-starmetal
[09:25:43] [Client thread/INFO] [hbm]: Loading texture hbm:textures/items/bedrock_ore_base_nonmetal.png
[09:25:43] [Client thread/WARN] [hbm]: No animation metadata found for hbm:items/bedrock_ore_base_nonmetal-16
[09:25:43] [Client thread/INFO] [hbm]: Loading texture hbm:textures/items/bedrock_ore_base_nonmetal.png
[09:25:43] [Client thread/WARN] [hbm]: No animation metadata found for hbm:items/bedrock_ore_base_nonmetal-10
[09:25:43] [Client thread/INFO] [hbm]: Loading texture hbm:textures/items/shell.png
[09:25:43] [Client thread/WARN] [hbm]: No animation metadata found for hbm:items/shell-aluminum
[09:25:43] [Client thread/INFO] [hbm]: Loading texture hbm:textures/items/part_receiver_light.png
[09:25:43] [Client thread/WARN] [hbm]: No animation metadata found for hbm:items/part_receiver_light-gunmetal
[09:25:43] [Client thread/INFO] [hbm]: Loading texture hbm:textures/items/scraps.png
[09:25:43] [Client thread/WARN] [hbm]: No animation metadata found for hbm:items/scraps-neodymium
[09:25:43] [Client thread/INFO] [hbm]: Loading texture hbm:textures/items/scraps.png
[09:25:43] [Client thread/WARN] [hbm]: No animation metadata found for hbm:items/scraps-schraranium
[09:25:43] [Client thread/INFO] [hbm]: Loading texture hbm:textures/items/scraps.png
[09:25:43] [Client thread/WARN] [hbm]: No animation metadata found for hbm:items/scraps-lithium
[09:25:43] [Client thread/INFO] [hbm]: Loading texture hbm:textures/items/bedrock_ore_fragment.png
[09:25:43] [Client thread/WARN] [hbm]: No animation metadata found for hbm:items/bedrock_ore_fragment-thorium232
[09:25:43] [Client thread/INFO] [hbm]: Loading texture hbm:textures/items/bedrock_ore_fragment.png
[09:25:43] [Client thread/WARN] [hbm]: No animation metadata found for hbm:items/bedrock_ore_fragment-coal
[09:25:43] [Client thread/INFO] [hbm]: Loading texture hbm:textures/items/wire_fine.png
[09:25:43] [Client thread/WARN] [hbm]: No animation metadata found for hbm:items/wire_fine-lead
[09:25:43] [Client thread/INFO] [hbm]: Loading texture hbm:textures/items/scraps.png
[09:25:43] [Client thread/WARN] [hbm]: No animation metadata found for hbm:items/scraps-stone
[09:25:43] [Client thread/INFO] [hbm]: Loading texture hbm:textures/items/plate_cast.png
[09:25:43] [Client thread/WARN] [hbm]: No animation metadata found for hbm:items/plate_cast-iron
[09:25:43] [Client thread/INFO] [hbm]: Loading texture hbm:textures/items/scraps.png
[09:25:43] [Client thread/WARN] [hbm]: No animation metadata found for hbm:items/scraps-redstone
[09:25:43] [Client thread/INFO] [hbm]: Loading texture hbm:textures/items/scraps.png
[09:25:43] [Client thread/WARN] [hbm]: No animation metadata found for hbm:items/scraps-molysite
[09:25:43] [Client thread/INFO] [hbm]: Loading texture hbm:textures/items/scraps.png
[09:25:43] [Client thread/WARN] [hbm]: No animation metadata found for hbm:items/scraps-coal
[09:25:43] [Client thread/INFO] [hbm]: Loading texture hbm:textures/items/part_grip.png
[09:25:43] [Client thread/WARN] [hbm]: No animation metadata found for hbm:items/part_grip-polycarbonate
[09:25:43] [Client thread/INFO] [hbm]: Loading texture hbm:textures/items/bedrock_ore_fragment.png
[09:25:43] [Client thread/WARN] [hbm]: No animation metadata found for hbm:items/bedrock_ore_fragment-molysite
[09:25:43] [Client thread/INFO] [hbm]: Loading texture hbm:textures/items/scraps.png
[09:25:43] [Client thread/WARN] [hbm]: No animation metadata found for hbm:items/scraps-niobium
[09:25:43] [Client thread/INFO] [hbm]: Loading texture hbm:textures/items/part_receiver_light.png
[09:25:43] [Client thread/WARN] [hbm]: No animation metadata found for hbm:items/part_receiver_light-bismuthbronze
[09:25:43] [Client thread/INFO] [hbm]: Loading texture hbm:textures/blocks/sellafield_slaked_2.png
[09:25:43] [Client thread/WARN] [hbm]: No animation metadata found for hbm:blocks/sellafield_slaked_2-0
[09:25:43] [Client thread/INFO] [hbm]: Loading texture hbm:textures/blocks/sellafield_slaked_2.png
[09:25:43] [Client thread/WARN] [hbm]: No animation metadata found for hbm:blocks/sellafield_slaked_2-1
[09:25:43] [Client thread/INFO] [hbm]: Loading texture hbm:textures/blocks/sellafield_slaked_2.png
[09:25:43] [Client thread/WARN] [hbm]: No animation metadata found for hbm:blocks/sellafield_slaked_2-4
[09:25:43] [Client thread/INFO] [hbm]: Loading texture hbm:textures/blocks/sellafield_slaked_2.png
[09:25:43] [Client thread/WARN] [hbm]: No animation metadata found for hbm:blocks/sellafield_slaked_2-5
[09:25:43] [Client thread/INFO] [hbm]: Loading texture hbm:textures/blocks/sellafield_slaked_2.png
[09:25:43] [Client thread/WARN] [hbm]: No animation metadata found for hbm:blocks/sellafield_slaked_2-2
[09:25:43] [Client thread/INFO] [hbm]: Loading texture hbm:textures/blocks/sellafield_slaked_2.png
[09:25:43] [Client thread/WARN] [hbm]: No animation metadata found for hbm:blocks/sellafield_slaked_2-3
[09:25:43] [Client thread/INFO] [hbm]: Loading texture hbm:textures/items/scraps.png
[09:25:43] [Client thread/WARN] [hbm]: No animation metadata found for hbm:items/scraps-dineutronium
[09:25:43] [Client thread/INFO] [hbm]: Loading texture hbm:textures/items/scraps.png
[09:25:43] [Client thread/WARN] [hbm]: No animation metadata found for hbm:items/scraps-cinnabar
[09:25:43] [Client thread/INFO] [hbm]: Loading texture hbm:textures/items/part_receiver_light.png
[09:25:43] [Client thread/WARN] [hbm]: No animation metadata found for hbm:items/part_receiver_light-arsenicbronze
[09:25:43] [Client thread/INFO] [hbm]: Loading texture hbm:textures/items/ingot_raw.png
[09:25:43] [Client thread/WARN] [hbm]: No animation metadata found for hbm:items/ingot_raw-neodymium
[09:25:43] [Client thread/INFO] [hbm]: Loading texture hbm:textures/items/part_grip.png
[09:25:43] [Client thread/WARN] [hbm]: No animation metadata found for hbm:items/part_grip-rubber
[09:25:43] [Client thread/INFO] [hbm]: Loading texture hbm:textures/items/bedrock_ore_fragment.png
[09:25:43] [Client thread/WARN] [hbm]: No animation metadata found for hbm:items/bedrock_ore_fragment-borax
[09:25:43] [Client thread/INFO] [hbm]: Loading texture hbm:textures/items/bedrock_ore_sulfuric_actinide.png
[09:25:43] [Client thread/WARN] [hbm]: No animation metadata found for hbm:items/bedrock_ore_sulfuric_actinide-99
[09:25:43] [Client thread/INFO] [hbm]: Loading texture hbm:textures/items/plate_cast.png
[09:25:43] [Client thread/WARN] [hbm]: No animation metadata found for hbm:items/plate_cast-copper
[09:25:43] [Client thread/INFO] [hbm]: Loading texture hbm:textures/items/bedrock_ore_sulfuric_actinide.png
[09:25:43] [Client thread/WARN] [hbm]: No animation metadata found for hbm:items/bedrock_ore_sulfuric_actinide-93
[09:25:43] [Client thread/INFO] [hbm]: Loading texture hbm:textures/items/bedrock_ore_sulfuric_heavy.png
[09:25:43] [Client thread/WARN] [hbm]: No animation metadata found for hbm:items/bedrock_ore_sulfuric_heavy-103
[09:25:43] [Client thread/INFO] [hbm]: Loading texture hbm:textures/items/bedrock_ore_sulfuric_actinide.png
[09:25:43] [Client thread/WARN] [hbm]: No animation metadata found for hbm:items/bedrock_ore_sulfuric_actinide-87
[09:25:43] [Client thread/INFO] [hbm]: Loading texture hbm:textures/items/scraps.png
[09:25:43] [Client thread/WARN] [hbm]: No animation metadata found for hbm:items/scraps-bone
[09:25:43] [Client thread/INFO] [hbm]: Loading texture hbm:textures/items/plate_welded.png
[09:25:43] [Client thread/WARN] [hbm]: No animation metadata found for hbm:items/plate_welded-tcalloy
[09:25:43] [Client thread/INFO] [hbm]: Loading texture hbm:textures/items/scraps.png
[09:25:43] [Client thread/WARN] [hbm]: No animation metadata found for hbm:items/scraps-saltpeter
[09:25:43] [Client thread/INFO] [hbm]: Loading texture hbm:textures/items/part_stock.png
[09:25:43] [Client thread/WARN] [hbm]: No animation metadata found for hbm:items/part_stock-workersalloy
[09:25:43] [Client thread/INFO] [hbm]: Loading texture hbm:textures/items/bedrock_ore_sulfuric_nonmetal.png
[09:25:43] [Client thread/WARN] [hbm]: No animation metadata found for hbm:items/bedrock_ore_sulfuric_nonmetal-94
[09:25:43] [Client thread/INFO] [hbm]: Loading texture hbm:textures/items/plate_cast.png
[09:25:43] [Client thread/WARN] [hbm]: No animation metadata found for hbm:items/plate_cast-gold
[09:25:43] [Client thread/INFO] [hbm]: Loading texture hbm:textures/items/bedrock_ore_fragment.png
[09:25:43] [Client thread/WARN] [hbm]: No animation metadata found for hbm:items/bedrock_ore_fragment-sulfur
[09:25:43] [Client thread/INFO] [hbm]: Loading texture hbm:textures/items/bedrock_ore_fragment.png
[09:25:43] [Client thread/WARN] [hbm]: No animation metadata found for hbm:items/bedrock_ore_fragment-tantalum
[09:25:43] [Client thread/INFO] [hbm]: Loading texture hbm:textures/items/scraps.png
[09:25:43] [Client thread/WARN] [hbm]: No animation metadata found for hbm:items/scraps-lignitecoke
[09:25:43] [Client thread/INFO] [hbm]: Loading texture hbm:textures/items/scraps.png
[09:25:43] [Client thread/WARN] [hbm]: No animation metadata found for hbm:items/scraps-chlorocalcite
[09:25:43] [Client thread/INFO] [hbm]: Loading texture hbm:textures/items/scraps.png
[09:25:43] [Client thread/WARN] [hbm]: No animation metadata found for hbm:items/scraps-borax
[09:25:43] [Client thread/INFO] [hbm]: Loading texture hbm:textures/items/scraps.png
[09:25:43] [Client thread/WARN] [hbm]: No animation metadata found for hbm:items/scraps-calcium
[09:25:43] [Client thread/INFO] [hbm]: Loading texture hbm:textures/items/wire_dense.png
[09:25:43] [Client thread/WARN] [hbm]: No animation metadata found for hbm:items/wire_dense-bscco
[09:25:44] [Client thread/INFO] [hbm]: Loading texture hbm:textures/items/plate_cast.png
[09:25:44] [Client thread/WARN] [hbm]: No animation metadata found for hbm:items/plate_cast-starmetal
[09:25:44] [Client thread/INFO] [hbm]: Loading texture hbm:textures/items/part_receiver_light.png
[09:25:44] [Client thread/WARN] [hbm]: No animation metadata found for hbm:items/part_receiver_light-tcalloy
[09:25:44] [Client thread/INFO] [hbm]: Loading texture hbm:textures/items/bedrock_ore_base_crystal.png
[09:25:44] [Client thread/WARN] [hbm]: No animation metadata found for hbm:items/bedrock_ore_base_crystal-5
[09:25:44] [Client thread/INFO] [hbm]: Loading texture hbm:textures/items/part_barrel_heavy.png
[09:25:44] [Client thread/WARN] [hbm]: No animation metadata found for hbm:items/part_barrel_heavy-workersalloy
[09:25:44] [Client thread/INFO] [hbm]: Loading texture hbm:textures/items/watz_pellet_depleted.png
[09:25:44] [Client thread/WARN] [hbm]: No animation metadata found for hbm:items/watz_pellet_depleted-1
[09:25:44] [Client thread/INFO] [hbm]: Loading texture hbm:textures/items/watz_pellet_depleted.png
[09:25:44] [Client thread/WARN] [hbm]: No animation metadata found for hbm:items/watz_pellet_depleted-0
[09:25:44] [Client thread/INFO] [hbm]: Loading texture hbm:textures/items/watz_pellet_depleted.png
[09:25:44] [Client thread/WARN] [hbm]: No animation metadata found for hbm:items/watz_pellet_depleted-3
[09:25:44] [Client thread/INFO] [hbm]: Loading texture hbm:textures/items/watz_pellet_depleted.png
[09:25:44] [Client thread/WARN] [hbm]: No animation metadata found for hbm:items/watz_pellet_depleted-2
[09:25:44] [Client thread/INFO] [hbm]: Loading texture hbm:textures/items/watz_pellet_depleted.png
[09:25:44] [Client thread/WARN] [hbm]: No animation metadata found for hbm:items/watz_pellet_depleted-5
[09:25:44] [Client thread/INFO] [hbm]: Loading texture hbm:textures/items/watz_pellet_depleted.png
[09:25:44] [Client thread/WARN] [hbm]: No animation metadata found for hbm:items/watz_pellet_depleted-4
[09:25:44] [Client thread/INFO] [hbm]: Loading texture hbm:textures/items/watz_pellet_depleted.png
[09:25:44] [Client thread/WARN] [hbm]: No animation metadata found for hbm:items/watz_pellet_depleted-7
[09:25:44] [Client thread/INFO] [hbm]: Loading texture hbm:textures/items/watz_pellet_depleted.png
[09:25:44] [Client thread/WARN] [hbm]: No animation metadata found for hbm:items/watz_pellet_depleted-6
[09:25:44] [Client thread/INFO] [hbm]: Loading texture hbm:textures/items/watz_pellet_depleted.png
[09:25:44] [Client thread/WARN] [hbm]: No animation metadata found for hbm:items/watz_pellet_depleted-9
[09:25:44] [Client thread/INFO] [hbm]: Loading texture hbm:textures/items/watz_pellet_depleted.png
[09:25:44] [Client thread/WARN] [hbm]: No animation metadata found for hbm:items/watz_pellet_depleted-8
[09:25:44] [Client thread/INFO] [hbm]: Loading texture hbm:textures/items/bedrock_ore_fragment.png
[09:25:44] [Client thread/WARN] [hbm]: No animation metadata found for hbm:items/bedrock_ore_fragment-copper
[09:25:44] [Client thread/INFO] [hbm]: Loading texture hbm:textures/items/scraps.png
[09:25:44] [Client thread/WARN] [hbm]: No animation metadata found for hbm:items/scraps-boron
[09:25:44] [Client thread/INFO] [hbm]: Loading texture hbm:textures/items/bolt.png
[09:25:44] [Client thread/WARN] [hbm]: No animation metadata found for hbm:items/bolt-lead
[09:25:44] [Client thread/INFO] [hbm]: Loading texture hbm:textures/items/ingot_raw.png
[09:25:44] [Client thread/WARN] [hbm]: No animation metadata found for hbm:items/ingot_raw-borax
[09:25:44] [Client thread/INFO] [hbm]: Loading texture hbm:textures/items/bedrock_ore_fragment.png
[09:25:44] [Client thread/WARN] [hbm]: No animation metadata found for hbm:items/bedrock_ore_fragment-emerald
[09:25:44] [Client thread/INFO] [hbm]: Loading texture hbm:textures/items/plate_cast.png
[09:25:44] [Client thread/WARN] [hbm]: No animation metadata found for hbm:items/plate_cast-durasteel
[09:25:44] [Client thread/INFO] [hbm]: Loading texture hbm:textures/items/part_receiver_heavy.png
[09:25:44] [Client thread/WARN] [hbm]: No animation metadata found for hbm:items/part_receiver_heavy-weaponsteel
[09:25:44] [Client thread/INFO] [hbm]: Loading texture hbm:textures/items/part_barrel_light.png
[09:25:44] [Client thread/WARN] [hbm]: No animation metadata found for hbm:items/part_barrel_light-workersalloy
[09:25:44] [Client thread/INFO] [hbm]: Loading texture hbm:textures/items/plate_cast.png
[09:25:44] [Client thread/WARN] [hbm]: No animation metadata found for hbm:items/plate_cast-aluminum
[09:25:44] [Client thread/INFO] [hbm]: Loading texture hbm:textures/items/bedrock_ore_fragment.png
[09:25:44] [Client thread/WARN] [hbm]: No animation metadata found for hbm:items/bedrock_ore_fragment-titanium
[09:25:44] [Client thread/INFO] [hbm]: Loading texture hbm:textures/items/scraps.png
[09:25:44] [Client thread/WARN] [hbm]: No animation metadata found for hbm:items/scraps-arsenic
[09:25:44] [Client thread/INFO] [hbm]: Loading texture hbm:textures/items/bedrock_ore_crumbs_heavy.png
[09:25:44] [Client thread/WARN] [hbm]: No animation metadata found for hbm:items/bedrock_ore_crumbs_heavy-79
[09:25:44] [Client thread/INFO] [hbm]: Loading texture hbm:textures/items/scraps.png
[09:25:44] [Client thread/WARN] [hbm]: No animation metadata found for hbm:items/scraps-iron
[09:25:44] [Client thread/INFO] [hbm]: Loading texture hbm:textures/items/plate_cast.png
[09:25:44] [Client thread/WARN] [hbm]: No animation metadata found for hbm:items/plate_cast-saturnite
[09:25:44] [Client thread/INFO] [hbm]: Loading texture hbm:textures/items/bedrock_ore_fragment.png
[09:25:44] [Client thread/WARN] [hbm]: No animation metadata found for hbm:items/bedrock_ore_fragment-iron
[09:25:44] [Client thread/INFO] [hbm]: Loading texture hbm:textures/items/shell.png
[09:25:44] [Client thread/WARN] [hbm]: No animation metadata found for hbm:items/shell-steel
[09:25:44] [Client thread/INFO] [hbm]: Loading texture hbm:textures/items/scraps.png
[09:25:44] [Client thread/WARN] [hbm]: No animation metadata found for hbm:items/scraps-plutonium240
[09:25:44] [Client thread/INFO] [hbm]: Loading texture hbm:textures/items/scraps.png
[09:25:44] [Client thread/WARN] [hbm]: No animation metadata found for hbm:items/scraps-plutonium241
[09:25:44] [Client thread/INFO] [hbm]: Loading texture hbm:textures/items/scraps.png
[09:25:44] [Client thread/WARN] [hbm]: No animation metadata found for hbm:items/scraps-plutonium239
[09:25:44] [Client thread/INFO] [hbm]: Loading texture hbm:textures/items/scraps.png
[09:25:44] [Client thread/WARN] [hbm]: No animation metadata found for hbm:items/scraps-plutonium238
[09:25:44] [Client thread/INFO] [hbm]: Loading texture hbm:textures/items/part_barrel_light.png
[09:25:44] [Client thread/WARN] [hbm]: No animation metadata found for hbm:items/part_barrel_light-durasteel
[09:25:44] [Client thread/INFO] [hbm]: Loading texture hbm:textures/items/bedrock_ore_base_light.png
[09:25:44] [Client thread/WARN] [hbm]: No animation metadata found for hbm:items/bedrock_ore_base_light-12
[09:25:44] [Client thread/INFO] [hbm]: Loading texture hbm:textures/items/part_receiver_heavy.png
[09:25:44] [Client thread/WARN] [hbm]: No animation metadata found for hbm:items/part_receiver_heavy-cdalloy
[09:25:44] [Client thread/INFO] [hbm]: Loading texture hbm:textures/items/scraps.png
[09:25:44] [Client thread/WARN] [hbm]: No animation metadata found for hbm:items/scraps-plutonium
[09:25:44] [Client thread/INFO] [hbm]: Loading texture hbm:textures/items/scraps.png
[09:25:44] [Client thread/WARN] [hbm]: No animation metadata found for hbm:items/scraps-redphosphorus
[09:25:44] [Client thread/INFO] [hbm]: Loading texture hbm:textures/items/bedrock_ore_fragment.png
[09:25:44] [Client thread/WARN] [hbm]: No animation metadata found for hbm:items/bedrock_ore_fragment-cobalt
[09:25:44] [Client thread/INFO] [hbm]: Loading texture hbm:textures/items/bedrock_ore_fragment.png
[09:25:44] [Client thread/WARN] [hbm]: No animation metadata found for hbm:items/bedrock_ore_fragment-diamond
[09:25:44] [Client thread/INFO] [hbm]: Loading texture hbm:textures/items/bedrock_ore_base_heavy.png
[09:25:44] [Client thread/WARN] [hbm]: No animation metadata found for hbm:items/bedrock_ore_base_heavy-1
[09:25:44] [Client thread/INFO] [hbm]: Loading texture hbm:textures/items/bedrock_ore_base_heavy.png
[09:25:44] [Client thread/WARN] [hbm]: No animation metadata found for hbm:items/bedrock_ore_base_heavy-7
[09:25:44] [Client thread/INFO] [hbm]: Loading texture hbm:textures/items/part_mechanism.png
[09:25:44] [Client thread/WARN] [hbm]: No animation metadata found for hbm:items/part_mechanism-weaponsteel
[09:25:44] [Client thread/INFO] [hbm]: Loading texture hbm:textures/items/scraps.png
[09:25:44] [Client thread/WARN] [hbm]: No animation metadata found for hbm:items/scraps-sulfur
[09:25:44] [Client thread/INFO] [hbm]: Loading texture hbm:textures/items/scraps.png
[09:25:44] [Client thread/WARN] [hbm]: No animation metadata found for hbm:items/scraps-flux
[09:25:44] [Client thread/INFO] [hbm]: Loading texture hbm:textures/items/scraps.png
[09:25:44] [Client thread/WARN] [hbm]: No animation metadata found for hbm:items/scraps-watzmud
[09:25:44] [Client thread/INFO] [hbm]: Loading texture hbm:textures/items/pipe.png
[09:25:44] [Client thread/WARN] [hbm]: No animation metadata found for hbm:items/pipe-iron
[09:25:44] [Client thread/INFO] [hbm]: Loading texture hbm:textures/items/bedrock_ore_fragment.png
[09:25:44] [Client thread/WARN] [hbm]: No animation metadata found for hbm:items/bedrock_ore_fragment-radium226
[09:25:44] [Client thread/INFO] [hbm]: Loading texture hbm:textures/items/shell.png
[09:25:44] [Client thread/WARN] [hbm]: No animation metadata found for hbm:items/shell-saturnite
[09:25:44] [Client thread/INFO] [hbm]: Loading texture hbm:textures/items/bedrock_ore_rad_nonmetal.png
[09:25:44] [Client thread/WARN] [hbm]: No animation metadata found for hbm:items/bedrock_ore_rad_nonmetal-154
[09:25:44] [Client thread/INFO] [hbm]: Loading texture hbm:textures/items/part_barrel_light.png
[09:25:44] [Client thread/WARN] [hbm]: No animation metadata found for hbm:items/part_barrel_light-saturnite
[09:25:44] [Client thread/INFO] [hbm]: Loading texture hbm:textures/items/bedrock_ore_rad_nonmetal.png
[09:25:44] [Client thread/WARN] [hbm]: No animation metadata found for hbm:items/bedrock_ore_rad_nonmetal-136
[09:25:44] [Client thread/INFO] [hbm]: Loading texture hbm:textures/items/bedrock_ore_rad_nonmetal.png
[09:25:44] [Client thread/WARN] [hbm]: No animation metadata found for hbm:items/bedrock_ore_rad_nonmetal-148
[09:25:44] [Client thread/INFO] [hbm]: Loading texture hbm:textures/items/wire_fine.png
[09:25:44] [Client thread/WARN] [hbm]: No animation metadata found for hbm:items/wire_fine-steel
[09:25:44] [Client thread/INFO] [hbm]: Loading texture hbm:textures/items/bedrock_ore_rad_nonmetal.png
[09:25:44] [Client thread/WARN] [hbm]: No animation metadata found for hbm:items/bedrock_ore_rad_nonmetal-142
[09:25:44] [Client thread/INFO] [hbm]: Loading texture hbm:textures/items/bedrock_ore_fragment.png
[09:25:44] [Client thread/WARN] [hbm]: No animation metadata found for hbm:items/bedrock_ore_fragment-strontium
[09:25:44] [Client thread/INFO] [hbm]: Loading texture hbm:textures/items/scraps.png
[09:25:44] [Client thread/WARN] [hbm]: No animation metadata found for hbm:items/scraps-obsidian
[09:25:44] [Client thread/INFO] [hbm]: Loading texture hbm:textures/items/scraps.png
[09:25:44] [Client thread/WARN] [hbm]: No animation metadata found for hbm:items/scraps-arsenicbronze
[09:25:44] [Client thread/INFO] [hbm]: Loading texture hbm:textures/items/scraps.png
[09:25:44] [Client thread/WARN] [hbm]: No animation metadata found for hbm:items/scraps-silicon
[09:25:44] [Client thread/INFO] [hbm]: Loading texture hbm:textures/items/plate_cast.png
[09:25:44] [Client thread/WARN] [hbm]: No animation metadata found for hbm:items/plate_cast-workersalloy
[09:25:44] [Client thread/INFO] [hbm]: Loading texture hbm:textures/items/scraps.png
[09:25:44] [Client thread/WARN] [hbm]: No animation metadata found for hbm:items/scraps-technetium99
[09:25:44] [Client thread/INFO] [hbm]: Loading texture hbm:textures/items/bedrock_ore_fragment.png
[09:25:44] [Client thread/WARN] [hbm]: No animation metadata found for hbm:items/bedrock_ore_fragment-bauxite
[09:25:44] [Client thread/INFO] [hbm]: Loading texture hbm:textures/items/part_grip.png
[09:25:44] [Client thread/WARN] [hbm]: No animation metadata found for hbm:items/part_grip-polymer
[09:25:44] [Client thread/INFO] [hbm]: Loading texture hbm:textures/items/scraps.png
[09:25:44] [Client thread/WARN] [hbm]: No animation metadata found for hbm:items/scraps-asbestos
[09:25:44] [Client thread/INFO] [hbm]: Loading texture hbm:textures/items/scraps.png
[09:25:44] [Client thread/WARN] [hbm]: No animation metadata found for hbm:items/scraps-gold
[09:25:44] [Client thread/INFO] [hbm]: Loading texture hbm:textures/items/plate_cast.png
[09:25:44] [Client thread/WARN] [hbm]: No animation metadata found for hbm:items/plate_cast-titanium
[09:25:44] [Client thread/INFO] [hbm]: Loading texture hbm:textures/items/scraps.png
[09:25:44] [Client thread/WARN] [hbm]: No animation metadata found for hbm:items/scraps-plutoniumrg
[09:25:44] [Client thread/INFO] [hbm]: Loading texture hbm:textures/items/bedrock_ore_fragment.png
[09:25:44] [Client thread/WARN] [hbm]: No animation metadata found for hbm:items/bedrock_ore_fragment-cryolite
[09:25:44] [Client thread/INFO] [hbm]: Loading texture hbm:textures/items/plate_welded.png
[09:25:44] [Client thread/WARN] [hbm]: No animation metadata found for hbm:items/plate_welded-tungsten
[09:25:44] [Client thread/INFO] [hbm]: Loading texture hbm:textures/items/scraps.png
[09:25:44] [Client thread/WARN] [hbm]: No animation metadata found for hbm:items/scraps-bscco
[09:25:44] [Client thread/INFO] [hbm]: Loading texture hbm:textures/items/plate_welded.png
[09:25:44] [Client thread/WARN] [hbm]: No animation metadata found for hbm:items/plate_welded-cdalloy
[09:25:44] [Client thread/INFO] [hbm]: Loading texture hbm:textures/items/bedrock_ore_sulfuric_nonmetal.png
[09:25:44] [Client thread/WARN] [hbm]: No animation metadata found for hbm:items/bedrock_ore_sulfuric_nonmetal-88
[09:25:44] [Client thread/INFO] [hbm]: Loading texture hbm:textures/items/scraps.png
[09:25:44] [Client thread/WARN] [hbm]: No animation metadata found for hbm:items/scraps-tcalloy
[09:25:44] [Client thread/INFO] [hbm]: Loading texture hbm:textures/items/wire_dense.png
[09:25:44] [Client thread/WARN] [hbm]: No animation metadata found for hbm:items/wire_dense-starmetal
[09:25:44] [Client thread/INFO] [hbm]: Loading texture hbm:textures/items/part_receiver_light.png
[09:25:44] [Client thread/WARN] [hbm]: No animation metadata found for hbm:items/part_receiver_light-weaponsteel
[09:25:44] [Client thread/INFO] [hbm]: Loading texture hbm:textures/items/plate_cast.png
[09:25:44] [Client thread/WARN] [hbm]: No animation metadata found for hbm:items/plate_cast-tungsten
[09:25:44] [Client thread/INFO] [hbm]: Loading texture hbm:textures/items/bedrock_ore_fragment.png
[09:25:44] [Client thread/WARN] [hbm]: No animation metadata found for hbm:items/bedrock_ore_fragment-boron
[09:25:44] [Client thread/INFO] [hbm]: Loading texture hbm:textures/items/part_grip.png
[09:25:44] [Client thread/WARN] [hbm]: No animation metadata found for hbm:items/part_grip-wood
[09:25:44] [Client thread/INFO] [hbm]: Loading texture hbm:textures/items/bedrock_ore_fragment.png
[09:25:44] [Client thread/WARN] [hbm]: No animation metadata found for hbm:items/bedrock_ore_fragment-aluminum
[09:25:44] [Client thread/INFO] [hbm]: Loading texture hbm:textures/items/part_barrel_heavy.png
[09:25:44] [Client thread/WARN] [hbm]: No animation metadata found for hbm:items/part_barrel_heavy-gunmetal
[09:25:44] [Client thread/INFO] [hbm]: Loading texture hbm:textures/items/bedrock_ore_sulfuric_actinide.png
[09:25:44] [Client thread/WARN] [hbm]: No animation metadata found for hbm:items/bedrock_ore_sulfuric_actinide-105
[09:25:44] [Client thread/INFO] [hbm]: Loading texture hbm:textures/items/part_barrel_light.png
[09:25:44] [Client thread/WARN] [hbm]: No animation metadata found for hbm:items/part_barrel_light-cdalloy
[09:25:44] [Client thread/INFO] [hbm]: Loading texture hbm:textures/items/bedrock_ore_solvent_actinide.png
[09:25:44] [Client thread/WARN] [hbm]: No animation metadata found for hbm:items/bedrock_ore_solvent_actinide-123
[09:25:44] [Client thread/INFO] [hbm]: Loading texture hbm:textures/items/part_barrel_heavy.png
[09:25:44] [Client thread/WARN] [hbm]: No animation metadata found for hbm:items/part_barrel_heavy-steel
[09:25:44] [Client thread/INFO] [hbm]: Loading texture hbm:textures/items/bedrock_ore_solvent_actinide.png
[09:25:44] [Client thread/WARN] [hbm]: No animation metadata found for hbm:items/bedrock_ore_solvent_actinide-117
[09:25:44] [Client thread/INFO] [hbm]: Loading texture hbm:textures/items/bedrock_ore_solvent_actinide.png
[09:25:44] [Client thread/WARN] [hbm]: No animation metadata found for hbm:items/bedrock_ore_solvent_actinide-111
[09:25:44] [Client thread/INFO] [hbm]: Loading texture hbm:textures/items/scraps.png
[09:25:44] [Client thread/WARN] [hbm]: No animation metadata found for hbm:items/scraps-copper
[09:25:44] [Client thread/INFO] [hbm]: Loading texture hbm:textures/items/plate_cast.png
[09:25:44] [Client thread/WARN] [hbm]: No animation metadata found for hbm:items/plate_cast-tcalloy
[09:25:44] [Client thread/INFO] [hbm]: Loading texture hbm:textures/items/bedrock_ore_solvent_actinide.png
[09:25:44] [Client thread/WARN] [hbm]: No animation metadata found for hbm:items/bedrock_ore_solvent_actinide-129
[09:25:44] [Client thread/INFO] [hbm]: Loading texture hbm:textures/items/scraps.png
[09:25:44] [Client thread/WARN] [hbm]: No animation metadata found for hbm:items/scraps-gold198
[09:25:44] [Client thread/INFO] [hbm]: Loading texture hbm:textures/items/part_barrel_heavy.png
[09:25:44] [Client thread/WARN] [hbm]: No animation metadata found for hbm:items/part_barrel_heavy-ferrouranium
[09:25:44] [Client thread/INFO] [hbm]: Loading texture hbm:textures/items/bedrock_ore_primary_light.png
[09:25:44] [Client thread/WARN] [hbm]: No animation metadata found for hbm:items/bedrock_ore_primary_light-42
[09:25:44] [Client thread/INFO] [hbm]: Loading texture hbm:textures/items/bedrock_ore_primary_light.png
[09:25:44] [Client thread/WARN] [hbm]: No animation metadata found for hbm:items/bedrock_ore_primary_light-36
[09:25:44] [Client thread/INFO] [hbm]: Loading texture hbm:textures/items/bedrock_ore_fragment.png
[09:25:44] [Client thread/WARN] [hbm]: No animation metadata found for hbm:items/bedrock_ore_fragment-polonium210
[09:25:44] [Client thread/INFO] [hbm]: Loading texture hbm:textures/items/shell.png
[09:25:44] [Client thread/WARN] [hbm]: No animation metadata found for hbm:items/shell-titanium
[09:25:44] [Client thread/INFO] [hbm]: Loading texture hbm:textures/items/bedrock_ore_primary_light.png
[09:25:44] [Client thread/WARN] [hbm]: No animation metadata found for hbm:items/bedrock_ore_primary_light-30
[09:25:44] [Client thread/INFO] [hbm]: Loading texture hbm:textures/items/bedrock_ore_primary_light.png
[09:25:44] [Client thread/WARN] [hbm]: No animation metadata found for hbm:items/bedrock_ore_primary_light-24
[09:25:44] [Client thread/INFO] [hbm]: Loading texture hbm:textures/items/ingot_raw.png
[09:25:44] [Client thread/WARN] [hbm]: No animation metadata found for hbm:items/ingot_raw-sodium
[09:25:44] [Client thread/INFO] [hbm]: Loading texture hbm:textures/items/bedrock_ore_primary_light.png
[09:25:44] [Client thread/WARN] [hbm]: No animation metadata found for hbm:items/bedrock_ore_primary_light-60
[09:25:44] [Client thread/INFO] [hbm]: Loading texture hbm:textures/items/bedrock_ore_primary_light.png
[09:25:44] [Client thread/WARN] [hbm]: No animation metadata found for hbm:items/bedrock_ore_primary_light-54
[09:25:44] [Client thread/INFO] [hbm]: Loading texture hbm:textures/items/bedrock_ore_primary_light.png
[09:25:44] [Client thread/WARN] [hbm]: No animation metadata found for hbm:items/bedrock_ore_primary_light-48
[09:25:44] [Client thread/INFO] [hbm]: Loading texture hbm:textures/items/bedrock_ore_primary_light.png
[09:25:44] [Client thread/WARN] [hbm]: No animation metadata found for hbm:items/bedrock_ore_primary_light-72
[09:25:44] [Client thread/INFO] [hbm]: Loading texture hbm:textures/items/scraps.png
[09:25:44] [Client thread/WARN] [hbm]: No animation metadata found for hbm:items/scraps-malachite
[09:25:44] [Client thread/INFO] [hbm]: Loading texture hbm:textures/items/bedrock_ore_primary_light.png
[09:25:44] [Client thread/WARN] [hbm]: No animation metadata found for hbm:items/bedrock_ore_primary_light-66
[09:25:44] [Client thread/INFO] [hbm]: Loading texture hbm:textures/items/scraps.png
[09:25:44] [Client thread/WARN] [hbm]: No animation metadata found for hbm:items/scraps-rubber
[09:25:44] [Client thread/INFO] [hbm]: Loading texture hbm:textures/items/ingot_raw.png
[09:25:44] [Client thread/WARN] [hbm]: No animation metadata found for hbm:items/ingot_raw-strontium
[09:25:44] [Client thread/INFO] [hbm]: Loading texture hbm:textures/items/bedrock_ore_base_rare.png
[09:25:44] [Client thread/WARN] [hbm]: No animation metadata found for hbm:items/bedrock_ore_base_rare-8
[09:25:44] [Client thread/INFO] [hbm]: Loading texture hbm:textures/items/bedrock_ore_base_rare.png
[09:25:44] [Client thread/WARN] [hbm]: No animation metadata found for hbm:items/bedrock_ore_base_rare-2
[09:25:44] [Client thread/INFO] [hbm]: Loading texture hbm:textures/items/bedrock_ore_sulfuric_light.png
[09:25:44] [Client thread/WARN] [hbm]: No animation metadata found for hbm:items/bedrock_ore_sulfuric_light-90
[09:25:44] [Client thread/INFO] [hbm]: Loading texture hbm:textures/items/bedrock_ore_sulfuric_light.png
[09:25:44] [Client thread/WARN] [hbm]: No animation metadata found for hbm:items/bedrock_ore_sulfuric_light-96
[09:25:44] [Client thread/INFO] [hbm]: Loading texture hbm:textures/items/bedrock_ore_fragment.png
[09:25:44] [Client thread/WARN] [hbm]: No animation metadata found for hbm:items/bedrock_ore_fragment-gold
[09:25:44] [Client thread/INFO] [hbm]: Loading texture hbm:textures/items/part_barrel_heavy.png
[09:25:44] [Client thread/WARN] [hbm]: No animation metadata found for hbm:items/part_barrel_heavy-saturnite
[09:25:44] [Client thread/INFO] [hbm]: Loading texture hbm:textures/items/bedrock_ore_sulfuric_light.png
[09:25:44] [Client thread/WARN] [hbm]: No animation metadata found for hbm:items/bedrock_ore_sulfuric_light-84
[09:25:44] [Client thread/INFO] [hbm]: Loading texture hbm:textures/items/bedrock_ore_primary_light.png
[09:25:44] [Client thread/WARN] [hbm]: No animation metadata found for hbm:items/bedrock_ore_primary_light-18
[09:25:44] [Client thread/INFO] [hbm]: Loading texture hbm:textures/items/wire_dense.png
[09:25:44] [Client thread/WARN] [hbm]: No animation metadata found for hbm:items/wire_dense-magnetizedtungsten
[09:25:44] [Client thread/INFO] [hbm]: Loading texture hbm:textures/items/scraps.png
[09:25:44] [Client thread/WARN] [hbm]: No animation metadata found for hbm:items/scraps-schrabidate
[09:25:44] [Client thread/INFO] [hbm]: Loading texture hbm:textures/items/part_barrel_heavy.png
[09:25:44] [Client thread/WARN] [hbm]: No animation metadata found for hbm:items/part_barrel_heavy-durasteel
[09:25:44] [Client thread/INFO] [hbm]: Loading texture hbm:textures/items/scraps.png
[09:25:44] [Client thread/WARN] [hbm]: No animation metadata found for hbm:items/scraps-sodalite
[09:25:44] [Client thread/INFO] [hbm]: Loading texture hbm:textures/items/bedrock_ore_rad_light.png
[09:25:44] [Client thread/WARN] [hbm]: No animation metadata found for hbm:items/bedrock_ore_rad_light-138
[09:25:44] [Client thread/INFO] [hbm]: Loading texture hbm:textures/items/bedrock_ore_rad_light.png
[09:25:44] [Client thread/WARN] [hbm]: No animation metadata found for hbm:items/bedrock_ore_rad_light-132
[09:25:44] [Client thread/INFO] [hbm]: Loading texture hbm:textures/items/part_barrel_light.png
[09:25:44] [Client thread/WARN] [hbm]: No animation metadata found for hbm:items/part_barrel_light-weaponsteel
[09:25:44] [Client thread/INFO] [hbm]: Loading texture hbm:textures/items/pipe.png
[09:25:44] [Client thread/WARN] [hbm]: No animation metadata found for hbm:items/pipe-copper
[09:25:44] [Client thread/INFO] [hbm]: Loading texture hbm:textures/items/plate_cast.png
[09:25:44] [Client thread/WARN] [hbm]: No animation metadata found for hbm:items/plate_cast-schrabidate
[09:25:44] [Client thread/INFO] [hbm]: Loading texture hbm:textures/items/bedrock_ore_primary_heavy.png
[09:25:44] [Client thread/WARN] [hbm]: No animation metadata found for hbm:items/bedrock_ore_primary_heavy-25
[09:25:44] [Client thread/INFO] [hbm]: Loading texture hbm:textures/items/plate_welded.png
[09:25:44] [Client thread/WARN] [hbm]: No animation metadata found for hbm:items/plate_welded-copper
[09:25:44] [Client thread/INFO] [hbm]: Loading texture hbm:textures/items/bedrock_ore_primary_heavy.png
[09:25:44] [Client thread/WARN] [hbm]: No animation metadata found for hbm:items/bedrock_ore_primary_heavy-19
[09:25:44] [Client thread/INFO] [hbm]: Loading texture hbm:textures/items/bedrock_ore_primary_heavy.png
[09:25:44] [Client thread/WARN] [hbm]: No animation metadata found for hbm:items/bedrock_ore_primary_heavy-43
[09:25:44] [Client thread/INFO] [hbm]: Loading texture hbm:textures/items/bedrock_ore_primary_heavy.png
[09:25:44] [Client thread/WARN] [hbm]: No animation metadata found for hbm:items/bedrock_ore_primary_heavy-49
[09:25:44] [Client thread/INFO] [hbm]: Loading texture hbm:textures/items/scraps.png
[09:25:44] [Client thread/WARN] [hbm]: No animation metadata found for hbm:items/scraps-petcoke
[09:25:44] [Client thread/INFO] [hbm]: Loading texture hbm:textures/items/bedrock_ore_primary_heavy.png
[09:25:44] [Client thread/WARN] [hbm]: No animation metadata found for hbm:items/bedrock_ore_primary_heavy-31
[09:25:44] [Client thread/INFO] [hbm]: Loading texture hbm:textures/items/bedrock_ore_primary_heavy.png
[09:25:44] [Client thread/WARN] [hbm]: No animation metadata found for hbm:items/bedrock_ore_primary_heavy-37
[09:25:44] [Client thread/INFO] [hbm]: Loading texture hbm:textures/items/scraps.png
[09:25:44] [Client thread/WARN] [hbm]: No animation metadata found for hbm:items/scraps-wood
[09:25:44] [Client thread/INFO] [hbm]: Loading texture hbm:textures/items/plate_welded.png
[09:25:44] [Client thread/WARN] [hbm]: No animation metadata found for hbm:items/plate_welded-cmbsteel
[09:25:44] [Client thread/INFO] [hbm]: Loading texture hbm:textures/items/bedrock_ore_fragment.png
[09:25:44] [Client thread/WARN] [hbm]: No animation metadata found for hbm:items/bedrock_ore_fragment-beryllium
[09:25:44] [Client thread/INFO] [hbm]: Loading texture hbm:textures/items/bedrock_ore_fragment.png
[09:25:44] [Client thread/WARN] [hbm]: No animation metadata found for hbm:items/bedrock_ore_fragment-technetium99
[09:25:44] [Client thread/INFO] [hbm]: Loading texture hbm:textures/items/scraps.png
[09:25:44] [Client thread/WARN] [hbm]: No animation metadata found for hbm:items/scraps-bismuthbronze
[09:25:44] [Client thread/INFO] [hbm]: Loading texture hbm:textures/items/part_receiver_light.png
[09:25:44] [Client thread/WARN] [hbm]: No animation metadata found for hbm:items/part_receiver_light-durasteel
[09:25:44] [Client thread/INFO] [hbm]: Loading texture hbm:textures/items/part_receiver_heavy.png
[09:25:44] [Client thread/WARN] [hbm]: No animation metadata found for hbm:items/part_receiver_heavy-durasteel
[09:25:44] [Client thread/INFO] [hbm]: Loading texture hbm:textures/items/shell.png
[09:25:44] [Client thread/WARN] [hbm]: No animation metadata found for hbm:items/shell-copper
[09:25:44] [Client thread/INFO] [hbm]: Loading texture hbm:textures/items/part_receiver_heavy.png
[09:25:44] [Client thread/WARN] [hbm]: No animation metadata found for hbm:items/part_receiver_heavy-saturnite
[09:25:44] [Client thread/INFO] [hbm]: Loading texture hbm:textures/items/bolt.png
[09:25:44] [Client thread/WARN] [hbm]: No animation metadata found for hbm:items/bolt-steel
[09:25:44] [Client thread/INFO] [hbm]: Loading texture hbm:textures/items/scraps.png
[09:25:44] [Client thread/WARN] [hbm]: No animation metadata found for hbm:items/scraps-polonium210
[09:25:44] [Client thread/INFO] [hbm]: Loading texture hbm:textures/items/part_receiver_light.png
[09:25:44] [Client thread/WARN] [hbm]: No animation metadata found for hbm:items/part_receiver_light-saturnite
[09:25:44] [Client thread/INFO] [hbm]: Loading texture hbm:textures/items/scraps.png
[09:25:44] [Client thread/WARN] [hbm]: No animation metadata found for hbm:items/scraps-lignite
[09:25:44] [Client thread/INFO] [hbm]: Loading texture hbm:textures/items/wire_dense.png
[09:25:44] [Client thread/WARN] [hbm]: No animation metadata found for hbm:items/wire_dense-niobium
[09:25:44] [Client thread/INFO] [hbm]: Loading texture hbm:textures/items/plate_cast.png
[09:25:44] [Client thread/WARN] [hbm]: No animation metadata found for hbm:items/plate_cast-cmbsteel
[09:25:44] [Client thread/INFO] [hbm]: Loading texture hbm:textures/items/part_receiver_light.png
[09:25:44] [Client thread/WARN] [hbm]: No animation metadata found for hbm:items/part_receiver_light-cdalloy
[09:25:44] [Client thread/INFO] [hbm]: Loading texture hbm:textures/items/scraps.png
[09:25:44] [Client thread/WARN] [hbm]: No animation metadata found for hbm:items/scraps-steel
[09:25:44] [Client thread/INFO] [hbm]: Loading texture hbm:textures/items/plate_welded.png
[09:25:44] [Client thread/WARN] [hbm]: No animation metadata found for hbm:items/plate_welded-osmiridium
[09:25:44] [Client thread/INFO] [hbm]: Loading texture hbm:textures/items/bedrock_ore_crumbs_nonmetal.png
[09:25:44] [Client thread/WARN] [hbm]: No animation metadata found for hbm:items/bedrock_ore_crumbs_nonmetal-82
[09:25:44] [Client thread/INFO] [hbm]: Loading texture hbm:textures/items/part_receiver_heavy.png
[09:25:44] [Client thread/WARN] [hbm]: No animation metadata found for hbm:items/part_receiver_heavy-arsenicbronze
[09:25:44] [Client thread/INFO] [hbm]: Loading texture hbm:textures/items/bedrock_ore_fragment.png
[09:25:44] [Client thread/WARN] [hbm]: No animation metadata found for hbm:items/bedrock_ore_fragment-saltpeter
[09:25:44] [Client thread/INFO] [hbm]: Loading texture hbm:textures/items/wire_dense.png
[09:25:44] [Client thread/WARN] [hbm]: No animation metadata found for hbm:items/wire_dense-schrabidium
[09:25:44] [Client thread/INFO] [hbm]: Loading texture hbm:textures/items/scraps.png
[09:25:44] [Client thread/WARN] [hbm]: No animation metadata found for hbm:items/scraps-tantalum
[09:25:44] [Client thread/INFO] [hbm]: Loading texture hbm:textures/items/scraps.png
[09:25:44] [Client thread/WARN] [hbm]: No animation metadata found for hbm:items/scraps-emerald
[09:25:44] [Client thread/INFO] [hbm]: Loading texture hbm:textures/items/pipe.png
[09:25:44] [Client thread/WARN] [hbm]: No animation metadata found for hbm:items/pipe-rubber
[09:25:44] [Client thread/INFO] [hbm]: Loading texture hbm:textures/items/bedrock_ore_base_nonmetal.png
[09:25:44] [Client thread/WARN] [hbm]: No animation metadata found for hbm:items/bedrock_ore_base_nonmetal-4
[09:25:44] [Client thread/INFO] [hbm]: Loading texture hbm:textures/items/bedrock_ore_sulfuric_crystal.png
[09:25:44] [Client thread/WARN] [hbm]: No animation metadata found for hbm:items/bedrock_ore_sulfuric_crystal-95
[09:25:44] [Client thread/INFO] [hbm]: Loading texture hbm:textures/items/part_barrel_heavy.png
[09:25:44] [Client thread/WARN] [hbm]: No animation metadata found for hbm:items/part_barrel_heavy-tcalloy
[09:25:44] [Client thread/INFO] [hbm]: Loading texture hbm:textures/items/bedrock_ore_sulfuric_crystal.png
[09:25:44] [Client thread/WARN] [hbm]: No animation metadata found for hbm:items/bedrock_ore_sulfuric_crystal-89
[09:25:44] [Client thread/INFO] [hbm]: Loading texture hbm:textures/items/wire_dense.png
[09:25:44] [Client thread/WARN] [hbm]: No animation metadata found for hbm:items/wire_dense-tungsten
[09:25:44] [Client thread/INFO] [hbm]: Loading texture hbm:textures/items/part_receiver_heavy.png
[09:25:44] [Client thread/WARN] [hbm]: No animation metadata found for hbm:items/part_receiver_heavy-ferrouranium
[09:25:44] [Client thread/INFO] [hbm]: Loading texture hbm:textures/items/bedrock_ore_fragment.png
[09:25:44] [Client thread/WARN] [hbm]: No animation metadata found for hbm:items/bedrock_ore_fragment-neodymium
[09:25:44] [Client thread/INFO] [hbm]: Loading texture hbm:textures/items/part_stock.png
[09:25:44] [Client thread/WARN] [hbm]: No animation metadata found for hbm:items/part_stock-gunmetal
[09:25:44] [Client thread/INFO] [hbm]: Loading texture hbm:textures/items/bedrock_ore_sulfuric_heavy.png
[09:25:44] [Client thread/WARN] [hbm]: No animation metadata found for hbm:items/bedrock_ore_sulfuric_heavy-91
[09:25:44] [Client thread/INFO] [hbm]: Loading texture hbm:textures/items/bedrock_ore_sulfuric_heavy.png
[09:25:44] [Client thread/WARN] [hbm]: No animation metadata found for hbm:items/bedrock_ore_sulfuric_heavy-85
[09:25:44] [Client thread/INFO] [hbm]: Loading texture hbm:textures/items/scraps.png
[09:25:44] [Client thread/WARN] [hbm]: No animation metadata found for hbm:items/scraps-pigiron
[09:25:44] [Client thread/INFO] [hbm]: Loading texture hbm:textures/items/wire_dense.png
[09:25:44] [Client thread/WARN] [hbm]: No animation metadata found for hbm:items/wire_dense-gold
[09:25:44] [Client thread/INFO] [hbm]: Loading texture hbm:textures/items/pipe.png
[09:25:44] [Client thread/WARN] [hbm]: No animation metadata found for hbm:items/pipe-lead
[09:25:44] [Client thread/INFO] [hbm]: Loading texture hbm:textures/items/scraps.png
[09:25:44] [Client thread/WARN] [hbm]: No animation metadata found for hbm:items/scraps-pvc
[09:25:44] [Client thread/INFO] [hbm]: Loading texture hbm:textures/items/bedrock_ore_sulfuric_heavy.png
[09:25:44] [Client thread/WARN] [hbm]: No animation metadata found for hbm:items/bedrock_ore_sulfuric_heavy-97
[09:25:44] [Client thread/INFO] [hbm]: Loading texture hbm:textures/items/part_receiver_heavy.png
[09:25:44] [Client thread/WARN] [hbm]: No animation metadata found for hbm:items/part_receiver_heavy-tcalloy
[09:25:44] [Client thread/INFO] [hbm]: Loading texture hbm:textures/items/plate_cast.png
[09:25:44] [Client thread/WARN] [hbm]: No animation metadata found for hbm:items/plate_cast-steel
[09:25:44] [Client thread/INFO] [hbm]: Loading texture hbm:textures/items/scraps.png
[09:25:44] [Client thread/WARN] [hbm]: No animation metadata found for hbm:items/scraps-graphite
[09:25:44] [Client thread/INFO] [hbm]: Loading texture hbm:textures/items/scraps.png
[09:25:44] [Client thread/WARN] [hbm]: No animation metadata found for hbm:items/scraps-ferrouranium
[09:25:44] [Client thread/INFO] [hbm]: Loading texture hbm:textures/items/bedrock_ore_fragment.png
[09:25:44] [Client thread/WARN] [hbm]: No animation metadata found for hbm:items/bedrock_ore_fragment-sodium
[09:25:44] [Client thread/INFO] [hbm]: Loading texture hbm:textures/items/plate_welded.png
[09:25:44] [Client thread/WARN] [hbm]: No animation metadata found for hbm:items/plate_welded-steel
[09:25:44] [Client thread/INFO] [hbm]: Loading texture hbm:textures/items/wire_dense.png
[09:25:44] [Client thread/WARN] [hbm]: No animation metadata found for hbm:items/wire_dense-dineutronium
[09:25:44] [Client thread/INFO] [hbm]: Loading texture hbm:textures/items/plate_cast.png
[09:25:44] [Client thread/WARN] [hbm]: No animation metadata found for hbm:items/plate_cast-weaponsteel
[09:25:44] [Client thread/INFO] [hbm]: Loading texture hbm:textures/items/part_stock.png
[09:25:44] [Client thread/WARN] [hbm]: No animation metadata found for hbm:items/part_stock-wood
[09:25:44] [Client thread/INFO] [hbm]: Loading texture hbm:textures/items/bedrock_ore_fragment.png
[09:25:44] [Client thread/WARN] [hbm]: No animation metadata found for hbm:items/bedrock_ore_fragment-redstone
[09:25:44] [Client thread/INFO] [hbm]: Loading texture hbm:textures/items/scraps.png
[09:25:44] [Client thread/WARN] [hbm]: No animation metadata found for hbm:items/scraps-hematite
[09:25:44] [Client thread/INFO] [hbm]: Loading texture hbm:textures/items/bedrock_ore_primary_actinide.png
[09:25:44] [Client thread/WARN] [hbm]: No animation metadata found for hbm:items/bedrock_ore_primary_actinide-45
[09:25:44] [Client thread/INFO] [hbm]: Loading texture hbm:textures/items/watz_pellet.png
[09:25:44] [Client thread/WARN] [hbm]: No animation metadata found for hbm:items/watz_pellet-11
[09:25:44] [Client thread/INFO] [hbm]: Loading texture hbm:textures/items/shell.png
[09:25:44] [Client thread/WARN] [hbm]: No animation metadata found for hbm:items/shell-weaponsteel
[09:25:44] [Client thread/INFO] [hbm]: Loading texture hbm:textures/items/bedrock_ore_primary_actinide.png
[09:25:44] [Client thread/WARN] [hbm]: No animation metadata found for hbm:items/bedrock_ore_primary_actinide-39
[09:25:44] [Client thread/INFO] [hbm]: Loading texture hbm:textures/items/bedrock_ore_primary_actinide.png
[09:25:44] [Client thread/WARN] [hbm]: No animation metadata found for hbm:items/bedrock_ore_primary_actinide-33
[09:25:44] [Client thread/INFO] [hbm]: Loading texture hbm:textures/items/scraps.png
[09:25:44] [Client thread/WARN] [hbm]: No animation metadata found for hbm:items/scraps-thorium232
[09:25:44] [Client thread/INFO] [hbm]: Loading texture hbm:textures/items/watz_pellet.png
[09:25:44] [Client thread/WARN] [hbm]: No animation metadata found for hbm:items/watz_pellet-10
[09:25:44] [Client thread/INFO] [hbm]: Loading texture hbm:textures/items/bedrock_ore_primary_actinide.png
[09:25:44] [Client thread/WARN] [hbm]: No animation metadata found for hbm:items/bedrock_ore_primary_actinide-63
[09:25:44] [Client thread/INFO] [hbm]: Loading texture hbm:textures/items/bedrock_ore_primary_actinide.png
[09:25:44] [Client thread/WARN] [hbm]: No animation metadata found for hbm:items/bedrock_ore_primary_actinide-69
[09:25:44] [Client thread/INFO] [hbm]: Loading texture hbm:textures/items/bedrock_ore_primary_actinide.png
[09:25:44] [Client thread/WARN] [hbm]: No animation metadata found for hbm:items/bedrock_ore_primary_actinide-51
[09:25:44] [Client thread/INFO] [hbm]: Loading texture hbm:textures/items/bedrock_ore_primary_actinide.png
[09:25:44] [Client thread/WARN] [hbm]: No animation metadata found for hbm:items/bedrock_ore_primary_actinide-57
[09:25:44] [Client thread/INFO] [hbm]: Loading texture hbm:textures/items/scraps.png
[09:25:44] [Client thread/WARN] [hbm]: No animation metadata found for hbm:items/scraps-lanthanum
[09:25:44] [Client thread/INFO] [hbm]: Loading texture hbm:textures/items/bedrock_ore_primary_actinide.png
[09:25:44] [Client thread/WARN] [hbm]: No animation metadata found for hbm:items/bedrock_ore_primary_actinide-75
[09:25:44] [Client thread/INFO] [hbm]: Loading texture hbm:textures/items/scraps.png
[09:25:44] [Client thread/WARN] [hbm]: No animation metadata found for hbm:items/scraps-polycarbonate
[09:25:44] [Client thread/INFO] [hbm]: Loading texture hbm:textures/items/scraps.png
[09:25:44] [Client thread/WARN] [hbm]: No animation metadata found for hbm:items/scraps-beryllium
[09:25:44] [Client thread/INFO] [hbm]: Loading texture hbm:textures/items/plate_welded.png
[09:25:44] [Client thread/WARN] [hbm]: No animation metadata found for hbm:items/plate_welded-aluminum
[09:25:44] [Client thread/INFO] [hbm]: Loading texture hbm:textures/items/plate_cast.png
[09:25:44] [Client thread/WARN] [hbm]: No animation metadata found for hbm:items/plate_cast-lead
[09:25:44] [Client thread/INFO] [hbm]: Loading texture hbm:textures/items/bedrock_ore_fragment.png
[09:25:44] [Client thread/WARN] [hbm]: No animation metadata found for hbm:items/bedrock_ore_fragment-rareearth
[09:25:44] [Client thread/INFO] [hbm]: Loading texture hbm:textures/items/part_grip.png
[09:25:44] [Client thread/WARN] [hbm]: No animation metadata found for hbm:items/part_grip-workersalloy
[09:25:44] [Client thread/INFO] [hbm]: Loading texture hbm:textures/items/bedrock_ore_primary_actinide.png
[09:25:44] [Client thread/WARN] [hbm]: No animation metadata found for hbm:items/bedrock_ore_primary_actinide-27
[09:25:44] [Client thread/INFO] [hbm]: Loading texture hbm:textures/items/bedrock_ore_primary_actinide.png
[09:25:44] [Client thread/WARN] [hbm]: No animation metadata found for hbm:items/bedrock_ore_primary_actinide-21
[09:25:44] [Client thread/INFO] [hbm]: Loading texture hbm:textures/items/scraps.png
[09:25:44] [Client thread/WARN] [hbm]: No animation metadata found for hbm:items/scraps-americium242
[09:25:44] [Client thread/INFO] [hbm]: Loading texture hbm:textures/items/scraps.png
[09:25:44] [Client thread/WARN] [hbm]: No animation metadata found for hbm:items/scraps-americium241
[09:25:44] [Client thread/INFO] [hbm]: Loading texture hbm:textures/items/bedrock_ore_base_rare.png
[09:25:44] [Client thread/WARN] [hbm]: No animation metadata found for hbm:items/bedrock_ore_base_rare-14
[09:25:44] [Client thread/INFO] [hbm]: Loading texture hbm:textures/items/scraps.png
[09:25:44] [Client thread/WARN] [hbm]: No animation metadata found for hbm:items/scraps-strontium
[09:25:44] [Client thread/INFO] [hbm]: Loading texture hbm:textures/items/part_mechanism.png
[09:25:44] [Client thread/WARN] [hbm]: No animation metadata found for hbm:items/part_mechanism-gunmetal
[09:25:44] [Client thread/INFO] [hbm]: Loading texture hbm:textures/items/part_receiver_light.png
[09:25:44] [Client thread/WARN] [hbm]: No animation metadata found for hbm:items/part_receiver_light-workersalloy
[09:25:44] [Client thread/INFO] [hbm]: Loading texture hbm:textures/items/bedrock_ore_fragment.png
[09:25:44] [Client thread/WARN] [hbm]: No animation metadata found for hbm:items/bedrock_ore_fragment-zirconium
[09:25:44] [Client thread/INFO] [hbm]: Loading texture hbm:textures/items/plate_welded.png
[09:25:44] [Client thread/WARN] [hbm]: No animation metadata found for hbm:items/plate_welded-titanium
[09:25:44] [Client thread/INFO] [hbm]: Loading texture hbm:textures/items/bedrock_ore_primary_rare.png
[09:25:44] [Client thread/WARN] [hbm]: No animation metadata found for hbm:items/bedrock_ore_primary_rare-68
[09:25:44] [Client thread/INFO] [hbm]: Loading texture hbm:textures/items/bedrock_ore_primary_rare.png
[09:25:44] [Client thread/WARN] [hbm]: No animation metadata found for hbm:items/bedrock_ore_primary_rare-74
[09:25:44] [Client thread/INFO] [hbm]: Loading texture hbm:textures/items/bedrock_ore_fragment.png
[09:25:44] [Client thread/WARN] [hbm]: No animation metadata found for hbm:items/bedrock_ore_fragment-fluorite
[09:25:44] [Client thread/INFO] [hbm]: Loading texture hbm:textures/items/part_stock.png
[09:25:44] [Client thread/WARN] [hbm]: No animation metadata found for hbm:items/part_stock-polycarbonate
[09:25:44] [Client thread/INFO] [hbm]: Loading texture hbm:textures/items/part_grip.png
[09:25:44] [Client thread/WARN] [hbm]: No animation metadata found for hbm:items/part_grip-bone
[09:25:44] [Client thread/INFO] [hbm]: Loading texture hbm:textures/items/bedrock_ore_fragment.png
[09:25:44] [Client thread/WARN] [hbm]: No animation metadata found for hbm:items/bedrock_ore_fragment-lithium
[09:25:44] [Client thread/INFO] [hbm]: Loading texture hbm:textures/items/pipe.png
[09:25:44] [Client thread/WARN] [hbm]: No animation metadata found for hbm:items/pipe-aluminum
[09:25:44] [Client thread/INFO] [hbm]: Loading texture hbm:textures/items/ingot_raw.png
[09:25:44] [Client thread/WARN] [hbm]: No animation metadata found for hbm:items/ingot_raw-slag
[09:25:44] [Client thread/INFO] [hbm]: Loading texture hbm:textures/items/bedrock_ore_rad_crystal.png
[09:25:44] [Client thread/WARN] [hbm]: No animation metadata found for hbm:items/bedrock_ore_rad_crystal-149
[09:25:44] [Client thread/INFO] [hbm]: Loading texture hbm:textures/items/bedrock_ore_rad_crystal.png
[09:25:44] [Client thread/WARN] [hbm]: No animation metadata found for hbm:items/bedrock_ore_rad_crystal-143
[09:25:44] [Client thread/INFO] [hbm]: Loading texture hbm:textures/items/bedrock_ore_rad_crystal.png
[09:25:44] [Client thread/WARN] [hbm]: No animation metadata found for hbm:items/bedrock_ore_rad_crystal-137
[09:25:44] [Client thread/INFO] [hbm]: Loading texture hbm:textures/items/bedrock_ore_fragment.png
[09:25:44] [Client thread/WARN] [hbm]: No animation metadata found for hbm:items/bedrock_ore_fragment-tungsten
[09:25:44] [Client thread/INFO] [hbm]: Loading texture hbm:textures/items/bedrock_ore_rad_crystal.png
[09:25:44] [Client thread/WARN] [hbm]: No animation metadata found for hbm:items/bedrock_ore_rad_crystal-155
[09:25:44] [Client thread/INFO] [hbm]: Loading texture hbm:textures/items/bedrock_ore_primary_rare.png
[09:25:44] [Client thread/WARN] [hbm]: No animation metadata found for hbm:items/bedrock_ore_primary_rare-44
[09:25:44] [Client thread/INFO] [hbm]: Loading texture hbm:textures/items/scraps.png
[09:25:44] [Client thread/WARN] [hbm]: No animation metadata found for hbm:items/scraps-mingrade
[09:25:44] [Client thread/INFO] [hbm]: Loading texture hbm:textures/items/bedrock_ore_primary_rare.png
[09:25:44] [Client thread/WARN] [hbm]: No animation metadata found for hbm:items/bedrock_ore_primary_rare-50
[09:25:44] [Client thread/INFO] [hbm]: Loading texture hbm:textures/items/plate_cast.png
[09:25:44] [Client thread/WARN] [hbm]: No animation metadata found for hbm:items/plate_cast-bismuthbronze
[09:25:44] [Client thread/INFO] [hbm]: Loading texture hbm:textures/items/bedrock_ore_primary_rare.png
[09:25:44] [Client thread/WARN] [hbm]: No animation metadata found for hbm:items/bedrock_ore_primary_rare-56
[09:25:44] [Client thread/INFO] [hbm]: Loading texture hbm:textures/items/bedrock_ore_rad_actinide.png
[09:25:44] [Client thread/WARN] [hbm]: No animation metadata found for hbm:items/bedrock_ore_rad_actinide-153
[09:25:44] [Client thread/INFO] [hbm]: Loading texture hbm:textures/items/bedrock_ore_primary_rare.png
[09:25:44] [Client thread/WARN] [hbm]: No animation metadata found for hbm:items/bedrock_ore_primary_rare-62
[09:25:44] [Client thread/INFO] [hbm]: Loading texture hbm:textures/items/bedrock_ore_primary_rare.png
[09:25:44] [Client thread/WARN] [hbm]: No animation metadata found for hbm:items/bedrock_ore_primary_rare-20
[09:25:44] [Client thread/INFO] [hbm]: Loading texture hbm:textures/items/bedrock_ore_rad_actinide.png
[09:25:44] [Client thread/WARN] [hbm]: No animation metadata found for hbm:items/bedrock_ore_rad_actinide-147
[09:25:44] [Client thread/INFO] [hbm]: Loading texture hbm:textures/items/bedrock_ore_primary_rare.png
[09:25:44] [Client thread/WARN] [hbm]: No animation metadata found for hbm:items/bedrock_ore_primary_rare-26
[09:25:44] [Client thread/INFO] [hbm]: Loading texture hbm:textures/items/bedrock_ore_rad_actinide.png
[09:25:44] [Client thread/WARN] [hbm]: No animation metadata found for hbm:items/bedrock_ore_rad_actinide-141
[09:25:44] [Client thread/INFO] [hbm]: Loading texture hbm:textures/items/plate_welded.png
[09:25:44] [Client thread/WARN] [hbm]: No animation metadata found for hbm:items/plate_welded-zirconium
[09:25:44] [Client thread/INFO] [hbm]: Loading texture hbm:textures/items/bedrock_ore_primary_rare.png
[09:25:44] [Client thread/WARN] [hbm]: No animation metadata found for hbm:items/bedrock_ore_primary_rare-32
[09:25:44] [Client thread/INFO] [hbm]: Loading texture hbm:textures/items/bedrock_ore_primary_rare.png
[09:25:44] [Client thread/WARN] [hbm]: No animation metadata found for hbm:items/bedrock_ore_primary_rare-38
[09:25:44] [Client thread/INFO] [hbm]: Loading texture hbm:textures/items/bedrock_ore_rad_actinide.png
[09:25:44] [Client thread/WARN] [hbm]: No animation metadata found for hbm:items/bedrock_ore_rad_actinide-135
[09:25:44] [Client thread/INFO] [hbm]: Loading texture hbm:textures/items/bedrock_ore_primary_nonmetal.png
[09:25:44] [Client thread/WARN] [hbm]: No animation metadata found for hbm:items/bedrock_ore_primary_nonmetal-52
[09:25:44] [Client thread/INFO] [hbm]: Loading texture hbm:textures/items/bedrock_ore_primary_nonmetal.png
[09:25:44] [Client thread/WARN] [hbm]: No animation metadata found for hbm:items/bedrock_ore_primary_nonmetal-58
[09:25:44] [Client thread/INFO] [hbm]: Loading texture hbm:textures/items/bedrock_ore_primary_nonmetal.png
[09:25:44] [Client thread/WARN] [hbm]: No animation metadata found for hbm:items/bedrock_ore_primary_nonmetal-40
[09:25:44] [Client thread/INFO] [hbm]: Loading texture hbm:textures/items/bedrock_ore_primary_nonmetal.png
[09:25:44] [Client thread/WARN] [hbm]: No animation metadata found for hbm:items/bedrock_ore_primary_nonmetal-46
[09:25:44] [Client thread/INFO] [hbm]: Loading texture hbm:textures/items/bedrock_ore_solvent_crystal.png
[09:25:44] [Client thread/WARN] [hbm]: No animation metadata found for hbm:items/bedrock_ore_solvent_crystal-113
[09:25:44] [Client thread/INFO] [hbm]: Loading texture hbm:textures/items/bedrock_ore_solvent_crystal.png
[09:25:44] [Client thread/WARN] [hbm]: No animation metadata found for hbm:items/bedrock_ore_solvent_crystal-119
[09:25:44] [Client thread/INFO] [hbm]: Loading texture hbm:textures/items/bedrock_ore_primary_nonmetal.png
[09:25:44] [Client thread/WARN] [hbm]: No animation metadata found for hbm:items/bedrock_ore_primary_nonmetal-70
[09:25:44] [Client thread/INFO] [hbm]: Loading texture hbm:textures/items/bedrock_ore_primary_nonmetal.png
[09:25:44] [Client thread/WARN] [hbm]: No animation metadata found for hbm:items/bedrock_ore_primary_nonmetal-76
[09:25:44] [Client thread/INFO] [hbm]: Loading texture hbm:textures/items/ingot_raw.png
[09:25:44] [Client thread/WARN] [hbm]: No animation metadata found for hbm:items/ingot_raw-redstone
[09:25:44] [Client thread/INFO] [hbm]: Loading texture hbm:textures/items/bedrock_ore_crumbs_light.png
[09:25:44] [Client thread/WARN] [hbm]: No animation metadata found for hbm:items/bedrock_ore_crumbs_light-78
[09:25:44] [Client thread/INFO] [hbm]: Loading texture hbm:textures/items/bedrock_ore_primary_nonmetal.png
[09:25:44] [Client thread/WARN] [hbm]: No animation metadata found for hbm:items/bedrock_ore_primary_nonmetal-64
[09:25:44] [Client thread/INFO] [hbm]: Loading texture hbm:textures/items/plate_cast.png
[09:25:44] [Client thread/WARN] [hbm]: No animation metadata found for hbm:items/plate_cast-osmiridium
[09:25:44] [Client thread/INFO] [hbm]: Loading texture hbm:textures/items/bedrock_ore_primary_nonmetal.png
[09:25:44] [Client thread/WARN] [hbm]: No animation metadata found for hbm:items/bedrock_ore_primary_nonmetal-34
[09:25:44] [Client thread/INFO] [hbm]: Loading texture hbm:textures/items/bedrock_ore_solvent_crystal.png
[09:25:44] [Client thread/WARN] [hbm]: No animation metadata found for hbm:items/bedrock_ore_solvent_crystal-125
[09:25:44] [Client thread/INFO] [hbm]: Loading texture hbm:textures/items/bedrock_ore_primary_nonmetal.png
[09:25:44] [Client thread/WARN] [hbm]: No animation metadata found for hbm:items/bedrock_ore_primary_nonmetal-22
[09:25:44] [Client thread/INFO] [hbm]: Loading texture hbm:textures/items/bedrock_ore_primary_nonmetal.png
[09:25:44] [Client thread/WARN] [hbm]: No animation metadata found for hbm:items/bedrock_ore_primary_nonmetal-28
[09:25:44] [Client thread/INFO] [hbm]: Loading texture hbm:textures/items/bedrock_ore_solvent_crystal.png
[09:25:44] [Client thread/WARN] [hbm]: No animation metadata found for hbm:items/bedrock_ore_solvent_crystal-131
[09:25:44] [Client thread/INFO] [hbm]: Loading texture hbm:textures/items/bedrock_ore_sulfuric_light.png
[09:25:44] [Client thread/WARN] [hbm]: No animation metadata found for hbm:items/bedrock_ore_sulfuric_light-102
[09:25:44] [Client thread/INFO] [hbm]: Loading texture hbm:textures/items/bedrock_ore_solvent_rare.png
[09:25:44] [Client thread/WARN] [hbm]: No animation metadata found for hbm:items/bedrock_ore_solvent_rare-122
[09:25:44] [Client thread/INFO] [hbm]: Loading texture hbm:textures/items/bedrock_ore_solvent_rare.png
[09:25:44] [Client thread/WARN] [hbm]: No animation metadata found for hbm:items/bedrock_ore_solvent_rare-128
[09:25:44] [Client thread/INFO] [hbm]: Loading texture hbm:textures/items/bedrock_ore_solvent_rare.png
[09:25:44] [Client thread/WARN] [hbm]: No animation metadata found for hbm:items/bedrock_ore_solvent_rare-110
[09:25:44] [Client thread/INFO] [hbm]: Loading texture hbm:textures/items/scraps.png
[09:25:44] [Client thread/WARN] [hbm]: No animation metadata found for hbm:items/scraps-uranium
[09:25:44] [Client thread/INFO] [hbm]: Loading texture hbm:textures/items/bedrock_ore_solvent_rare.png
[09:25:44] [Client thread/WARN] [hbm]: No animation metadata found for hbm:items/bedrock_ore_solvent_rare-116
[09:25:44] [Client thread/INFO] [hbm]: Loading texture hbm:textures/items/watz_pellet.png
[09:25:44] [Client thread/WARN] [hbm]: No animation metadata found for hbm:items/watz_pellet-9
[09:25:44] [Client thread/INFO] [hbm]: Loading texture hbm:textures/items/watz_pellet.png
[09:25:44] [Client thread/WARN] [hbm]: No animation metadata found for hbm:items/watz_pellet-8
[09:25:44] [Client thread/INFO] [hbm]: Loading texture hbm:textures/items/watz_pellet.png
[09:25:44] [Client thread/WARN] [hbm]: No animation metadata found for hbm:items/watz_pellet-3
[09:25:44] [Client thread/INFO] [hbm]: Loading texture hbm:textures/items/watz_pellet.png
[09:25:44] [Client thread/WARN] [hbm]: No animation metadata found for hbm:items/watz_pellet-2
[09:25:44] [Client thread/INFO] [hbm]: Loading texture hbm:textures/items/watz_pellet.png
[09:25:44] [Client thread/WARN] [hbm]: No animation metadata found for hbm:items/watz_pellet-1
[09:25:44] [Client thread/INFO] [hbm]: Loading texture hbm:textures/items/watz_pellet.png
[09:25:44] [Client thread/WARN] [hbm]: No animation metadata found for hbm:items/watz_pellet-0
[09:25:44] [Client thread/INFO] [hbm]: Loading texture hbm:textures/items/watz_pellet.png
[09:25:44] [Client thread/WARN] [hbm]: No animation metadata found for hbm:items/watz_pellet-7
[09:25:44] [Client thread/INFO] [hbm]: Loading texture hbm:textures/items/watz_pellet.png
[09:25:44] [Client thread/WARN] [hbm]: No animation metadata found for hbm:items/watz_pellet-6
[09:25:44] [Client thread/INFO] [hbm]: Loading texture hbm:textures/items/watz_pellet.png
[09:25:44] [Client thread/WARN] [hbm]: No animation metadata found for hbm:items/watz_pellet-5
[09:25:44] [Client thread/INFO] [hbm]: Loading texture hbm:textures/items/watz_pellet.png
[09:25:44] [Client thread/WARN] [hbm]: No animation metadata found for hbm:items/watz_pellet-4
[09:25:44] [Client thread/INFO] [hbm]: Loading texture hbm:textures/items/scraps.png
[09:25:44] [Client thread/WARN] [hbm]: No animation metadata found for hbm:items/scraps-bakelite
[09:25:44] [Client thread/INFO] [hbm]: Loading texture hbm:textures/items/part_receiver_heavy.png
[09:25:44] [Client thread/WARN] [hbm]: No animation metadata found for hbm:items/part_receiver_heavy-gunmetal
[09:25:44] [Client thread/INFO] [hbm]: Loading texture hbm:textures/items/scraps.png
[09:25:44] [Client thread/WARN] [hbm]: No animation metadata found for hbm:items/scraps-wroughtiron
[09:25:45] [Client thread/INFO] [net.minecraft.client.renderer.texture.TextureMap]: Created: 8192x8192 textures-atlas
[09:25:45] [Client thread/WARN] [net.minecraft.client.renderer.block.model.ModelBlock]: Unable to resolve texture due to upward reference: #all in minecraft:models/block/cube_all
[09:25:45] [Client thread/ERROR] [FML]: MultiModel minecraft:builtin/missing is empty (no base model or parts were provided/resolved)
[09:25:45] [Client thread/WARN] [net.minecraft.client.renderer.block.model.ModelBlock]: Unable to resolve texture due to upward reference: #all in minecraft:models/block/cube_all
[09:25:45] [Client thread/WARN] [net.minecraft.client.renderer.block.model.ModelBlock]: Unable to resolve texture due to upward reference: #all in minecraft:models/block/cube_all
[09:25:45] [Client thread/WARN] [net.minecraft.client.renderer.block.model.ModelBlock]: Unable to resolve texture due to upward reference: #all in minecraft:models/block/cube_all
[09:25:45] [Client thread/WARN] [net.minecraft.client.renderer.block.model.ModelBlock]: Unable to resolve texture due to upward reference: #all in minecraft:models/block/cube_all
[09:25:45] [Client thread/WARN] [net.minecraft.client.renderer.block.model.ModelBlock]: Unable to resolve texture due to upward reference: #all in minecraft:models/block/cube_all
[09:25:45] [Client thread/WARN] [net.minecraft.client.renderer.block.model.ModelBlock]: Unable to resolve texture due to upward reference: #all in minecraft:models/block/cube_all
[09:25:46] [Client thread/WARN] [net.minecraft.client.renderer.block.model.ModelBlock]: Unable to resolve texture due to upward reference: #all in minecraft:models/block/cube_all
[09:25:46] [Client thread/WARN] [net.minecraft.client.renderer.block.model.ModelBlock]: Unable to resolve texture due to upward reference: #all in minecraft:models/block/cube_all
[09:25:46] [Client thread/WARN] [net.minecraft.client.renderer.block.model.ModelBlock]: Unable to resolve texture due to upward reference: #all in minecraft:models/block/cube_all
[09:25:46] [Client thread/ERROR] [FML]: MultiModel minecraft:builtin/missing is empty (no base model or parts were provided/resolved)
[09:25:46] [Client thread/WARN] [net.minecraft.client.renderer.block.model.ModelBlock]: Unable to resolve texture due to upward reference: #all in minecraft:models/block/cube_all
[09:25:46] [Client thread/WARN] [net.minecraft.client.renderer.block.model.ModelBlock]: Unable to resolve texture due to upward reference: #all in minecraft:models/block/cube_all
[09:25:46] [Client thread/ERROR] [FML]: MultiModel minecraft:builtin/missing is empty (no base model or parts were provided/resolved)
[09:25:46] [Client thread/ERROR] [FML]: MultiModel minecraft:builtin/missing is empty (no base model or parts were provided/resolved)
[09:25:46] [Client thread/ERROR] [FML]: MultiModel minecraft:builtin/missing is empty (no base model or parts were provided/resolved)
[09:25:46] [Client thread/ERROR] [FML]: MultiModel minecraft:builtin/missing is empty (no base model or parts were provided/resolved)
[09:25:46] [Client thread/WARN] [net.minecraft.client.renderer.block.model.ModelBlock]: Unable to resolve texture due to upward reference: #all in minecraft:models/block/cube_all
[09:25:46] [Client thread/ERROR] [FML]: MultiModel minecraft:builtin/missing is empty (no base model or parts were provided/resolved)
[09:25:46] [Client thread/WARN] [net.minecraft.client.renderer.block.model.ModelBlock]: Unable to resolve texture due to upward reference: #all in minecraft:models/block/cube_all
[09:25:46] [Client thread/WARN] [net.minecraft.client.renderer.block.model.ModelBlock]: Unable to resolve texture due to upward reference: #all in minecraft:models/block/cube_all
[09:25:46] [Client thread/WARN] [net.minecraft.client.renderer.block.model.ModelBlock]: Unable to resolve texture due to upward reference: #all in minecraft:models/block/cube_all
[09:25:46] [Client thread/ERROR] [FML]: MultiModel minecraft:builtin/missing is empty (no base model or parts were provided/resolved)
[09:25:47] [Client thread/WARN] [net.minecraft.client.renderer.block.model.ModelBlock]: Unable to resolve texture due to upward reference: #all in minecraft:models/block/cube_all
[09:25:47] [Client thread/WARN] [net.minecraft.client.renderer.block.model.ModelBlock]: Unable to resolve texture due to upward reference: #all in minecraft:models/block/cube_all
[09:25:47] [Client thread/WARN] [net.minecraft.client.renderer.block.model.ModelBlock]: Unable to resolve texture due to upward reference: #all in minecraft:models/block/cube_all
[09:25:47] [Client thread/WARN] [net.minecraft.client.renderer.block.model.ModelBlock]: Unable to resolve texture due to upward reference: #all in minecraft:models/block/cube_all
[09:25:47] [Client thread/WARN] [net.minecraft.client.renderer.block.model.ModelBlock]: Unable to resolve texture due to upward reference: #all in minecraft:models/block/cube_all
[09:25:47] [Client thread/WARN] [net.minecraft.client.renderer.block.model.ModelBlock]: Unable to resolve texture due to upward reference: #all in minecraft:models/block/cube_all
[09:25:47] [Client thread/WARN] [net.minecraft.client.renderer.block.model.ModelBlock]: Unable to resolve texture due to upward reference: #all in minecraft:models/block/cube_all
[09:25:48] [Client thread/ERROR] [FML]: Exception loading model for variant soviet:bio/bio_stil#axis=z,def=false,down=true,middle=false,up=true
net.minecraftforge.client.model.ModelLoaderRegistry$LoaderException: Exception loading model soviet:bio/bio_stil#axis=z,def=false,down=true,middle=false,up=true with loader VariantLoader.INSTANCE, skipping
	at net.minecraftforge.client.model.ModelLoaderRegistry.getModel(ModelLoaderRegistry.java:161)
	at net.minecraftforge.client.model.ModelLoader.func_177569_a(ModelLoader.java:236)
	at net.minecraft.client.renderer.block.model.ModelBakery.loadBlock(ModelBakery.java:191)
	at net.minecraftforge.client.model.ModelLoader.func_188640_b(ModelLoader.java:224)
	at net.minecraftforge.client.model.ModelLoader.func_177570_a(ModelLoader.java:151)
	at net.minecraft.client.renderer.block.model.ModelManager.func_110549_a(ModelManager.java:29)
	at net.minecraft.client.resources.SimpleReloadableResourceManager.func_110542_a(SimpleReloadableResourceManager.java:126)
	at net.minecraft.client.Minecraft.func_71384_a(Minecraft.java:509)
	at net.minecraft.client.Minecraft.func_99999_d(Minecraft.java:374)
	at net.minecraft.client.main.Main.main(SourceFile:123)
	at top.outlands.foundation.LaunchHandler.launch(LaunchHandler.java:125)
	at top.outlands.foundation.boot.Foundation.main(Foundation.java:43)
	at org.prismlauncher.launcher.impl.StandardLauncher.launch(StandardLauncher.java:115)
	at org.prismlauncher.EntryPoint.listen(EntryPoint.java:129)
	at org.prismlauncher.EntryPoint.main(EntryPoint.java:70)
Caused by: net.minecraft.client.renderer.block.model.ModelBlockDefinition$MissingVariantException
	at net.minecraft.client.renderer.block.model.ModelBlockDefinition.func_188004_c(ModelBlockDefinition.java:88)
	at net.minecraftforge.client.model.ModelLoader$VariantLoader.loadModel(ModelLoader.java:1176)
	at net.minecraftforge.client.model.ModelLoaderRegistry.getModel(ModelLoaderRegistry.java:157)
	... 14 more
[09:25:48] [Client thread/ERROR] [FML]: Exception loading model for variant industrialrenewal:steam#level=3
net.minecraftforge.client.model.ModelLoaderRegistry$LoaderException: Exception loading model industrialrenewal:steam#level=3 with loader VariantLoader.INSTANCE, skipping
	at net.minecraftforge.client.model.ModelLoaderRegistry.getModel(ModelLoaderRegistry.java:161)
	at net.minecraftforge.client.model.ModelLoader.func_177569_a(ModelLoader.java:236)
	at net.minecraft.client.renderer.block.model.ModelBakery.loadBlock(ModelBakery.java:191)
	at net.minecraftforge.client.model.ModelLoader.func_188640_b(ModelLoader.java:224)
	at net.minecraftforge.client.model.ModelLoader.func_177570_a(ModelLoader.java:151)
	at net.minecraft.client.renderer.block.model.ModelManager.func_110549_a(ModelManager.java:29)
	at net.minecraft.client.resources.SimpleReloadableResourceManager.func_110542_a(SimpleReloadableResourceManager.java:126)
	at net.minecraft.client.Minecraft.func_71384_a(Minecraft.java:509)
	at net.minecraft.client.Minecraft.func_99999_d(Minecraft.java:374)
	at net.minecraft.client.main.Main.main(SourceFile:123)
	at top.outlands.foundation.LaunchHandler.launch(LaunchHandler.java:125)
	at top.outlands.foundation.boot.Foundation.main(Foundation.java:43)
	at org.prismlauncher.launcher.impl.StandardLauncher.launch(StandardLauncher.java:115)
	at org.prismlauncher.EntryPoint.listen(EntryPoint.java:129)
	at org.prismlauncher.EntryPoint.main(EntryPoint.java:70)
Caused by: net.minecraft.client.renderer.block.model.ModelBlockDefinition$MissingVariantException
	at net.minecraft.client.renderer.block.model.ModelBlockDefinition.func_188004_c(ModelBlockDefinition.java:88)
	at net.minecraftforge.client.model.ModelLoader$VariantLoader.loadModel(ModelLoader.java:1176)
	at net.minecraftforge.client.model.ModelLoaderRegistry.getModel(ModelLoaderRegistry.java:157)
	... 14 more
[09:25:48] [Client thread/ERROR] [FML]: Exception loading model for variant industrialrenewal:steam#level=2
net.minecraftforge.client.model.ModelLoaderRegistry$LoaderException: Exception loading model industrialrenewal:steam#level=2 with loader VariantLoader.INSTANCE, skipping
	at net.minecraftforge.client.model.ModelLoaderRegistry.getModel(ModelLoaderRegistry.java:161)
	at net.minecraftforge.client.model.ModelLoader.func_177569_a(ModelLoader.java:236)
	at net.minecraft.client.renderer.block.model.ModelBakery.loadBlock(ModelBakery.java:191)
	at net.minecraftforge.client.model.ModelLoader.func_188640_b(ModelLoader.java:224)
	at net.minecraftforge.client.model.ModelLoader.func_177570_a(ModelLoader.java:151)
	at net.minecraft.client.renderer.block.model.ModelManager.func_110549_a(ModelManager.java:29)
	at net.minecraft.client.resources.SimpleReloadableResourceManager.func_110542_a(SimpleReloadableResourceManager.java:126)
	at net.minecraft.client.Minecraft.func_71384_a(Minecraft.java:509)
	at net.minecraft.client.Minecraft.func_99999_d(Minecraft.java:374)
	at net.minecraft.client.main.Main.main(SourceFile:123)
	at top.outlands.foundation.LaunchHandler.launch(LaunchHandler.java:125)
	at top.outlands.foundation.boot.Foundation.main(Foundation.java:43)
	at org.prismlauncher.launcher.impl.StandardLauncher.launch(StandardLauncher.java:115)
	at org.prismlauncher.EntryPoint.listen(EntryPoint.java:129)
	at org.prismlauncher.EntryPoint.main(EntryPoint.java:70)
Caused by: net.minecraft.client.renderer.block.model.ModelBlockDefinition$MissingVariantException
	at net.minecraft.client.renderer.block.model.ModelBlockDefinition.func_188004_c(ModelBlockDefinition.java:88)
	at net.minecraftforge.client.model.ModelLoader$VariantLoader.loadModel(ModelLoader.java:1176)
	at net.minecraftforge.client.model.ModelLoaderRegistry.getModel(ModelLoaderRegistry.java:157)
	... 14 more
[09:25:48] [Client thread/ERROR] [FML]: Exception loading model for variant industrialrenewal:steam#level=5
net.minecraftforge.client.model.ModelLoaderRegistry$LoaderException: Exception loading model industrialrenewal:steam#level=5 with loader VariantLoader.INSTANCE, skipping
	at net.minecraftforge.client.model.ModelLoaderRegistry.getModel(ModelLoaderRegistry.java:161)
	at net.minecraftforge.client.model.ModelLoader.func_177569_a(ModelLoader.java:236)
	at net.minecraft.client.renderer.block.model.ModelBakery.loadBlock(ModelBakery.java:191)
	at net.minecraftforge.client.model.ModelLoader.func_188640_b(ModelLoader.java:224)
	at net.minecraftforge.client.model.ModelLoader.func_177570_a(ModelLoader.java:151)
	at net.minecraft.client.renderer.block.model.ModelManager.func_110549_a(ModelManager.java:29)
	at net.minecraft.client.resources.SimpleReloadableResourceManager.func_110542_a(SimpleReloadableResourceManager.java:126)
	at net.minecraft.client.Minecraft.func_71384_a(Minecraft.java:509)
	at net.minecraft.client.Minecraft.func_99999_d(Minecraft.java:374)
	at net.minecraft.client.main.Main.main(SourceFile:123)
	at top.outlands.foundation.LaunchHandler.launch(LaunchHandler.java:125)
	at top.outlands.foundation.boot.Foundation.main(Foundation.java:43)
	at org.prismlauncher.launcher.impl.StandardLauncher.launch(StandardLauncher.java:115)
	at org.prismlauncher.EntryPoint.listen(EntryPoint.java:129)
	at org.prismlauncher.EntryPoint.main(EntryPoint.java:70)
Caused by: net.minecraft.client.renderer.block.model.ModelBlockDefinition$MissingVariantException
	at net.minecraft.client.renderer.block.model.ModelBlockDefinition.func_188004_c(ModelBlockDefinition.java:88)
	at net.minecraftforge.client.model.ModelLoader$VariantLoader.loadModel(ModelLoader.java:1176)
	at net.minecraftforge.client.model.ModelLoaderRegistry.getModel(ModelLoaderRegistry.java:157)
	... 14 more
[09:25:48] [Client thread/ERROR] [FML]: Exception loading model for variant industrialrenewal:steam#level=4
net.minecraftforge.client.model.ModelLoaderRegistry$LoaderException: Exception loading model industrialrenewal:steam#level=4 with loader VariantLoader.INSTANCE, skipping
	at net.minecraftforge.client.model.ModelLoaderRegistry.getModel(ModelLoaderRegistry.java:161)
	at net.minecraftforge.client.model.ModelLoader.func_177569_a(ModelLoader.java:236)
	at net.minecraft.client.renderer.block.model.ModelBakery.loadBlock(ModelBakery.java:191)
	at net.minecraftforge.client.model.ModelLoader.func_188640_b(ModelLoader.java:224)
	at net.minecraftforge.client.model.ModelLoader.func_177570_a(ModelLoader.java:151)
	at net.minecraft.client.renderer.block.model.ModelManager.func_110549_a(ModelManager.java:29)
	at net.minecraft.client.resources.SimpleReloadableResourceManager.func_110542_a(SimpleReloadableResourceManager.java:126)
	at net.minecraft.client.Minecraft.func_71384_a(Minecraft.java:509)
	at net.minecraft.client.Minecraft.func_99999_d(Minecraft.java:374)
	at net.minecraft.client.main.Main.main(SourceFile:123)
	at top.outlands.foundation.LaunchHandler.launch(LaunchHandler.java:125)
	at top.outlands.foundation.boot.Foundation.main(Foundation.java:43)
	at org.prismlauncher.launcher.impl.StandardLauncher.launch(StandardLauncher.java:115)
	at org.prismlauncher.EntryPoint.listen(EntryPoint.java:129)
	at org.prismlauncher.EntryPoint.main(EntryPoint.java:70)
Caused by: net.minecraft.client.renderer.block.model.ModelBlockDefinition$MissingVariantException
	at net.minecraft.client.renderer.block.model.ModelBlockDefinition.func_188004_c(ModelBlockDefinition.java:88)
	at net.minecraftforge.client.model.ModelLoader$VariantLoader.loadModel(ModelLoader.java:1176)
	at net.minecraftforge.client.model.ModelLoaderRegistry.getModel(ModelLoaderRegistry.java:157)
	... 14 more
[09:25:48] [Client thread/ERROR] [FML]: Exception loading model for variant soviet:street_light_true#inventory, normal location exception: 
net.minecraftforge.client.model.ModelLoaderRegistry$LoaderException: Exception loading model soviet:item/street_light_true with loader VanillaLoader.INSTANCE, skipping
	at net.minecraftforge.client.model.ModelLoaderRegistry.getModel(ModelLoaderRegistry.java:161)
	at net.minecraftforge.client.model.ModelLoader.func_177590_d(ModelLoader.java:303)
	at net.minecraft.client.renderer.block.model.ModelBakery.func_177577_b(ModelBakery.java:217)
	at net.minecraftforge.client.model.ModelLoader.func_177570_a(ModelLoader.java:152)
	at net.minecraft.client.renderer.block.model.ModelManager.func_110549_a(ModelManager.java:29)
	at net.minecraft.client.resources.SimpleReloadableResourceManager.func_110542_a(SimpleReloadableResourceManager.java:126)
	at net.minecraft.client.Minecraft.func_71384_a(Minecraft.java:509)
	at net.minecraft.client.Minecraft.func_99999_d(Minecraft.java:374)
	at net.minecraft.client.main.Main.main(SourceFile:123)
	at top.outlands.foundation.LaunchHandler.launch(LaunchHandler.java:125)
	at top.outlands.foundation.boot.Foundation.main(Foundation.java:43)
	at org.prismlauncher.launcher.impl.StandardLauncher.launch(StandardLauncher.java:115)
	at org.prismlauncher.EntryPoint.listen(EntryPoint.java:129)
	at org.prismlauncher.EntryPoint.main(EntryPoint.java:70)
Caused by: java.io.FileNotFoundException: soviet:models/item/street_light_true.json
	at net.minecraft.client.resources.FallbackResourceManager.func_110536_a(FallbackResourceManager.java:73)
	at net.minecraft.client.resources.SimpleReloadableResourceManager.func_110536_a(SimpleReloadableResourceManager.java:67)
	at net.minecraft.client.renderer.block.model.ModelBakery.func_177594_c(ModelBakery.java:384)
	at net.minecraftforge.client.model.ModelLoader.access$700(ModelLoader.java:116)
	at net.minecraftforge.client.model.ModelLoader$VanillaLoader.loadModel(ModelLoader.java:862)
	at net.minecraftforge.client.model.ModelLoaderRegistry.getModel(ModelLoaderRegistry.java:157)
	... 13 more
[09:25:48] [Client thread/ERROR] [FML]: Exception loading model for variant soviet:street_light_true#inventory, blockstate location exception: 
net.minecraftforge.client.model.ModelLoaderRegistry$LoaderException: Exception loading model soviet:street_light_true#inventory with loader VariantLoader.INSTANCE, skipping
	at net.minecraftforge.client.model.ModelLoaderRegistry.getModel(ModelLoaderRegistry.java:161)
	at net.minecraftforge.client.model.ModelLoader.func_177590_d(ModelLoader.java:297)
	at net.minecraft.client.renderer.block.model.ModelBakery.func_177577_b(ModelBakery.java:217)
	at net.minecraftforge.client.model.ModelLoader.func_177570_a(ModelLoader.java:152)
	at net.minecraft.client.renderer.block.model.ModelManager.func_110549_a(ModelManager.java:29)
	at net.minecraft.client.resources.SimpleReloadableResourceManager.func_110542_a(SimpleReloadableResourceManager.java:126)
	at net.minecraft.client.Minecraft.func_71384_a(Minecraft.java:509)
	at net.minecraft.client.Minecraft.func_99999_d(Minecraft.java:374)
	at net.minecraft.client.main.Main.main(SourceFile:123)
	at top.outlands.foundation.LaunchHandler.launch(LaunchHandler.java:125)
	at top.outlands.foundation.boot.Foundation.main(Foundation.java:43)
	at org.prismlauncher.launcher.impl.StandardLauncher.launch(StandardLauncher.java:115)
	at org.prismlauncher.EntryPoint.listen(EntryPoint.java:129)
	at org.prismlauncher.EntryPoint.main(EntryPoint.java:70)
Caused by: net.minecraft.client.renderer.block.model.ModelBlockDefinition$MissingVariantException
	at net.minecraft.client.renderer.block.model.ModelBlockDefinition.func_188004_c(ModelBlockDefinition.java:88)
	at net.minecraftforge.client.model.ModelLoader$VariantLoader.loadModel(ModelLoader.java:1176)
	at net.minecraftforge.client.model.ModelLoaderRegistry.getModel(ModelLoaderRegistry.java:157)
	... 13 more
[09:25:48] [Client thread/ERROR] [FML]: Exception loading model for variant soviet:bio/bio_stil#axis=x,def=true,down=true,middle=true,up=false
net.minecraftforge.client.model.ModelLoaderRegistry$LoaderException: Exception loading model soviet:bio/bio_stil#axis=x,def=true,down=true,middle=true,up=false with loader VariantLoader.INSTANCE, skipping
	at net.minecraftforge.client.model.ModelLoaderRegistry.getModel(ModelLoaderRegistry.java:161)
	at net.minecraftforge.client.model.ModelLoader.func_177569_a(ModelLoader.java:236)
	at net.minecraft.client.renderer.block.model.ModelBakery.loadBlock(ModelBakery.java:191)
	at net.minecraftforge.client.model.ModelLoader.func_188640_b(ModelLoader.java:224)
	at net.minecraftforge.client.model.ModelLoader.func_177570_a(ModelLoader.java:151)
	at net.minecraft.client.renderer.block.model.ModelManager.func_110549_a(ModelManager.java:29)
	at net.minecraft.client.resources.SimpleReloadableResourceManager.func_110542_a(SimpleReloadableResourceManager.java:126)
	at net.minecraft.client.Minecraft.func_71384_a(Minecraft.java:509)
	at net.minecraft.client.Minecraft.func_99999_d(Minecraft.java:374)
	at net.minecraft.client.main.Main.main(SourceFile:123)
	at top.outlands.foundation.LaunchHandler.launch(LaunchHandler.java:125)
	at top.outlands.foundation.boot.Foundation.main(Foundation.java:43)
	at org.prismlauncher.launcher.impl.StandardLauncher.launch(StandardLauncher.java:115)
	at org.prismlauncher.EntryPoint.listen(EntryPoint.java:129)
	at org.prismlauncher.EntryPoint.main(EntryPoint.java:70)
Caused by: net.minecraft.client.renderer.block.model.ModelBlockDefinition$MissingVariantException
	at net.minecraft.client.renderer.block.model.ModelBlockDefinition.func_188004_c(ModelBlockDefinition.java:88)
	at net.minecraftforge.client.model.ModelLoader$VariantLoader.loadModel(ModelLoader.java:1176)
	at net.minecraftforge.client.model.ModelLoaderRegistry.getModel(ModelLoaderRegistry.java:157)
	... 14 more
[09:25:48] [Client thread/ERROR] [FML]: Exception loading model for variant soviet:modern_window_leaf#broken=true,down=true,facing=west
net.minecraftforge.client.model.ModelLoaderRegistry$LoaderException: Exception loading model soviet:modern_window_leaf#broken=true,down=true,facing=west with loader VariantLoader.INSTANCE, skipping
	at net.minecraftforge.client.model.ModelLoaderRegistry.getModel(ModelLoaderRegistry.java:161)
	at net.minecraftforge.client.model.ModelLoader.func_177569_a(ModelLoader.java:236)
	at net.minecraft.client.renderer.block.model.ModelBakery.loadBlock(ModelBakery.java:191)
	at net.minecraftforge.client.model.ModelLoader.func_188640_b(ModelLoader.java:224)
	at net.minecraftforge.client.model.ModelLoader.func_177570_a(ModelLoader.java:151)
	at net.minecraft.client.renderer.block.model.ModelManager.func_110549_a(ModelManager.java:29)
	at net.minecraft.client.resources.SimpleReloadableResourceManager.func_110542_a(SimpleReloadableResourceManager.java:126)
	at net.minecraft.client.Minecraft.func_71384_a(Minecraft.java:509)
	at net.minecraft.client.Minecraft.func_99999_d(Minecraft.java:374)
	at net.minecraft.client.main.Main.main(SourceFile:123)
	at top.outlands.foundation.LaunchHandler.launch(LaunchHandler.java:125)
	at top.outlands.foundation.boot.Foundation.main(Foundation.java:43)
	at org.prismlauncher.launcher.impl.StandardLauncher.launch(StandardLauncher.java:115)
	at org.prismlauncher.EntryPoint.listen(EntryPoint.java:129)
	at org.prismlauncher.EntryPoint.main(EntryPoint.java:70)
Caused by: net.minecraftforge.client.model.ModelLoaderRegistry$LoaderException: Exception loading model soviet:block/modern_window_leaf_up_brok with loader VanillaLoader.INSTANCE, skipping
	at net.minecraftforge.client.model.ModelLoaderRegistry.getModel(ModelLoaderRegistry.java:161)
	at net.minecraftforge.client.model.ModelLoader$WeightedRandomModel.<init>(ModelLoader.java:659)
	at net.minecraftforge.client.model.ModelLoader$VariantLoader.loadModel(ModelLoader.java:1177)
	at net.minecraftforge.client.model.ModelLoaderRegistry.getModel(ModelLoaderRegistry.java:157)
	... 14 more
Caused by: java.io.FileNotFoundException: soviet:models/block/modern_window_leaf_up_brok.json
	at net.minecraft.client.resources.FallbackResourceManager.func_110536_a(FallbackResourceManager.java:73)
	at net.minecraft.client.resources.SimpleReloadableResourceManager.func_110536_a(SimpleReloadableResourceManager.java:67)
	at net.minecraft.client.renderer.block.model.ModelBakery.func_177594_c(ModelBakery.java:384)
	at net.minecraftforge.client.model.ModelLoader.access$700(ModelLoader.java:116)
	at net.minecraftforge.client.model.ModelLoader$VanillaLoader.loadModel(ModelLoader.java:862)
	at net.minecraftforge.client.model.ModelLoaderRegistry.getModel(ModelLoaderRegistry.java:157)
	... 17 more
[09:25:48] [Client thread/ERROR] [FML]: Exception loading model for variant itemoverflow:pull_station#facing=down_z,powered=false
net.minecraftforge.client.model.ModelLoaderRegistry$LoaderException: Exception loading model itemoverflow:pull_station#facing=down_z,powered=false with loader VariantLoader.INSTANCE, skipping
	at net.minecraftforge.client.model.ModelLoaderRegistry.getModel(ModelLoaderRegistry.java:161)
	at net.minecraftforge.client.model.ModelLoader.func_177569_a(ModelLoader.java:236)
	at net.minecraft.client.renderer.block.model.ModelBakery.loadBlock(ModelBakery.java:191)
	at net.minecraftforge.client.model.ModelLoader.func_188640_b(ModelLoader.java:224)
	at net.minecraftforge.client.model.ModelLoader.func_177570_a(ModelLoader.java:151)
	at net.minecraft.client.renderer.block.model.ModelManager.func_110549_a(ModelManager.java:29)
	at net.minecraft.client.resources.SimpleReloadableResourceManager.func_110542_a(SimpleReloadableResourceManager.java:126)
	at net.minecraft.client.Minecraft.func_71384_a(Minecraft.java:509)
	at net.minecraft.client.Minecraft.func_99999_d(Minecraft.java:374)
	at net.minecraft.client.main.Main.main(SourceFile:123)
	at top.outlands.foundation.LaunchHandler.launch(LaunchHandler.java:125)
	at top.outlands.foundation.boot.Foundation.main(Foundation.java:43)
	at org.prismlauncher.launcher.impl.StandardLauncher.launch(StandardLauncher.java:115)
	at org.prismlauncher.EntryPoint.listen(EntryPoint.java:129)
	at org.prismlauncher.EntryPoint.main(EntryPoint.java:70)
Caused by: net.minecraft.client.renderer.block.model.ModelBlockDefinition$MissingVariantException
	at net.minecraft.client.renderer.block.model.ModelBlockDefinition.func_188004_c(ModelBlockDefinition.java:88)
	at net.minecraftforge.client.model.ModelLoader$VariantLoader.loadModel(ModelLoader.java:1176)
	at net.minecraftforge.client.model.ModelLoaderRegistry.getModel(ModelLoaderRegistry.java:157)
	... 14 more
[09:25:48] [Client thread/ERROR] [FML]: Exception loading model for variant itemoverflow:pull_station#facing=up_z,powered=false
net.minecraftforge.client.model.ModelLoaderRegistry$LoaderException: Exception loading model itemoverflow:pull_station#facing=up_z,powered=false with loader VariantLoader.INSTANCE, skipping
	at net.minecraftforge.client.model.ModelLoaderRegistry.getModel(ModelLoaderRegistry.java:161)
	at net.minecraftforge.client.model.ModelLoader.func_177569_a(ModelLoader.java:236)
	at net.minecraft.client.renderer.block.model.ModelBakery.loadBlock(ModelBakery.java:191)
	at net.minecraftforge.client.model.ModelLoader.func_188640_b(ModelLoader.java:224)
	at net.minecraftforge.client.model.ModelLoader.func_177570_a(ModelLoader.java:151)
	at net.minecraft.client.renderer.block.model.ModelManager.func_110549_a(ModelManager.java:29)
	at net.minecraft.client.resources.SimpleReloadableResourceManager.func_110542_a(SimpleReloadableResourceManager.java:126)
	at net.minecraft.client.Minecraft.func_71384_a(Minecraft.java:509)
	at net.minecraft.client.Minecraft.func_99999_d(Minecraft.java:374)
	at net.minecraft.client.main.Main.main(SourceFile:123)
	at top.outlands.foundation.LaunchHandler.launch(LaunchHandler.java:125)
	at top.outlands.foundation.boot.Foundation.main(Foundation.java:43)
	at org.prismlauncher.launcher.impl.StandardLauncher.launch(StandardLauncher.java:115)
	at org.prismlauncher.EntryPoint.listen(EntryPoint.java:129)
	at org.prismlauncher.EntryPoint.main(EntryPoint.java:70)
Caused by: net.minecraft.client.renderer.block.model.ModelBlockDefinition$MissingVariantException
	at net.minecraft.client.renderer.block.model.ModelBlockDefinition.func_188004_c(ModelBlockDefinition.java:88)
	at net.minecraftforge.client.model.ModelLoader$VariantLoader.loadModel(ModelLoader.java:1176)
	at net.minecraftforge.client.model.ModelLoaderRegistry.getModel(ModelLoaderRegistry.java:157)
	... 14 more
[09:25:48] [Client thread/ERROR] [FML]: Exception loading model for variant itemoverflow:pull_station#facing=up_x,powered=false
net.minecraftforge.client.model.ModelLoaderRegistry$LoaderException: Exception loading model itemoverflow:pull_station#facing=up_x,powered=false with loader VariantLoader.INSTANCE, skipping
	at net.minecraftforge.client.model.ModelLoaderRegistry.getModel(ModelLoaderRegistry.java:161)
	at net.minecraftforge.client.model.ModelLoader.func_177569_a(ModelLoader.java:236)
	at net.minecraft.client.renderer.block.model.ModelBakery.loadBlock(ModelBakery.java:191)
	at net.minecraftforge.client.model.ModelLoader.func_188640_b(ModelLoader.java:224)
	at net.minecraftforge.client.model.ModelLoader.func_177570_a(ModelLoader.java:151)
	at net.minecraft.client.renderer.block.model.ModelManager.func_110549_a(ModelManager.java:29)
	at net.minecraft.client.resources.SimpleReloadableResourceManager.func_110542_a(SimpleReloadableResourceManager.java:126)
	at net.minecraft.client.Minecraft.func_71384_a(Minecraft.java:509)
	at net.minecraft.client.Minecraft.func_99999_d(Minecraft.java:374)
	at net.minecraft.client.main.Main.main(SourceFile:123)
	at top.outlands.foundation.LaunchHandler.launch(LaunchHandler.java:125)
	at top.outlands.foundation.boot.Foundation.main(Foundation.java:43)
	at org.prismlauncher.launcher.impl.StandardLauncher.launch(StandardLauncher.java:115)
	at org.prismlauncher.EntryPoint.listen(EntryPoint.java:129)
	at org.prismlauncher.EntryPoint.main(EntryPoint.java:70)
Caused by: net.minecraft.client.renderer.block.model.ModelBlockDefinition$MissingVariantException
	at net.minecraft.client.renderer.block.model.ModelBlockDefinition.func_188004_c(ModelBlockDefinition.java:88)
	at net.minecraftforge.client.model.ModelLoader$VariantLoader.loadModel(ModelLoader.java:1176)
	at net.minecraftforge.client.model.ModelLoaderRegistry.getModel(ModelLoaderRegistry.java:157)
	... 14 more
[09:25:48] [Client thread/ERROR] [FML]: Exception loading model for variant itemoverflow:pull_station#facing=down_x,powered=true
net.minecraftforge.client.model.ModelLoaderRegistry$LoaderException: Exception loading model itemoverflow:pull_station#facing=down_x,powered=true with loader VariantLoader.INSTANCE, skipping
	at net.minecraftforge.client.model.ModelLoaderRegistry.getModel(ModelLoaderRegistry.java:161)
	at net.minecraftforge.client.model.ModelLoader.func_177569_a(ModelLoader.java:236)
	at net.minecraft.client.renderer.block.model.ModelBakery.loadBlock(ModelBakery.java:191)
	at net.minecraftforge.client.model.ModelLoader.func_188640_b(ModelLoader.java:224)
	at net.minecraftforge.client.model.ModelLoader.func_177570_a(ModelLoader.java:151)
	at net.minecraft.client.renderer.block.model.ModelManager.func_110549_a(ModelManager.java:29)
	at net.minecraft.client.resources.SimpleReloadableResourceManager.func_110542_a(SimpleReloadableResourceManager.java:126)
	at net.minecraft.client.Minecraft.func_71384_a(Minecraft.java:509)
	at net.minecraft.client.Minecraft.func_99999_d(Minecraft.java:374)
	at net.minecraft.client.main.Main.main(SourceFile:123)
	at top.outlands.foundation.LaunchHandler.launch(LaunchHandler.java:125)
	at top.outlands.foundation.boot.Foundation.main(Foundation.java:43)
	at org.prismlauncher.launcher.impl.StandardLauncher.launch(StandardLauncher.java:115)
	at org.prismlauncher.EntryPoint.listen(EntryPoint.java:129)
	at org.prismlauncher.EntryPoint.main(EntryPoint.java:70)
Caused by: net.minecraft.client.renderer.block.model.ModelBlockDefinition$MissingVariantException
	at net.minecraft.client.renderer.block.model.ModelBlockDefinition.func_188004_c(ModelBlockDefinition.java:88)
	at net.minecraftforge.client.model.ModelLoader$VariantLoader.loadModel(ModelLoader.java:1176)
	at net.minecraftforge.client.model.ModelLoaderRegistry.getModel(ModelLoaderRegistry.java:157)
	... 14 more
[09:25:48] [Client thread/FATAL] [FML]: Suppressed additional 11 model loading errors for domain industrialrenewal
[09:25:48] [Client thread/FATAL] [FML]: Suppressed additional 3 model loading errors for domain itemoverflow
[09:25:48] [Client thread/FATAL] [FML]: Suppressed additional 84 model loading errors for domain soviet
[09:25:48] [Client thread/INFO] [rsgauges]: Registered 34 block color handlers.
[09:25:49] [Client thread/INFO] [industrialrenewal]: Loaded Steel Rod Lathe Recipe
[09:25:49] [Client thread/INFO] [industrialrenewal]: Loaded Iron Rod Lathe Recipe
[09:25:49] [Client thread/ERROR] [FML]: Parsing error loading recipe mtsofficialpack:don_icon
com.google.gson.JsonSyntaxException: Missing item, expected to find a string
	at net.minecraft.util.JsonUtils.func_151200_h(SourceFile:107)
	at net.minecraftforge.common.crafting.CraftingHelper.getIngredient(CraftingHelper.java:192)
	at net.minecraftforge.common.crafting.CraftingHelper.lambda$init$12(CraftingHelper.java:483)
	at net.minecraftforge.common.crafting.CraftingHelper.getRecipe(CraftingHelper.java:418)
	at net.minecraftforge.common.crafting.CraftingHelper.lambda$loadRecipes$2(CraftingHelper.java:726)
	at net.minecraftforge.common.crafting.CraftingHelper.findFiles(CraftingHelper.java:836)
	at net.minecraftforge.common.crafting.CraftingHelper.loadRecipes(CraftingHelper.java:691)
	at java.base/java.util.ArrayList.forEach(ArrayList.java:1612)
	at net.minecraftforge.common.crafting.CraftingHelper.loadRecipes(CraftingHelper.java:636)
	at net.minecraftforge.fml.common.Loader.initializeMods(Loader.java:703)
	at net.minecraftforge.fml.client.FMLClientHandler.finishMinecraftLoading(FMLClientHandler.java:361)
	at net.minecraft.client.Minecraft.func_71384_a(Minecraft.java:531)
	at net.minecraft.client.Minecraft.func_99999_d(Minecraft.java:374)
	at net.minecraft.client.main.Main.main(SourceFile:123)
	at top.outlands.foundation.LaunchHandler.launch(LaunchHandler.java:125)
	at top.outlands.foundation.boot.Foundation.main(Foundation.java:43)
	at org.prismlauncher.launcher.impl.StandardLauncher.launch(StandardLauncher.java:115)
	at org.prismlauncher.EntryPoint.listen(EntryPoint.java:129)
	at org.prismlauncher.EntryPoint.main(EntryPoint.java:70)
[09:25:49] [Client thread/INFO] [FML]: Ignored smelting recipe with conflicting input: 1xitem.immersiveengineering.metal@10 = 1xitem.rockhounding_chemistry:metal_items@3
[09:25:49] [Client thread/INFO] [FML]: Ignored smelting recipe with conflicting input: 1xitem.immersiveengineering.metal@11 = 1xitem.rockhounding_chemistry:metal_items@5
[09:25:49] [Client thread/INFO] [FML]: Ignored smelting recipe with conflicting input: 1xitem.immersiveengineering.metal@9 = 1xitem.rockhounding_chemistry:metal_items@11
[09:25:49] [Client thread/INFO] [FML]: Ignored smelting recipe with conflicting input: 1xitem.immersiveengineering.metal@13 = 1xitem.rockhounding_chemistry:metal_items@13
[09:25:49] [Client thread/INFO] [STDOUT]: [com.hbm.main.ModEventHandler:craftingRegister:1499]: Memory usage before: 7174971272
[09:25:49] [Client thread/INFO] [STDOUT]: [com.hbm.main.ModEventHandler:craftingRegister:1509]: Memory usage after: 7221108616
[09:25:49] [Client thread/INFO] [industrialrenewal]: §aIndustrial Renewal Registered 2 Recipes for Lathe Machine via json
[09:25:49] [Client thread/INFO] [FML]: Setting Object Holders with value...
[09:25:49] [Client thread/INFO] [FML]: Object Holders set.
[09:25:49] [Client thread/WARN] [FML]: Potentially Dangerous alternative prefix `minecraft` for name `cfmoven`, expected `cfm`. This could be a intended override, but in most cases indicates a broken mod.
[09:25:49] [Client thread/WARN] [FML]: Potentially Dangerous alternative prefix `minecraft` for name `cfmfridge`, expected `cfm`. This could be a intended override, but in most cases indicates a broken mod.
[09:25:49] [Client thread/WARN] [FML]: Potentially Dangerous alternative prefix `minecraft` for name `cfmcabinet`, expected `cfm`. This could be a intended override, but in most cases indicates a broken mod.
[09:25:49] [Client thread/WARN] [FML]: Potentially Dangerous alternative prefix `minecraft` for name `cfmfreezer`, expected `cfm`. This could be a intended override, but in most cases indicates a broken mod.
[09:25:49] [Client thread/WARN] [FML]: Potentially Dangerous alternative prefix `minecraft` for name `cfmbedsidecabinet`, expected `cfm`. This could be a intended override, but in most cases indicates a broken mod.
[09:25:49] [Client thread/WARN] [FML]: Potentially Dangerous alternative prefix `minecraft` for name `cfmmailbox`, expected `cfm`. This could be a intended override, but in most cases indicates a broken mod.
[09:25:49] [Client thread/WARN] [FML]: Potentially Dangerous alternative prefix `minecraft` for name `cfmcomputer`, expected `cfm`. This could be a intended override, but in most cases indicates a broken mod.
[09:25:49] [Client thread/WARN] [FML]: Potentially Dangerous alternative prefix `minecraft` for name `cfmprinter`, expected `cfm`. This could be a intended override, but in most cases indicates a broken mod.
[09:25:49] [Client thread/WARN] [FML]: Potentially Dangerous alternative prefix `minecraft` for name `cfmstereo`, expected `cfm`. This could be a intended override, but in most cases indicates a broken mod.
[09:25:49] [Client thread/WARN] [FML]: Potentially Dangerous alternative prefix `minecraft` for name `cfmpresent`, expected `cfm`. This could be a intended override, but in most cases indicates a broken mod.
[09:25:49] [Client thread/WARN] [FML]: Potentially Dangerous alternative prefix `minecraft` for name `cfmbin`, expected `cfm`. This could be a intended override, but in most cases indicates a broken mod.
[09:25:49] [Client thread/WARN] [FML]: Potentially Dangerous alternative prefix `minecraft` for name `cfmwallcabinet`, expected `cfm`. This could be a intended override, but in most cases indicates a broken mod.
[09:25:49] [Client thread/WARN] [FML]: Potentially Dangerous alternative prefix `minecraft` for name `cfmbath`, expected `cfm`. This could be a intended override, but in most cases indicates a broken mod.
[09:25:49] [Client thread/WARN] [FML]: Potentially Dangerous alternative prefix `minecraft` for name `cfmshowerhead`, expected `cfm`. This could be a intended override, but in most cases indicates a broken mod.
[09:25:49] [Client thread/WARN] [FML]: Potentially Dangerous alternative prefix `minecraft` for name `cfmplate`, expected `cfm`. This could be a intended override, but in most cases indicates a broken mod.
[09:25:49] [Client thread/WARN] [FML]: Potentially Dangerous alternative prefix `minecraft` for name `cfmcouch`, expected `cfm`. This could be a intended override, but in most cases indicates a broken mod.
[09:25:49] [Client thread/WARN] [FML]: Potentially Dangerous alternative prefix `minecraft` for name `cfmtoaster`, expected `cfm`. This could be a intended override, but in most cases indicates a broken mod.
[09:25:49] [Client thread/WARN] [FML]: Potentially Dangerous alternative prefix `minecraft` for name `cfmchoppingboard`, expected `cfm`. This could be a intended override, but in most cases indicates a broken mod.
[09:25:49] [Client thread/WARN] [FML]: Potentially Dangerous alternative prefix `minecraft` for name `cfmblender`, expected `cfm`. This could be a intended override, but in most cases indicates a broken mod.
[09:25:49] [Client thread/WARN] [FML]: Potentially Dangerous alternative prefix `minecraft` for name `cfmmicrowave`, expected `cfm`. This could be a intended override, but in most cases indicates a broken mod.
[09:25:49] [Client thread/WARN] [FML]: Potentially Dangerous alternative prefix `minecraft` for name `cfmwashingmachine`, expected `cfm`. This could be a intended override, but in most cases indicates a broken mod.
[09:25:49] [Client thread/WARN] [FML]: Potentially Dangerous alternative prefix `minecraft` for name `cfmdishwasher`, expected `cfm`. This could be a intended override, but in most cases indicates a broken mod.
[09:25:49] [Client thread/WARN] [FML]: Potentially Dangerous alternative prefix `minecraft` for name `cfmcabinetkitchen`, expected `cfm`. This could be a intended override, but in most cases indicates a broken mod.
[09:25:49] [Client thread/WARN] [FML]: Potentially Dangerous alternative prefix `minecraft` for name `cfmcup`, expected `cfm`. This could be a intended override, but in most cases indicates a broken mod.
[09:25:49] [Client thread/WARN] [FML]: Potentially Dangerous alternative prefix `minecraft` for name `cfmcookiejar`, expected `cfm`. This could be a intended override, but in most cases indicates a broken mod.
[09:25:49] [Client thread/WARN] [FML]: Potentially Dangerous alternative prefix `minecraft` for name `cfmtree`, expected `cfm`. This could be a intended override, but in most cases indicates a broken mod.
[09:25:49] [Client thread/WARN] [FML]: Potentially Dangerous alternative prefix `minecraft` for name `cfmmirror`, expected `cfm`. This could be a intended override, but in most cases indicates a broken mod.
[09:25:49] [Client thread/WARN] [FML]: Potentially Dangerous alternative prefix `minecraft` for name `cfmgrill`, expected `cfm`. This could be a intended override, but in most cases indicates a broken mod.
[09:25:49] [Client thread/WARN] [FML]: Potentially Dangerous alternative prefix `minecraft` for name `cfmeski`, expected `cfm`. This could be a intended override, but in most cases indicates a broken mod.
[09:25:49] [Client thread/WARN] [FML]: Potentially Dangerous alternative prefix `minecraft` for name `cfmdoormat`, expected `cfm`. This could be a intended override, but in most cases indicates a broken mod.
[09:25:49] [Client thread/WARN] [FML]: Potentially Dangerous alternative prefix `minecraft` for name `cfmcrate`, expected `cfm`. This could be a intended override, but in most cases indicates a broken mod.
[09:25:49] [Client thread/WARN] [FML]: Potentially Dangerous alternative prefix `minecraft` for name `cfmlightswitch`, expected `cfm`. This could be a intended override, but in most cases indicates a broken mod.
[09:25:49] [Client thread/WARN] [FML]: Potentially Dangerous alternative prefix `minecraft` for name `cfmceilingfan`, expected `cfm`. This could be a intended override, but in most cases indicates a broken mod.
[09:25:49] [Client thread/WARN] [FML]: Potentially Dangerous alternative prefix `minecraft` for name `cfmdeskcabinet`, expected `cfm`. This could be a intended override, but in most cases indicates a broken mod.
[09:25:49] [Client thread/WARN] [FML]: Potentially Dangerous alternative prefix `minecraft` for name `cfmmodernslidingdoor`, expected `cfm`. This could be a intended override, but in most cases indicates a broken mod.
[09:25:49] [Client thread/WARN] [FML]: Potentially Dangerous alternative prefix `minecraft` for name `cfmdigitalclock`, expected `cfm`. This could be a intended override, but in most cases indicates a broken mod.
[09:25:49] [Client thread/WARN] [FML]: Potentially Dangerous alternative prefix `minecraft` for name `cfmtv`, expected `cfm`. This could be a intended override, but in most cases indicates a broken mod.
[09:25:49] [Client thread/WARN] [FML]: Potentially Dangerous alternative prefix `minecraft` for name `cfmkitchencounter`, expected `cfm`. This could be a intended override, but in most cases indicates a broken mod.
[09:25:49] [Client thread/WARN] [FML]: Potentially Dangerous alternative prefix `minecraft` for name `cfmkitchencounterdrawer`, expected `cfm`. This could be a intended override, but in most cases indicates a broken mod.
[09:25:49] [Client thread/INFO] [DistantHorizons-DistantHorizons-com.seibel.distanthorizons.common.AbstractModInitializer]: Initializing Distant Horizons client, firing DhApiBeforeDhInitEvent...
[09:25:49] [Client thread/INFO] [DistantHorizons-DistantHorizons-com.seibel.distanthorizons.core.Initializer]: Running library validation...
[09:25:49] [Client thread/INFO] [DistantHorizons-DistantHorizons-com.seibel.distanthorizons.common.AbstractModInitializer]: Distant Horizons, Version: 3.2.0-b
[09:25:49] [Client thread/INFO] [DistantHorizons-DistantHorizons-com.seibel.distanthorizons.core.config.ConfigHandler]: Initialising config for [DistantHorizons]
[09:25:49] [Client thread/INFO] [DistantHorizons-DistantHorizons-com.seibel.distanthorizons.core.config.ConfigHandler]: [DistantHorizons] Config initialised
[09:25:49] [Client thread/INFO] [DistantHorizons-DistantHorizons-com.seibel.distanthorizons.core.config.eventHandlers.IgnoredDimensionCsvHandler]: Dimension ignoring disabled, DH will render all dimensions.
[09:25:49] [Client thread/INFO] [com.seibel.distanthorizons.core.logging.DhLogger]: Applying config to loggers
[09:25:49] [Client thread/INFO] [DistantHorizons-DistantHorizons-com.seibel.distanthorizons.core.Initializer]: Garbage collectors: [G1 Young Generation, G1 Concurrent GC, G1 Old Generation]
[09:25:49] [Client thread/WARN] [DistantHorizons-DistantHorizons-com.seibel.distanthorizons.core.Initializer]: Distant Horizons: G1 Garbage collector detected.
This can cause FPS stuttering. 
It's recommended to use a concurrent garbage collector 
like ZGC (Java 21+) or Shenandoah (Java 8 through 17) 
for a smoother experience. 
This warning can be disabled in the DH config.
[09:25:49] [Client thread/INFO] [DistantHorizons-DistantHorizons-com.seibel.distanthorizons.core.Initializer]: Explicit Garbage Collection: [Enabled]
[09:25:49] [Client thread/INFO] [DistantHorizons-DistantHorizons-com.seibel.distanthorizons.common.AbstractModInitializer]: Distant Horizons client Initialized.
[09:25:49] [Client thread/INFO] [DistantHorizons-DistantHorizons-com.seibel.distanthorizons.common.AbstractModInitializer]: Running Delayed setup...
[09:25:49] [Client thread/INFO] [DistantHorizons-DistantHorizons-com.seibel.distanthorizons.common.AbstractModInitializer]: Delayed setup complete, firing DhApiAfterDhInitEvent event...
[09:25:49] [DH-PostClientInit Thread/INFO] [DistantHorizons-DistantHorizons-com.seibel.distanthorizons.common.wrappers.DependencySetup]: Setting DH Rendering API to: [OPEN_GL]...
[09:25:49] [DH-PostClientInit Thread/INFO] [DistantHorizons-DistantHorizons-com.seibel.distanthorizons.common.wrappers.DependencySetup]: DH Rendering successfully bound to: [OpenGL]...
[09:25:49] [Client thread/INFO] [jei]: Created: 256x128 textures-atlas
[09:25:49] [Thread-9/INFO] [immersiveengineering]: Arc Recycling: Removed 0 old recipes
[09:25:49] [Immersive Engineering Registry Iteration Thread/WARN] [immersiveengineering]: Recipe has invalid inputs and will be ignored: net.minecraftforge.oredict.ShapedOreRecipe@1bf7e31f (hbm:weapon_pipe_lead)
[09:25:49] [Immersive Engineering Registry Iteration Thread/WARN] [immersiveengineering]: Recipe has invalid inputs and will be ignored: net.minecraftforge.oredict.ShapedOreRecipe@328b306b (hbm:paa_plate)
[09:25:49] [Immersive Engineering Registry Iteration Thread/WARN] [immersiveengineering]: Recipe has invalid inputs and will be ignored: net.minecraftforge.oredict.ShapedOreRecipe@1021bbde (hbm:paa_legs)
[09:25:49] [Immersive Engineering Registry Iteration Thread/WARN] [immersiveengineering]: Recipe has invalid inputs and will be ignored: net.minecraftforge.oredict.ShapedOreRecipe@7da0b77c (hbm:paa_boots)
[09:25:49] [Immersive Engineering Registry Iteration Thread/WARN] [immersiveengineering]: Recipe has invalid inputs and will be ignored: net.minecraftforge.oredict.ShapedOreRecipe@1b11838b (hbm:liquidator_helmet)
[09:25:49] [Immersive Engineering Registry Iteration Thread/WARN] [immersiveengineering]: Recipe has invalid inputs and will be ignored: net.minecraftforge.oredict.ShapedOreRecipe@799ec059 (hbm:liquidator_plate)
[09:25:49] [Immersive Engineering Registry Iteration Thread/WARN] [immersiveengineering]: Recipe has invalid inputs and will be ignored: net.minecraftforge.oredict.ShapedOreRecipe@16cf4d94 (hbm:liquidator_legs)
[09:25:49] [Immersive Engineering Registry Iteration Thread/WARN] [immersiveengineering]: Recipe has invalid inputs and will be ignored: net.minecraftforge.oredict.ShapedOreRecipe@5de1757 (hbm:liquidator_boots)
[09:25:49] [Immersive Engineering Registry Iteration Thread/WARN] [immersiveengineering]: Recipe has invalid inputs and will be ignored: net.minecraftforge.oredict.ShapedOreRecipe@784a8d12 (hbm:memespoon)
[09:25:49] [Immersive Engineering Registry Iteration Thread/WARN] [immersiveengineering]: Recipe has invalid inputs and will be ignored: net.minecraftforge.oredict.ShapedOreRecipe@799036f7 (hbm:gas_mask_m65)
[09:25:49] [Immersive Engineering Registry Iteration Thread/WARN] [immersiveengineering]: Recipe has invalid inputs and will be ignored: net.minecraftforge.oredict.ShapedOreRecipe@578e6b83 (hbm:starmetal_sword)
[09:25:49] [Immersive Engineering Registry Iteration Thread/WARN] [immersiveengineering]: Recipe has invalid inputs and will be ignored: net.minecraftforge.oredict.ShapedOreRecipe@566b86f9 (hbm:starmetal_pickaxe)
[09:25:49] [Immersive Engineering Registry Iteration Thread/WARN] [immersiveengineering]: Recipe has invalid inputs and will be ignored: net.minecraftforge.oredict.ShapedOreRecipe@7507579f (hbm:starmetal_axe)
[09:25:49] [Immersive Engineering Registry Iteration Thread/WARN] [immersiveengineering]: Recipe has invalid inputs and will be ignored: net.minecraftforge.oredict.ShapedOreRecipe@36a396de (hbm:starmetal_shovel)
[09:25:49] [Immersive Engineering Registry Iteration Thread/WARN] [immersiveengineering]: Recipe has invalid inputs and will be ignored: net.minecraftforge.oredict.ShapedOreRecipe@51e70769 (hbm:starmetal_hoe)
[09:25:49] [Immersive Engineering Registry Iteration Thread/WARN] [immersiveengineering]: Recipe has invalid inputs and will be ignored: net.minecraftforge.oredict.ShapedOreRecipe@3f6cbf8d (hbm:schrabidium_sword)
[09:25:49] [Immersive Engineering Registry Iteration Thread/WARN] [immersiveengineering]: Recipe has invalid inputs and will be ignored: net.minecraftforge.oredict.ShapedOreRecipe@ca4b847 (hbm:schrabidium_pickaxe)
[09:25:49] [Immersive Engineering Registry Iteration Thread/WARN] [immersiveengineering]: Recipe has invalid inputs and will be ignored: net.minecraftforge.oredict.ShapedOreRecipe@25bbd8b2 (hbm:schrabidium_axe)
[09:25:49] [Immersive Engineering Registry Iteration Thread/WARN] [immersiveengineering]: Recipe has invalid inputs and will be ignored: net.minecraftforge.oredict.ShapedOreRecipe@6a1c71a (hbm:schrabidium_shovel)
[09:25:49] [Immersive Engineering Registry Iteration Thread/WARN] [immersiveengineering]: Recipe has invalid inputs and will be ignored: net.minecraftforge.oredict.ShapedOreRecipe@e1ef923 (hbm:schrabidium_hoe)
[09:25:49] [Immersive Engineering Registry Iteration Thread/WARN] [immersiveengineering]: Recipe has invalid inputs and will be ignored: net.minecraftforge.oredict.ShapedOreRecipe@ef3f9bc (hbm:gas_mask_mono)
[09:25:49] [Immersive Engineering Registry Iteration Thread/WARN] [immersiveengineering]: Recipe has invalid inputs and will be ignored: net.minecraftforge.oredict.ShapedOreRecipe@46556f1c (hbm:ashglasses)
[09:25:49] [Immersive Engineering Registry Iteration Thread/WARN] [immersiveengineering]: Recipe has invalid inputs and will be ignored: net.minecraftforge.oredict.ShapedOreRecipe@13ce49ad (hbm:cmb_helmet)
[09:25:49] [Immersive Engineering Registry Iteration Thread/WARN] [immersiveengineering]: Recipe has invalid inputs and will be ignored: net.minecraftforge.oredict.ShapedOreRecipe@4267d519 (hbm:cape_schrabidium)
[09:25:49] [Immersive Engineering Registry Iteration Thread/WARN] [immersiveengineering]: Recipe has invalid inputs and will be ignored: net.minecraftforge.oredict.ShapedOreRecipe@328186d7 (hbm:starmetal_helmet)
[09:25:49] [Immersive Engineering Registry Iteration Thread/WARN] [immersiveengineering]: Recipe has invalid inputs and will be ignored: net.minecraftforge.oredict.ShapedOreRecipe@2441ef6d (hbm:cmb_plate)
[09:25:49] [Immersive Engineering Registry Iteration Thread/WARN] [immersiveengineering]: Recipe has invalid inputs and will be ignored: net.minecraftforge.oredict.ShapedOreRecipe@40c6d611 (hbm:starmetal_plate)
[09:25:49] [Immersive Engineering Registry Iteration Thread/WARN] [immersiveengineering]: Recipe has invalid inputs and will be ignored: net.minecraftforge.oredict.ShapedOreRecipe@7720d3ec (hbm:starmetal_legs)
[09:25:49] [Immersive Engineering Registry Iteration Thread/WARN] [immersiveengineering]: Recipe has invalid inputs and will be ignored: net.minecraftforge.oredict.ShapedOreRecipe@5773350f (hbm:jackt)
[09:25:49] [Immersive Engineering Registry Iteration Thread/WARN] [immersiveengineering]: Recipe has invalid inputs and will be ignored: net.minecraftforge.oredict.ShapedOreRecipe@4fd812f7 (hbm:cmb_legs)
[09:25:49] [Immersive Engineering Registry Iteration Thread/WARN] [immersiveengineering]: Recipe has invalid inputs and will be ignored: net.minecraftforge.oredict.ShapedOreRecipe@a49743a (hbm:starmetal_boots)
[09:25:49] [Immersive Engineering Registry Iteration Thread/WARN] [immersiveengineering]: Recipe has invalid inputs and will be ignored: net.minecraftforge.oredict.ShapedOreRecipe@1f43d992 (hbm:schrabidium_helmet)
[09:25:49] [Immersive Engineering Registry Iteration Thread/WARN] [immersiveengineering]: Recipe has invalid inputs and will be ignored: net.minecraftforge.oredict.ShapedOreRecipe@4094c474 (hbm:cmb_boots)
[09:25:49] [Immersive Engineering Registry Iteration Thread/WARN] [immersiveengineering]: Recipe has invalid inputs and will be ignored: net.minecraftforge.oredict.ShapedOreRecipe@74705fbf (hbm:schrabidium_plate)
[09:25:49] [Immersive Engineering Registry Iteration Thread/WARN] [immersiveengineering]: Recipe has invalid inputs and will be ignored: net.minecraftforge.oredict.ShapedOreRecipe@b1ecf28 (hbm:schrabidium_legs)
[09:25:49] [Immersive Engineering Registry Iteration Thread/WARN] [immersiveengineering]: Recipe has invalid inputs and will be ignored: net.minecraftforge.oredict.ShapedOreRecipe@18d343f0 (hbm:schrabidium_boots)
[09:25:49] [Immersive Engineering Registry Iteration Thread/WARN] [immersiveengineering]: Recipe has invalid inputs and will be ignored: net.minecraftforge.oredict.ShapedOreRecipe@390b97f2 (hbm:jackt2)
[09:25:49] [Immersive Engineering Registry Iteration Thread/WARN] [immersiveengineering]: Recipe has invalid inputs and will be ignored: net.minecraftforge.oredict.ShapedOreRecipe@7c1ae97e (hbm:robes_boots)
[09:25:49] [Immersive Engineering Registry Iteration Thread/WARN] [immersiveengineering]: Recipe has invalid inputs and will be ignored: net.minecraftforge.oredict.ShapedOreRecipe@47abe1c9 (hbm:cobalt_helmet)
[09:25:49] [Immersive Engineering Registry Iteration Thread/WARN] [immersiveengineering]: Recipe has invalid inputs and will be ignored: net.minecraftforge.oredict.ShapedOreRecipe@2d7bb903 (hbm:cobalt_plate)
[09:25:49] [Immersive Engineering Registry Iteration Thread/WARN] [immersiveengineering]: Recipe has invalid inputs and will be ignored: net.minecraftforge.oredict.ShapedOreRecipe@4bc8a7a1 (hbm:cobalt_legs)
[09:25:49] [Immersive Engineering Registry Iteration Thread/WARN] [immersiveengineering]: Recipe has invalid inputs and will be ignored: net.minecraftforge.oredict.ShapedOreRecipe@b25d60c (hbm:cobalt_boots)
[09:25:49] [Immersive Engineering Registry Iteration Thread/WARN] [immersiveengineering]: Recipe has invalid inputs and will be ignored: net.minecraftforge.oredict.ShapedOreRecipe@2411a6ab (hbm:security_helmet)
[09:25:49] [Immersive Engineering Registry Iteration Thread/WARN] [immersiveengineering]: Recipe has invalid inputs and will be ignored: net.minecraftforge.oredict.ShapedOreRecipe@16a4113f (hbm:security_plate)
[09:25:49] [Immersive Engineering Registry Iteration Thread/WARN] [immersiveengineering]: Recipe has invalid inputs and will be ignored: net.minecraftforge.oredict.ShapedOreRecipe@7c7aac9f (hbm:security_legs)
[09:25:49] [Immersive Engineering Registry Iteration Thread/WARN] [immersiveengineering]: Recipe has invalid inputs and will be ignored: net.minecraftforge.oredict.ShapedOreRecipe@58f2dcf6 (hbm:crucible)
[09:25:49] [Immersive Engineering Registry Iteration Thread/WARN] [immersiveengineering]: Recipe has invalid inputs and will be ignored: net.minecraftforge.oredict.ShapedOreRecipe@551eb940 (hbm:security_boots)
[09:25:49] [Immersive Engineering Registry Iteration Thread/WARN] [immersiveengineering]: Recipe has invalid inputs and will be ignored: net.minecraftforge.oredict.ShapedOreRecipe@ba00f3a (hbm:dnt_helmet)
[09:25:49] [Immersive Engineering Registry Iteration Thread/WARN] [immersiveengineering]: Recipe has invalid inputs and will be ignored: net.minecraftforge.oredict.ShapedOreRecipe@b9a530b (hbm:dnt_plate)
[09:25:49] [Immersive Engineering Registry Iteration Thread/WARN] [immersiveengineering]: Recipe has invalid inputs and will be ignored: net.minecraftforge.oredict.ShapedOreRecipe@339b8a15 (hbm:dnt_legs)
[09:25:49] [Immersive Engineering Registry Iteration Thread/WARN] [immersiveengineering]: Recipe has invalid inputs and will be ignored: net.minecraftforge.oredict.ShapedOreRecipe@30a8f914 (hbm:dnt_boots)
[09:25:49] [Immersive Engineering Registry Iteration Thread/WARN] [immersiveengineering]: Recipe has invalid inputs and will be ignored: net.minecraftforge.oredict.ShapedOreRecipe@2cba32fb (hbm:t51_helmet)
[09:25:49] [Immersive Engineering Registry Iteration Thread/WARN] [immersiveengineering]: Recipe has invalid inputs and will be ignored: net.minecraftforge.oredict.ShapedOreRecipe@5b8890d8 (hbm:ajr_helmet)
[09:25:49] [Immersive Engineering Registry Iteration Thread/WARN] [immersiveengineering]: Recipe has invalid inputs and will be ignored: net.minecraftforge.oredict.ShapedOreRecipe@4be50770 (hbm:bj_helmet)
[09:25:49] [Immersive Engineering Registry Iteration Thread/WARN] [immersiveengineering]: Recipe has invalid inputs and will be ignored: net.minecraftforge.oredict.ShapedOreRecipe@3ad5d48c (hbm:cmb_sword)
[09:25:49] [Immersive Engineering Registry Iteration Thread/WARN] [immersiveengineering]: Recipe has invalid inputs and will be ignored: net.minecraftforge.oredict.ShapedOreRecipe@7a42c380 (hbm:hev_helmet)
[09:25:49] [Immersive Engineering Registry Iteration Thread/WARN] [immersiveengineering]: Recipe has invalid inputs and will be ignored: net.minecraftforge.oredict.ShapedOreRecipe@5f153205 (hbm:cmb_pickaxe)
[09:25:49] [Immersive Engineering Registry Iteration Thread/WARN] [immersiveengineering]: Recipe has invalid inputs and will be ignored: net.minecraftforge.oredict.ShapedOreRecipe@57e1d5ac (hbm:hev_plate)
[09:25:49] [Immersive Engineering Registry Iteration Thread/WARN] [immersiveengineering]: Recipe has invalid inputs and will be ignored: net.minecraftforge.oredict.ShapedOreRecipe@7a05773f (hbm:cmb_axe)
[09:25:49] [Immersive Engineering Registry Iteration Thread/WARN] [immersiveengineering]: Recipe has invalid inputs and will be ignored: net.minecraftforge.oredict.ShapedOreRecipe@24055d54 (hbm:hev_legs)
[09:25:49] [Immersive Engineering Registry Iteration Thread/WARN] [immersiveengineering]: Recipe has invalid inputs and will be ignored: net.minecraftforge.oredict.ShapedOreRecipe@4729341e (hbm:cmb_shovel)
[09:25:49] [Immersive Engineering Registry Iteration Thread/WARN] [immersiveengineering]: Recipe has invalid inputs and will be ignored: net.minecraftforge.oredict.ShapedOreRecipe@e9c635b (hbm:cmb_hoe)
[09:25:49] [Immersive Engineering Registry Iteration Thread/WARN] [immersiveengineering]: Recipe has invalid inputs and will be ignored: net.minecraftforge.oredict.ShapedOreRecipe@ea14d8c (hbm:desh_sword)
[09:25:49] [Immersive Engineering Registry Iteration Thread/WARN] [immersiveengineering]: Recipe has invalid inputs and will be ignored: net.minecraftforge.oredict.ShapedOreRecipe@127bab81 (hbm:desh_pickaxe)
[09:25:49] [Immersive Engineering Registry Iteration Thread/WARN] [immersiveengineering]: Recipe has invalid inputs and will be ignored: net.minecraftforge.oredict.ShapedOreRecipe@3a1c1052 (hbm:fau_helmet)
[09:25:49] [Immersive Engineering Registry Iteration Thread/WARN] [immersiveengineering]: Recipe has invalid inputs and will be ignored: net.minecraftforge.oredict.ShapedOreRecipe@9011197 (hbm:desh_axe)
[09:25:49] [Immersive Engineering Registry Iteration Thread/WARN] [immersiveengineering]: Recipe has invalid inputs and will be ignored: net.minecraftforge.oredict.ShapedOreRecipe@4d335949 (hbm:desh_shovel)
[09:25:49] [Immersive Engineering Registry Iteration Thread/WARN] [immersiveengineering]: Recipe has invalid inputs and will be ignored: net.minecraftforge.oredict.ShapedOreRecipe@22a84452 (hbm:desh_hoe)
[09:25:49] [Immersive Engineering Registry Iteration Thread/WARN] [immersiveengineering]: Recipe has invalid inputs and will be ignored: net.minecraftforge.oredict.ShapedOreRecipe@20df761c (hbm:elec_sword)
[09:25:49] [Immersive Engineering Registry Iteration Thread/WARN] [immersiveengineering]: Recipe has invalid inputs and will be ignored: net.minecraftforge.oredict.ShapedOreRecipe@61c8ce36 (hbm:elec_pickaxe)
[09:25:49] [Immersive Engineering Registry Iteration Thread/WARN] [immersiveengineering]: Recipe has invalid inputs and will be ignored: net.minecraftforge.oredict.ShapedOreRecipe@42f1e6be (hbm:elec_axe)
[09:25:49] [Immersive Engineering Registry Iteration Thread/WARN] [immersiveengineering]: Recipe has invalid inputs and will be ignored: net.minecraftforge.oredict.ShapedOreRecipe@46397b7a (hbm:elec_shovel)
[09:25:49] [Immersive Engineering Registry Iteration Thread/WARN] [immersiveengineering]: Recipe has invalid inputs and will be ignored: net.minecraftforge.oredict.ShapelessOreRecipe@2a24314b (hbm:centri_stick)
[09:25:49] [Immersive Engineering Registry Iteration Thread/WARN] [immersiveengineering]: Recipe has invalid inputs and will be ignored: net.minecraftforge.oredict.ShapedOreRecipe@5ce08663 (hbm:smashing_hammer)
[09:25:49] [Immersive Engineering Registry Iteration Thread/WARN] [immersiveengineering]: Recipe has invalid inputs and will be ignored: net.minecraftforge.oredict.ShapedOreRecipe@16dd50d5 (hbm:bismuth_pickaxe)
[09:25:49] [Immersive Engineering Registry Iteration Thread/WARN] [immersiveengineering]: Recipe has invalid inputs and will be ignored: net.minecraftforge.oredict.ShapedOreRecipe@72c09ca7 (hbm:volcanic_pickaxe)
[09:25:49] [Immersive Engineering Registry Iteration Thread/WARN] [immersiveengineering]: Recipe has invalid inputs and will be ignored: net.minecraftforge.oredict.ShapedOreRecipe@2c120bc4 (hbm:steamsuit_helmet)
[09:25:49] [Immersive Engineering Registry Iteration Thread/WARN] [immersiveengineering]: Recipe has invalid inputs and will be ignored: net.minecraftforge.oredict.ShapedOreRecipe@254b200a (hbm:chlorophyte_pickaxe)
[09:25:49] [Immersive Engineering Registry Iteration Thread/WARN] [immersiveengineering]: Recipe has invalid inputs and will be ignored: net.minecraftforge.oredict.ShapedOreRecipe@4335f97f (hbm:chlorophyte_pickaxe_1)
[09:25:49] [Immersive Engineering Registry Iteration Thread/WARN] [immersiveengineering]: Recipe has invalid inputs and will be ignored: net.minecraftforge.oredict.ShapedOreRecipe@1303508a (hbm:steamsuit_plate)
[09:25:49] [Immersive Engineering Registry Iteration Thread/WARN] [immersiveengineering]: Recipe has invalid inputs and will be ignored: net.minecraftforge.oredict.ShapedOreRecipe@73c06edb (hbm:steamsuit_legs)
[09:25:49] [Immersive Engineering Registry Iteration Thread/WARN] [immersiveengineering]: Recipe has invalid inputs and will be ignored: net.minecraftforge.oredict.ShapedOreRecipe@5fe50e60 (hbm:bismuth_axe)
[09:25:49] [Immersive Engineering Registry Iteration Thread/WARN] [immersiveengineering]: Recipe has invalid inputs and will be ignored: net.minecraftforge.oredict.ShapedOreRecipe@7765532a (hbm:steamsuit_boots)
[09:25:49] [Immersive Engineering Registry Iteration Thread/WARN] [immersiveengineering]: Recipe has invalid inputs and will be ignored: net.minecraftforge.oredict.ShapedOreRecipe@3d5849ae (hbm:volcanic_axe)
[09:25:49] [Immersive Engineering Registry Iteration Thread/WARN] [immersiveengineering]: Recipe has invalid inputs and will be ignored: net.minecraftforge.oredict.ShapedOreRecipe@14045721 (hbm:chlorophyte_axe)
[09:25:49] [Immersive Engineering Registry Iteration Thread/WARN] [immersiveengineering]: Recipe has invalid inputs and will be ignored: net.minecraftforge.oredict.ShapedOreRecipe@423bbeea (hbm:chlorophyte_axe_1)
[09:25:49] [Immersive Engineering Registry Iteration Thread/WARN] [immersiveengineering]: Recipe has invalid inputs and will be ignored: net.minecraftforge.oredict.ShapedOreRecipe@475ec155 (hbm:chainsaw)
[09:25:49] [Immersive Engineering Registry Iteration Thread/WARN] [immersiveengineering]: Recipe has invalid inputs and will be ignored: net.minecraftforge.oredict.ShapedOreRecipe@607f4372 (hbm:envsuit_helmet)
[09:25:49] [Immersive Engineering Registry Iteration Thread/WARN] [immersiveengineering]: Recipe has invalid inputs and will be ignored: net.minecraftforge.oredict.ShapedOreRecipe@977983a (hbm:envsuit_plate)
[09:25:49] [Immersive Engineering Registry Iteration Thread/WARN] [immersiveengineering]: Recipe has invalid inputs and will be ignored: net.minecraftforge.oredict.ShapedOreRecipe@1cf6bd50 (hbm:envsuit_legs)
[09:25:49] [Immersive Engineering Registry Iteration Thread/WARN] [immersiveengineering]: Recipe has invalid inputs and will be ignored: net.minecraftforge.oredict.ShapedOreRecipe@321dd402 (hbm:envsuit_boots)
[09:25:49] [Immersive Engineering Registry Iteration Thread/WARN] [immersiveengineering]: Recipe has invalid inputs and will be ignored: net.minecraftforge.oredict.ShapedOreRecipe@33f3318e (hbm:bismuth_plate)
[09:25:49] [Immersive Engineering Registry Iteration Thread/WARN] [immersiveengineering]: Recipe has invalid inputs and will be ignored: net.minecraftforge.oredict.ShapedOreRecipe@ed4eb2b (hbm:bismuth_boots)
[09:25:49] [Thread-9/INFO] [immersiveengineering]: Finished recipe profiler for Arc Recycling, took 13 milliseconds
[09:25:49] [Client thread/INFO] [Engineer's Doors ASM]: Patching GETSTATIC Blocks.OAK_DOOR in VillageEngineersHouse
[09:25:49] [Client thread/INFO] [Engineer's Doors ASM]: Patching GETSTATIC Blocks.OAK_DOOR in VillageEngineersHouse
[09:25:49] [Client thread/INFO] [Engineer's Doors ASM]: Patching GETSTATIC Blocks.OAK_DOOR in VillageEngineersHouse
[09:25:49] [Client thread/INFO] [Engineer's Doors]: Initializing trapdoors module
[09:25:49] [Client thread/INFO] [Engineer's Doors]: Initializing doors module
[09:25:49] [Client thread/INFO] [Engineer's Doors]: Initializing fence gates module
[09:25:49] [Client thread/INFO] [STDOUT]: [com.silvaniastudios.roads.FurenikusRoads:debug:239]: [Fureniku's Roads] Registering fluids
[09:25:49] [Client thread/INFO] [industrialrenewal]: Industrial Renewal is loading init!
[09:25:49] [Client thread/INFO] [industrialrenewal]: Done!
[09:25:49] [Client thread/INFO] [hbm]: OreDict: Re-registration for ingotTcAlloy to ingotAnyResistantAlloy
[09:25:49] [Client thread/INFO] [hbm]: OreDict: Re-registration for dustTcAlloy to dustAnyResistantAlloy
[09:25:49] [Client thread/INFO] [hbm]: OreDict: Re-registration for blockTcAlloy to blockAnyResistantAlloy
[09:25:49] [Client thread/INFO] [hbm]: OreDict: Re-registration for ingotCdAlloy to ingotAnyResistantAlloy
[09:25:49] [Client thread/INFO] [hbm]: OreDict: Re-registration for blockCdAlloy to blockAnyResistantAlloy
[09:25:49] [Client thread/INFO] [hbm]: OreDict: Re-registration for ingotBismuthBronze to ingotAnyBismoidBronze
[09:25:49] [Client thread/INFO] [hbm]: OreDict: Re-registration for ingotArsenicBronze to ingotAnyBismoidBronze
[09:25:49] [Client thread/INFO] [hbm]: OreDict: Re-registration for ingotPolymer to ingotAnyPlastic
[09:25:49] [Client thread/INFO] [hbm]: OreDict: Re-registration for dustPolymer to dustAnyPlastic
[09:25:49] [Client thread/INFO] [hbm]: OreDict: Re-registration for blockPolymer to blockAnyPlastic
[09:25:49] [Client thread/INFO] [hbm]: OreDict: Re-registration for ingotBakelite to ingotAnyPlastic
[09:25:49] [Client thread/INFO] [hbm]: OreDict: Re-registration for dustBakelite to dustAnyPlastic
[09:25:49] [Client thread/INFO] [hbm]: OreDict: Re-registration for blockBakelite to blockAnyPlastic
[09:25:49] [Client thread/INFO] [hbm]: OreDict: Re-registration for ingotLatex to ingotAnyRubber
[09:25:49] [Client thread/INFO] [hbm]: OreDict: Re-registration for ingotRubber to ingotAnyRubber
[09:25:49] [Client thread/INFO] [hbm]: OreDict: Re-registration for ingotPolycarbonate to ingotAnyHardPlastic
[09:25:49] [Client thread/INFO] [hbm]: OreDict: Re-registration for ingotPVC to ingotAnyHardPlastic
[09:25:49] [Client thread/INFO] [hbm]: OreDict: Re-registration for oiltar to unknownTar
[09:25:49] [Client thread/INFO] [hbm]: OreDict: Re-registration for cracktar to unknownTar
[09:25:49] [Client thread/INFO] [hbm]: OreDict: Re-registration for coaltar to unknownTar
[09:25:49] [Client thread/INFO] [hbm]: OreDict: Re-registration for woodtar to unknownTar
[09:25:49] [Client thread/INFO] [hbm]: OreDict: Re-registration for plateTripleTcAlloy to plateTripleAnyResistantAlloy
[09:25:49] [Client thread/INFO] [hbm]: OreDict: Re-registration for plateSextupleTcAlloy to plateSextupleAnyResistantAlloy
[09:25:49] [Client thread/INFO] [hbm]: OreDict: Re-registration for barrelLightTcAlloy to barrelLightAnyResistantAlloy
[09:25:49] [Client thread/INFO] [hbm]: OreDict: Re-registration for barrelHeavyTcAlloy to barrelHeavyAnyResistantAlloy
[09:25:49] [Client thread/INFO] [hbm]: OreDict: Re-registration for receiverLightTcAlloy to receiverLightAnyResistantAlloy
[09:25:49] [Client thread/INFO] [hbm]: OreDict: Re-registration for receiverHeavyTcAlloy to receiverHeavyAnyResistantAlloy
[09:25:49] [Client thread/INFO] [hbm]: OreDict: Re-registration for plateTripleCdAlloy to plateTripleAnyResistantAlloy
[09:25:49] [Client thread/INFO] [hbm]: OreDict: Re-registration for plateSextupleCdAlloy to plateSextupleAnyResistantAlloy
[09:25:49] [Client thread/INFO] [hbm]: OreDict: Re-registration for barrelLightCdAlloy to barrelLightAnyResistantAlloy
[09:25:49] [Client thread/INFO] [hbm]: OreDict: Re-registration for barrelHeavyCdAlloy to barrelHeavyAnyResistantAlloy
[09:25:49] [Client thread/INFO] [hbm]: OreDict: Re-registration for receiverLightCdAlloy to receiverLightAnyResistantAlloy
[09:25:49] [Client thread/INFO] [hbm]: OreDict: Re-registration for receiverHeavyCdAlloy to receiverHeavyAnyResistantAlloy
[09:25:49] [Client thread/INFO] [hbm]: OreDict: Re-registration for plateTripleBismuthBronze to plateTripleAnyBismoidBronze
[09:25:49] [Client thread/INFO] [hbm]: OreDict: Re-registration for barrelLightBismuthBronze to barrelLightAnyBismoidBronze
[09:25:49] [Client thread/INFO] [hbm]: OreDict: Re-registration for receiverLightBismuthBronze to receiverLightAnyBismoidBronze
[09:25:49] [Client thread/INFO] [hbm]: OreDict: Re-registration for receiverHeavyBismuthBronze to receiverHeavyAnyBismoidBronze
[09:25:49] [Client thread/INFO] [hbm]: OreDict: Re-registration for plateTripleArsenicBronze to plateTripleAnyBismoidBronze
[09:25:49] [Client thread/INFO] [hbm]: OreDict: Re-registration for barrelLightArsenicBronze to barrelLightAnyBismoidBronze
[09:25:49] [Client thread/INFO] [hbm]: OreDict: Re-registration for receiverLightArsenicBronze to receiverLightAnyBismoidBronze
[09:25:49] [Client thread/INFO] [hbm]: OreDict: Re-registration for receiverHeavyArsenicBronze to receiverHeavyAnyBismoidBronze
[09:25:49] [Client thread/INFO] [hbm]: OreDict: Re-registration for stockPolymer to stockAnyPlastic
[09:25:49] [Client thread/INFO] [hbm]: OreDict: Re-registration for gripPolymer to gripAnyPlastic
[09:25:49] [Client thread/INFO] [hbm]: OreDict: Re-registration for stockBakelite to stockAnyPlastic
[09:25:49] [Client thread/INFO] [hbm]: OreDict: Re-registration for gripBakelite to gripAnyPlastic
[09:25:49] [Client thread/INFO] [hbm]: OreDict: Re-registration for stockPolycarbonate to stockAnyHardPlastic
[09:25:49] [Client thread/INFO] [hbm]: OreDict: Re-registration for gripPolycarbonate to gripAnyHardPlastic
[09:25:49] [Client thread/INFO] [hbm]: OreDict: Re-registration for stockPVC to stockAnyHardPlastic
[09:25:49] [Client thread/INFO] [hbm]: OreDict: Re-registration for gripPVC to gripAnyHardPlastic
[09:25:49] [Client thread/INFO] [hbm]: [NTM Fluid<=>ForgeFluid Compat] Forge Fluid texture not found for: AIR. Using default tinted
[09:25:49] [Client thread/INFO] [hbm]: [NTM Fluid<=>ForgeFluid Compat] Forge Fluid texture not found for: AIRBLAST. Using default tinted
[09:25:49] [Client thread/INFO] [hbm]: [NTM Fluid<=>ForgeFluid Compat] Found ForgeFluid for: WATER. Skipping registration...
[09:25:49] [Client thread/INFO] [hbm]: [NTM Fluid<=>ForgeFluid Compat] Forge Fluid texture not found for: HEAVYWATER. Using default tinted
[09:25:49] [Client thread/INFO] [hbm]: [NTM Fluid<=>ForgeFluid Compat] Forge Fluid texture not found for: HEAVYWATER_HOT. Using default tinted
[09:25:49] [Client thread/INFO] [hbm]: [NTM Fluid<=>ForgeFluid Compat] Found ForgeFluid for: LAVA. Skipping registration...
[09:25:49] [Client thread/INFO] [hbm]: [NTM Fluid<=>ForgeFluid Compat] Found ForgeFluid for: STEAM. Skipping registration...
[09:25:49] [Client thread/INFO] [hbm]: [NTM Fluid<=>ForgeFluid Compat] Forge Fluid texture not found for: HOTSTEAM. Using default tinted
[09:25:49] [Client thread/INFO] [hbm]: [NTM Fluid<=>ForgeFluid Compat] Forge Fluid texture not found for: SUPERHOTSTEAM. Using default tinted
[09:25:49] [Client thread/INFO] [hbm]: [NTM Fluid<=>ForgeFluid Compat] Forge Fluid texture not found for: ULTRAHOTSTEAM. Using default tinted
[09:25:49] [Client thread/INFO] [hbm]: [NTM Fluid<=>ForgeFluid Compat] Forge Fluid texture not found for: SPENTSTEAM. Using default tinted
[09:25:49] [Client thread/INFO] [hbm]: [NTM Fluid<=>ForgeFluid Compat] Forge Fluid texture not found for: CARBONDIOXIDE. Using default tinted
[09:25:49] [Client thread/INFO] [hbm]: [NTM Fluid<=>ForgeFluid Compat] Forge Fluid texture not found for: COOLANT. Using default tinted
[09:25:49] [Client thread/INFO] [hbm]: [NTM Fluid<=>ForgeFluid Compat] Forge Fluid texture not found for: COOLANT_HOT. Using default tinted
[09:25:49] [Client thread/INFO] [hbm]: [NTM Fluid<=>ForgeFluid Compat] Forge Fluid texture not found for: PERFLUOROMETHYL. Using default tinted
[09:25:49] [Client thread/INFO] [hbm]: [NTM Fluid<=>ForgeFluid Compat] Forge Fluid texture not found for: PERFLUOROMETHYL_COLD. Using default tinted
[09:25:49] [Client thread/INFO] [hbm]: [NTM Fluid<=>ForgeFluid Compat] Forge Fluid texture not found for: PERFLUOROMETHYL_HOT. Using default tinted
[09:25:49] [Client thread/INFO] [hbm]: [NTM Fluid<=>ForgeFluid Compat] Forge Fluid texture not found for: CRYOGEL. Using default tinted
[09:25:49] [Client thread/INFO] [hbm]: [NTM Fluid<=>ForgeFluid Compat] Forge Fluid texture not found for: MUG. Using default tinted
[09:25:49] [Client thread/INFO] [hbm]: [NTM Fluid<=>ForgeFluid Compat] Forge Fluid texture not found for: MUG_HOT. Using default tinted
[09:25:49] [Client thread/INFO] [hbm]: [NTM Fluid<=>ForgeFluid Compat] Forge Fluid texture not found for: BLOOD. Using default tinted
[09:25:49] [Client thread/INFO] [hbm]: [NTM Fluid<=>ForgeFluid Compat] Forge Fluid texture not found for: BLOOD_HOT. Using default tinted
[09:25:49] [Client thread/INFO] [hbm]: [NTM Fluid<=>ForgeFluid Compat] Forge Fluid texture not found for: SODIUM. Using default tinted
[09:25:49] [Client thread/INFO] [hbm]: [NTM Fluid<=>ForgeFluid Compat] Forge Fluid texture not found for: SODIUM_HOT. Using default tinted
[09:25:49] [Client thread/INFO] [hbm]: [NTM Fluid<=>ForgeFluid Compat] Forge Fluid texture not found for: LEAD. Using default tinted
[09:25:49] [Client thread/INFO] [hbm]: [NTM Fluid<=>ForgeFluid Compat] Forge Fluid texture not found for: LEAD_HOT. Using default tinted
[09:25:49] [Client thread/INFO] [hbm]: [NTM Fluid<=>ForgeFluid Compat] Forge Fluid texture not found for: THORIUM_SALT. Using default tinted
[09:25:49] [Client thread/INFO] [hbm]: [NTM Fluid<=>ForgeFluid Compat] Forge Fluid texture not found for: THORIUM_SALT_HOT. Using default tinted
[09:25:49] [Client thread/INFO] [hbm]: [NTM Fluid<=>ForgeFluid Compat] Forge Fluid texture not found for: THORIUM_SALT_DEPLETED. Using default tinted
[09:25:49] [Client thread/INFO] [hbm]: [NTM Fluid<=>ForgeFluid Compat] Found ForgeFluid for: HYDROGEN. Skipping registration...
[09:25:49] [Client thread/INFO] [hbm]: [NTM Fluid<=>ForgeFluid Compat] Forge Fluid texture not found for: DEUTERIUM. Using default tinted
[09:25:49] [Client thread/INFO] [hbm]: [NTM Fluid<=>ForgeFluid Compat] Forge Fluid texture not found for: TRITIUM. Using default tinted
[09:25:49] [Client thread/INFO] [hbm]: [NTM Fluid<=>ForgeFluid Compat] Forge Fluid texture not found for: HELIUM3. Using default tinted
[09:25:49] [Client thread/INFO] [hbm]: [NTM Fluid<=>ForgeFluid Compat] Forge Fluid texture not found for: HELIUM4. Using default tinted
[09:25:49] [Client thread/INFO] [hbm]: [NTM Fluid<=>ForgeFluid Compat] Found ForgeFluid for: OXYGEN. Skipping registration...
[09:25:49] [Client thread/INFO] [hbm]: [NTM Fluid<=>ForgeFluid Compat] Found ForgeFluid for: XENON. Skipping registration...
[09:25:49] [Client thread/INFO] [hbm]: [NTM Fluid<=>ForgeFluid Compat] Forge Fluid texture not found for: CHLORINE. Using default tinted
[09:25:49] [Client thread/INFO] [hbm]: [NTM Fluid<=>ForgeFluid Compat] Forge Fluid texture not found for: MERCURY. Using default tinted
[09:25:49] [Client thread/INFO] [hbm]: [NTM Fluid<=>ForgeFluid Compat] Forge Fluid texture not found for: OIL. Using default tinted
[09:25:49] [Client thread/INFO] [hbm]: [NTM Fluid<=>ForgeFluid Compat] Forge Fluid texture not found for: OIL_DS. Using default tinted
[09:25:49] [Client thread/INFO] [hbm]: [NTM Fluid<=>ForgeFluid Compat] Forge Fluid texture not found for: CRACKOIL. Using default tinted
[09:25:49] [Client thread/INFO] [hbm]: [NTM Fluid<=>ForgeFluid Compat] Forge Fluid texture not found for: CRACKOIL_DS. Using default tinted
[09:25:49] [Client thread/INFO] [hbm]: [NTM Fluid<=>ForgeFluid Compat] Forge Fluid texture not found for: COALOIL. Using default tinted
[09:25:49] [Client thread/INFO] [hbm]: [NTM Fluid<=>ForgeFluid Compat] Forge Fluid texture not found for: OIL_COKER. Using default tinted
[09:25:49] [Client thread/INFO] [hbm]: [NTM Fluid<=>ForgeFluid Compat] Forge Fluid texture not found for: HOTOIL. Using default tinted
[09:25:49] [Client thread/INFO] [hbm]: [NTM Fluid<=>ForgeFluid Compat] Forge Fluid texture not found for: HOTOIL_DS. Using default tinted
[09:25:49] [Client thread/INFO] [hbm]: [NTM Fluid<=>ForgeFluid Compat] Forge Fluid texture not found for: HOTCRACKOIL. Using default tinted
[09:25:49] [Client thread/INFO] [hbm]: [NTM Fluid<=>ForgeFluid Compat] Forge Fluid texture not found for: HOTCRACKOIL_DS. Using default tinted
[09:25:49] [Client thread/INFO] [hbm]: [NTM Fluid<=>ForgeFluid Compat] Forge Fluid texture not found for: HEAVYOIL. Using default tinted
[09:25:49] [Client thread/INFO] [hbm]: [NTM Fluid<=>ForgeFluid Compat] Forge Fluid texture not found for: HEAVYOIL_VACUUM. Using default tinted
[09:25:49] [Client thread/INFO] [hbm]: [NTM Fluid<=>ForgeFluid Compat] Forge Fluid texture not found for: NAPHTHA. Using default tinted
[09:25:49] [Client thread/INFO] [hbm]: [NTM Fluid<=>ForgeFluid Compat] Forge Fluid texture not found for: NAPHTHA_DS. Using default tinted
[09:25:49] [Client thread/INFO] [hbm]: [NTM Fluid<=>ForgeFluid Compat] Forge Fluid texture not found for: NAPHTHA_CRACK. Using default tinted
[09:25:49] [Client thread/INFO] [hbm]: [NTM Fluid<=>ForgeFluid Compat] Forge Fluid texture not found for: NAPHTHA_COKER. Using default tinted
[09:25:49] [Client thread/INFO] [hbm]: [NTM Fluid<=>ForgeFluid Compat] Forge Fluid texture not found for: REFORMATE. Using default tinted
[09:25:49] [Client thread/INFO] [hbm]: [NTM Fluid<=>ForgeFluid Compat] Forge Fluid texture not found for: LIGHTOIL. Using default tinted
[09:25:49] [Client thread/INFO] [hbm]: [NTM Fluid<=>ForgeFluid Compat] Forge Fluid texture not found for: LIGHTOIL_DS. Using default tinted
[09:25:49] [Client thread/INFO] [hbm]: [NTM Fluid<=>ForgeFluid Compat] Forge Fluid texture not found for: LIGHTOIL_CRACK. Using default tinted
[09:25:49] [Client thread/INFO] [hbm]: [NTM Fluid<=>ForgeFluid Compat] Forge Fluid texture not found for: LIGHTOIL_VACUUM. Using default tinted
[09:25:49] [Client thread/INFO] [hbm]: [NTM Fluid<=>ForgeFluid Compat] Forge Fluid texture not found for: BITUMEN. Using default tinted
[09:25:49] [Client thread/INFO] [hbm]: [NTM Fluid<=>ForgeFluid Compat] Forge Fluid texture not found for: SMEAR. Using default tinted
[09:25:49] [Client thread/INFO] [hbm]: [NTM Fluid<=>ForgeFluid Compat] Forge Fluid texture not found for: HEATINGOIL. Using default tinted
[09:25:49] [Client thread/INFO] [hbm]: [NTM Fluid<=>ForgeFluid Compat] Forge Fluid texture not found for: HEATINGOIL_VACUUM. Using default tinted
[09:25:49] [Client thread/INFO] [hbm]: [NTM Fluid<=>ForgeFluid Compat] Forge Fluid texture not found for: RECLAIMED. Using default tinted
[09:25:49] [Client thread/INFO] [hbm]: [NTM Fluid<=>ForgeFluid Compat] Forge Fluid texture not found for: LUBRICANT. Using default tinted
[09:25:49] [Client thread/INFO] [hbm]: [NTM Fluid<=>ForgeFluid Compat] Forge Fluid texture not found for: FLUE. Using default tinted
[09:25:49] [Client thread/INFO] [hbm]: [NTM Fluid<=>ForgeFluid Compat] Forge Fluid texture not found for: GAS. Using default tinted
[09:25:49] [Client thread/INFO] [hbm]: [NTM Fluid<=>ForgeFluid Compat] Forge Fluid texture not found for: GAS_COKER. Using default tinted
[09:25:49] [Client thread/INFO] [hbm]: [NTM Fluid<=>ForgeFluid Compat] Forge Fluid texture not found for: PETROLEUM. Using default tinted
[09:25:49] [Client thread/INFO] [hbm]: [NTM Fluid<=>ForgeFluid Compat] Forge Fluid texture not found for: SOURGAS. Using default tinted
[09:25:49] [Client thread/INFO] [hbm]: [NTM Fluid<=>ForgeFluid Compat] Forge Fluid texture not found for: LPG. Using default tinted
[09:25:49] [Client thread/INFO] [hbm]: [NTM Fluid<=>ForgeFluid Compat] Found ForgeFluid for: SYNGAS. Skipping registration...
[09:25:49] [Client thread/INFO] [hbm]: [NTM Fluid<=>ForgeFluid Compat] Forge Fluid texture not found for: OXYHYDROGEN. Using default tinted
[09:25:49] [Client thread/INFO] [hbm]: [NTM Fluid<=>ForgeFluid Compat] Forge Fluid texture not found for: AROMATICS. Using default tinted
[09:25:49] [Client thread/INFO] [hbm]: [NTM Fluid<=>ForgeFluid Compat] Forge Fluid texture not found for: UNSATURATEDS. Using default tinted
[09:25:49] [Client thread/INFO] [hbm]: [NTM Fluid<=>ForgeFluid Compat] Forge Fluid texture not found for: XYLENE. Using default tinted
[09:25:49] [Client thread/INFO] [hbm]: [NTM Fluid<=>ForgeFluid Compat] Forge Fluid texture not found for: REFORMGAS. Using default tinted
[09:25:49] [Client thread/INFO] [hbm]: [NTM Fluid<=>ForgeFluid Compat] Forge Fluid texture not found for: DIESEL. Using default tinted
[09:25:49] [Client thread/INFO] [hbm]: [NTM Fluid<=>ForgeFluid Compat] Forge Fluid texture not found for: DIESEL_REFORM. Using default tinted
[09:25:49] [Client thread/INFO] [hbm]: [NTM Fluid<=>ForgeFluid Compat] Forge Fluid texture not found for: DIESEL_CRACK. Using default tinted
[09:25:49] [Client thread/INFO] [hbm]: [NTM Fluid<=>ForgeFluid Compat] Forge Fluid texture not found for: DIESEL_CRACK_REFORM. Using default tinted
[09:25:49] [Client thread/INFO] [hbm]: [NTM Fluid<=>ForgeFluid Compat] Forge Fluid texture not found for: KEROSENE. Using default tinted
[09:25:49] [Client thread/INFO] [hbm]: [NTM Fluid<=>ForgeFluid Compat] Forge Fluid texture not found for: KEROSENE_REFORM. Using default tinted
[09:25:49] [Client thread/INFO] [hbm]: [NTM Fluid<=>ForgeFluid Compat] Forge Fluid texture not found for: PETROIL. Using default tinted
[09:25:49] [Client thread/INFO] [hbm]: [NTM Fluid<=>ForgeFluid Compat] Forge Fluid texture not found for: PETROIL_LEADED. Using default tinted
[09:25:49] [Client thread/INFO] [hbm]: [NTM Fluid<=>ForgeFluid Compat] Forge Fluid texture not found for: GASOLINE. Using default tinted
[09:25:49] [Client thread/INFO] [hbm]: [NTM Fluid<=>ForgeFluid Compat] Forge Fluid texture not found for: GASOLINE_LEADED. Using default tinted
[09:25:49] [Client thread/INFO] [hbm]: [NTM Fluid<=>ForgeFluid Compat] Forge Fluid texture not found for: COALGAS. Using default tinted
[09:25:49] [Client thread/INFO] [hbm]: [NTM Fluid<=>ForgeFluid Compat] Forge Fluid texture not found for: COALGAS_LEADED. Using default tinted
[09:25:49] [Client thread/INFO] [hbm]: [NTM Fluid<=>ForgeFluid Compat] Forge Fluid texture not found for: COALCREOSOTE. Using default tinted
[09:25:49] [Client thread/INFO] [hbm]: [NTM Fluid<=>ForgeFluid Compat] Forge Fluid texture not found for: WOODOIL. Using default tinted
[09:25:49] [Client thread/INFO] [hbm]: [NTM Fluid<=>ForgeFluid Compat] Forge Fluid texture not found for: BIOGAS. Using default tinted
[09:25:49] [Client thread/INFO] [hbm]: [NTM Fluid<=>ForgeFluid Compat] Forge Fluid texture not found for: BIOFUEL. Using default tinted
[09:25:49] [Client thread/INFO] [hbm]: [NTM Fluid<=>ForgeFluid Compat] Found ForgeFluid for: ETHANOL. Skipping registration...
[09:25:49] [Client thread/INFO] [hbm]: [NTM Fluid<=>ForgeFluid Compat] Forge Fluid texture not found for: FISHOIL. Using default tinted
[09:25:49] [Client thread/INFO] [hbm]: [NTM Fluid<=>ForgeFluid Compat] Forge Fluid texture not found for: SUNFLOWEROIL. Using default tinted
[09:25:49] [Client thread/INFO] [hbm]: [NTM Fluid<=>ForgeFluid Compat] Forge Fluid texture not found for: NITAN. Using default tinted
[09:25:49] [Client thread/INFO] [hbm]: [NTM Fluid<=>ForgeFluid Compat] Forge Fluid texture not found for: DHC. Using default tinted
[09:25:49] [Client thread/INFO] [hbm]: [NTM Fluid<=>ForgeFluid Compat] Forge Fluid texture not found for: BALEFIRE. Using default tinted
[09:25:49] [Client thread/INFO] [hbm]: [NTM Fluid<=>ForgeFluid Compat] Forge Fluid texture not found for: SALIENT. Using default tinted
[09:25:49] [Client thread/INFO] [hbm]: [NTM Fluid<=>ForgeFluid Compat] Forge Fluid texture not found for: SEEDSLURRY. Using default tinted
[09:25:49] [Client thread/INFO] [hbm]: [NTM Fluid<=>ForgeFluid Compat] Forge Fluid texture not found for: COLLOID. Using default tinted
[09:25:49] [Client thread/INFO] [hbm]: [NTM Fluid<=>ForgeFluid Compat] Forge Fluid texture not found for: VITRIOL. Using default tinted
[09:25:49] [Client thread/INFO] [hbm]: [NTM Fluid<=>ForgeFluid Compat] Forge Fluid texture not found for: SLOP. Using default tinted
[09:25:49] [Client thread/INFO] [hbm]: [NTM Fluid<=>ForgeFluid Compat] Forge Fluid texture not found for: IONGEL. Using default tinted
[09:25:49] [Client thread/INFO] [hbm]: [NTM Fluid<=>ForgeFluid Compat] Forge Fluid texture not found for: PEROXIDE. Using default tinted
[09:25:49] [Client thread/INFO] [hbm]: [NTM Fluid<=>ForgeFluid Compat] Found ForgeFluid for: SULFURIC_ACID. Skipping registration...
[09:25:49] [Client thread/INFO] [hbm]: [NTM Fluid<=>ForgeFluid Compat] Found ForgeFluid for: NITRIC_ACID. Skipping registration...
[09:25:49] [Client thread/INFO] [hbm]: [NTM Fluid<=>ForgeFluid Compat] Forge Fluid texture not found for: SOLVENT. Using default tinted
[09:25:49] [Client thread/INFO] [hbm]: [NTM Fluid<=>ForgeFluid Compat] Forge Fluid texture not found for: RADIOSOLVENT. Using default tinted
[09:25:49] [Client thread/INFO] [hbm]: [NTM Fluid<=>ForgeFluid Compat] Forge Fluid texture not found for: SCHRABIDIC. Using default tinted
[09:25:49] [Client thread/INFO] [hbm]: [NTM Fluid<=>ForgeFluid Compat] Forge Fluid texture not found for: UF6. Using default tinted
[09:25:49] [Client thread/INFO] [hbm]: [NTM Fluid<=>ForgeFluid Compat] Forge Fluid texture not found for: PUF6. Using default tinted
[09:25:49] [Client thread/INFO] [hbm]: [NTM Fluid<=>ForgeFluid Compat] Forge Fluid texture not found for: SAS3. Using default tinted
[09:25:49] [Client thread/INFO] [hbm]: [NTM Fluid<=>ForgeFluid Compat] Forge Fluid texture not found for: PAIN. Using default tinted
[09:25:49] [Client thread/INFO] [hbm]: [NTM Fluid<=>ForgeFluid Compat] Forge Fluid texture not found for: DEATH. Using default tinted
[09:25:49] [Client thread/INFO] [hbm]: [NTM Fluid<=>ForgeFluid Compat] Forge Fluid texture not found for: WATZ. Using default tinted
[09:25:49] [Client thread/INFO] [hbm]: [NTM Fluid<=>ForgeFluid Compat] Forge Fluid texture not found for: REDMUD. Using default tinted
[09:25:49] [Client thread/INFO] [hbm]: [NTM Fluid<=>ForgeFluid Compat] Forge Fluid texture not found for: FULLERENE. Using default tinted
[09:25:49] [Client thread/INFO] [hbm]: [NTM Fluid<=>ForgeFluid Compat] Forge Fluid texture not found for: EGG. Using default tinted
[09:25:49] [Client thread/INFO] [hbm]: [NTM Fluid<=>ForgeFluid Compat] Forge Fluid texture not found for: CHOLESTEROL. Using default tinted
[09:25:49] [Client thread/INFO] [hbm]: [NTM Fluid<=>ForgeFluid Compat] Forge Fluid texture not found for: CHLOROCALCITE_SOLUTION. Using default tinted
[09:25:49] [Client thread/INFO] [hbm]: [NTM Fluid<=>ForgeFluid Compat] Forge Fluid texture not found for: CHLOROCALCITE_MIX. Using default tinted
[09:25:49] [Client thread/INFO] [hbm]: [NTM Fluid<=>ForgeFluid Compat] Forge Fluid texture not found for: CHLOROCALCITE_CLEANED. Using default tinted
[09:25:49] [Client thread/INFO] [hbm]: [NTM Fluid<=>ForgeFluid Compat] Forge Fluid texture not found for: POTASSIUM_CHLORIDE. Using default tinted
[09:25:49] [Client thread/INFO] [hbm]: [NTM Fluid<=>ForgeFluid Compat] Forge Fluid texture not found for: CALCIUM_CHLORIDE. Using default tinted
[09:25:49] [Client thread/INFO] [hbm]: [NTM Fluid<=>ForgeFluid Compat] Forge Fluid texture not found for: CALCIUM_SOLUTION. Using default tinted
[09:25:49] [Client thread/INFO] [hbm]: [NTM Fluid<=>ForgeFluid Compat] Forge Fluid texture not found for: SODIUM_ALUMINATE. Using default tinted
[09:25:49] [Client thread/INFO] [hbm]: [NTM Fluid<=>ForgeFluid Compat] Forge Fluid texture not found for: BAUXITE_SOLUTION. Using default tinted
[09:25:49] [Client thread/INFO] [hbm]: [NTM Fluid<=>ForgeFluid Compat] Forge Fluid texture not found for: ALUMINA. Using default tinted
[09:25:49] [Client thread/INFO] [hbm]: [NTM Fluid<=>ForgeFluid Compat] Found ForgeFluid for: CONCRETE. Skipping registration...
[09:25:49] [Client thread/INFO] [hbm]: [NTM Fluid<=>ForgeFluid Compat] Forge Fluid texture not found for: FRACKSOL. Using default tinted
[09:25:49] [Client thread/INFO] [hbm]: [NTM Fluid<=>ForgeFluid Compat] Forge Fluid texture not found for: LYE. Using default tinted
[09:25:49] [Client thread/INFO] [hbm]: [NTM Fluid<=>ForgeFluid Compat] Forge Fluid texture not found for: PHOSGENE. Using default tinted
[09:25:49] [Client thread/INFO] [hbm]: [NTM Fluid<=>ForgeFluid Compat] Forge Fluid texture not found for: MUSTARDGAS. Using default tinted
[09:25:49] [Client thread/INFO] [hbm]: [NTM Fluid<=>ForgeFluid Compat] Forge Fluid texture not found for: ESTRADIOL. Using default tinted
[09:25:49] [Client thread/INFO] [hbm]: [NTM Fluid<=>ForgeFluid Compat] Forge Fluid texture not found for: NITROGLYCERIN. Using default tinted
[09:25:49] [Client thread/INFO] [hbm]: [NTM Fluid<=>ForgeFluid Compat] Forge Fluid texture not found for: AMAT. Using default tinted
[09:25:49] [Client thread/INFO] [hbm]: [NTM Fluid<=>ForgeFluid Compat] Forge Fluid texture not found for: ASCHRAB. Using default tinted
[09:25:49] [Client thread/INFO] [hbm]: [NTM Fluid<=>ForgeFluid Compat] Forge Fluid texture not found for: WASTEFLUID. Using default tinted
[09:25:49] [Client thread/INFO] [hbm]: [NTM Fluid<=>ForgeFluid Compat] Forge Fluid texture not found for: WASTEGAS. Using default tinted
[09:25:49] [Client thread/INFO] [hbm]: [NTM Fluid<=>ForgeFluid Compat] Found ForgeFluid for: XPJUICE. Skipping registration...
[09:25:49] [Client thread/INFO] [hbm]: [NTM Fluid<=>ForgeFluid Compat] Forge Fluid texture not found for: ENDERJUICE. Using default tinted
[09:25:49] [Client thread/INFO] [hbm]: [NTM Fluid<=>ForgeFluid Compat] Forge Fluid texture not found for: STELLAR_FLUX. Using default tinted
[09:25:49] [Client thread/INFO] [hbm]: [NTM Fluid<=>ForgeFluid Compat] Forge Fluid texture not found for: PLASMA_DT. Using default tinted
[09:25:49] [Client thread/INFO] [hbm]: [NTM Fluid<=>ForgeFluid Compat] Forge Fluid texture not found for: PLASMA_HD. Using default tinted
[09:25:49] [Client thread/INFO] [hbm]: [NTM Fluid<=>ForgeFluid Compat] Forge Fluid texture not found for: PLASMA_HT. Using default tinted
[09:25:49] [Client thread/INFO] [hbm]: [NTM Fluid<=>ForgeFluid Compat] Forge Fluid texture not found for: PLASMA_DH3. Using default tinted
[09:25:49] [Client thread/INFO] [hbm]: [NTM Fluid<=>ForgeFluid Compat] Forge Fluid texture not found for: PLASMA_XM. Using default tinted
[09:25:49] [Client thread/INFO] [hbm]: [NTM Fluid<=>ForgeFluid Compat] Forge Fluid texture not found for: PLASMA_BF. Using default tinted
[09:25:49] [Client thread/INFO] [hbm]: [NTM Fluid<=>ForgeFluid Compat] Forge Fluid texture not found for: SMOKE. Using default tinted
[09:25:49] [Client thread/INFO] [hbm]: [NTM Fluid<=>ForgeFluid Compat] Forge Fluid texture not found for: SMOKE_LEADED. Using default tinted
[09:25:49] [Client thread/INFO] [hbm]: [NTM Fluid<=>ForgeFluid Compat] Forge Fluid texture not found for: SMOKE_POISON. Using default tinted
[09:25:49] [Client thread/INFO] [hbm]: [NTM Fluid<=>ForgeFluid Compat] Forge Fluid texture not found for: PHEROMONE. Using default tinted
[09:25:49] [Client thread/INFO] [hbm]: [NTM Fluid<=>ForgeFluid Compat] Forge Fluid texture not found for: PHEROMONE_M. Using default tinted
[09:25:49] [Client thread/INFO] [hbm]: [NTM Fluid<=>ForgeFluid Compat] Forge Fluid texture not found for: HYDRAZINE. Using default tinted
[09:25:49] [Client thread/INFO] [hbm]: [NTM Fluid<=>ForgeFluid Compat] Forge Fluid texture not found for: CUSTOM_DEMO. Using default tinted
[09:25:49] [Client thread/INFO] [hbm]: Initializing PacketThreading in Optimized Single-Threaded mode.
[09:25:49] [Client thread/INFO] [FML]: Injecting itemstacks
[09:25:49] [Client thread/INFO] [FML]: Itemstack injection complete
[09:25:49] [Client thread/INFO] [engineersdecor]: Config lab furnace interval:153, efficiency:1.0
[09:25:49] [Client thread/INFO] [engineersdecor]: Config chairs: true, sit: 0.1
[09:25:49] [Client thread/INFO] [engineersdecor]: Config pipe valve: maxflow:1000mb, redstone amp:20mb/sig
[09:25:49] [Client thread/INFO] [engineersdecor]: Config electrical furnace speed:200, power consumption:640
[09:25:49] [Client thread/INFO] [engineersdecor]: Config small solar panel: Peak production:32/tick
[09:25:49] [Client thread/INFO] [engineersdecor]: Config block breaker: Boost energy consumption:64rf/t, reluctance=17t/hrdn, break time offset=15t
[09:25:49] [Client thread/INFO] [engineersdecor]: Config tree cutter: Boost energy consumption:320rf/t, cutting time 1200t.
[09:25:49] [Client thread/INFO] [engineersdecor]: Config milker energy consumption:0rf/t [milk fluid available]
[09:25:49] [Client thread/INFO] [engineersdecor]: Config placer: 1 special placement handling entries.
[09:25:49] [Client thread/INFO] [engineersdecor]: Excluded 38 recipes due to config opt-out.
[09:25:49] [Client thread/INFO] [engineersdecor]: Found 3 types of 'choppable' log.
[09:25:49] [Client thread/INFO] [engineersdecor]: Found 2 types of leaves.
[09:25:49] [Client thread/INFO] [engineersdecor]: Dynamic Trees chopping compat: 0 choppable states found.
[09:25:49] [Client thread/INFO] [immersiveengineering]: Couldn't fully analyze 1xitem.lead_gavel@32767, missing knowledge for {1xitem.wood_gavel@0=1.0}
[09:25:49] [Client thread/INFO] [immersiveengineering]: Couldn't fully analyze 1xtile.immersiveengineering.metal_device1@10, missing knowledge for {1xtile.immersiveengineering.metal_device0@4=1.0}
[09:25:50] [Client thread/INFO] [Engineer's Doors]: Post-initializing trapdoors module
[09:25:50] [Client thread/INFO] [Engineer's Doors]: Post-initializing doors module
[09:25:50] [Client thread/INFO] [Engineer's Doors]: Post-initializing fence gates module
[09:25:50] [Client thread/INFO] [STDOUT]: [com.silvaniastudios.roads.blocks.FRBlocks:registerPaintGunEntries:736]: #############################
[09:25:50] [Client thread/INFO] [STDOUT]: [com.silvaniastudios.roads.blocks.FRBlocks:registerPaintGunEntries:737]: #############################
[09:25:50] [Client thread/INFO] [STDOUT]: [com.silvaniastudios.roads.blocks.FRBlocks:registerPaintGunEntries:738]: #############################
[09:25:50] [Client thread/INFO] [STDOUT]: [com.silvaniastudios.roads.blocks.FRBlocks:registerPaintGunEntries:739]: Registering paint gun entries. Will check 279 entries.
[09:25:50] [Client thread/INFO] [STDOUT]: [com.silvaniastudios.roads.blocks.FRBlocks:registerPaintGunEntries:740]: #############################
[09:25:50] [Client thread/INFO] [STDOUT]: [com.silvaniastudios.roads.blocks.FRBlocks:registerPaintGunEntries:741]: #############################
[09:25:50] [Client thread/INFO] [STDOUT]: [com.silvaniastudios.roads.blocks.FRBlocks:registerPaintGunEntries:742]: #############################
[09:25:50] [Client thread/INFO] [furenikusroads]: REGISTRATION COMPLETE! 158Paints registered
[09:25:50] [Client thread/INFO] [industrialrenewal]: Industrial Renewal is loading posInit!
[09:25:50] [Client thread/INFO] [industrialrenewal]: §aIndustrial Renewal Minerable ore list: [Gold Ore, Schist Gold Ore, Iron Ore, Hematite Chunk, Hematite, Schist Iron Ore, Lapis Lazuli Ore, Diamond Ore, Diamond Gravel, Sellafite Diamond Ore, Redstone Ore, Emerald Ore, Sellafite Emerald Ore, Nether Quartz Ore, Coal Ore, Copper Ore, Copper Ore, Schist Copper Ore, Aluminium-Bearing Ore, Lead Ore, Uranium Ore, Scorched Uranium Ore, Schist Uranium Ore, Scorched Schist Uranium Ore, Nether Uranium Ore, Scorched Nether Uranium Ore, Scorched Sellafite Uranium Ore, Uninspected Mineral, Thorium Ore, Nether Plutonium Ore, Schrabidium Ore, Schist Schrabidium Ore, Nether Schrabidium Ore, Sellafite Schrabidium Ore, Titanium Ore, Tungsten Ore, Nether Tungsten Ore, Coltan Ore, Beryllium Ore, Cobalt Ore, Nether Cobalt Ore, Asbestos Ore, Schist Asbestos Ore, Asbestos-Rich Basalt, Chrysotile, Sulfur Ore, Nether Sulfur Ore, Niter Ore, Fluorite Ore, Lignite Ore, Cinnabar Ore, Depth Cinnabar Ore, Depth Borax Ore, Schist Lithium Ore, Australian Ore, Rare Earth Ore, Schist Rare Earth Ore, Depth Zirconium Ore, Nether Depth Neodymium Ore]
[09:25:50] [Client thread/INFO] [industrialrenewal]: §aIndustrial Renewal Mapped config: oreAluminum into: Bauxite Ore by oredict 1 from 2 found list: [1xtile.immersiveengineering.ore@1, 1xtile.ore_aluminium@0]
[09:25:50] [Client thread/INFO] [industrialrenewal]: §aIndustrial Renewal Mapped config: oreCoal into: Coal Ore by oredict 1 from 1 found
[09:25:50] [Client thread/INFO] [industrialrenewal]: §aIndustrial Renewal Mapped config: oreIron into: Hematite by oredict 1 from 4 found list: [1xtile.oreIron@0, 1xitem.industrialrenewal.chunk_hematite@0, 1xtile.industrialrenewal.orevein_hematite@0, 1xtile.ore_gneiss_iron@0]
[09:25:50] [Client thread/WARN] [industrialrenewal]: §eItem not found for: oreOsmium , this ore will not be generate in Deep Veins
[09:25:50] [Client thread/INFO] [industrialrenewal]: §aIndustrial Renewal Mapped config: oreDiamond into: Diamond Ore by oredict 1 from 3 found list: [1xtile.oreDiamond@0, 1xtile.gravel_diamond@0, 1xtile.ore_sellafield_diamond@0]
[09:25:50] [Client thread/INFO] [industrialrenewal]: §aIndustrial Renewal Mapped config: oreRedstone into: Redstone Ore by oredict 1 from 1 found
[09:25:50] [Client thread/WARN] [industrialrenewal]: §eOredict not found for: oreTin , this ore will not be generate in Deep Veins
[09:25:50] [Client thread/INFO] [industrialrenewal]: §aIndustrial Renewal Mapped config: oreLapis into: Lapis Lazuli Ore by oredict 1 from 1 found
[09:25:50] [Client thread/INFO] [industrialrenewal]: §aIndustrial Renewal Mapped config: oreGold into: Gold Ore by oredict 1 from 2 found list: [1xtile.oreGold@0, 1xtile.ore_gneiss_gold@0]
[09:25:50] [Client thread/INFO] [industrialrenewal]: §aIndustrial Renewal Registered in total 7 DeepVein Variants
[09:25:50] [Client thread/INFO] [industrialrenewal]: Done!
[09:25:50] [Client thread/INFO] [hbm]: No armor file found, registering defaults for _hbmArmor.json
[09:25:50] [CC Supporters Downloader/INFO] [STDERR]: [codechicken.lib.internal.ModDescriptionEnhancer:lambda$init$0:85]: java.lang.UnsupportedOperationException: JsonNull
[09:25:50] [CC Supporters Downloader/INFO] [STDERR]: [codechicken.lib.internal.ModDescriptionEnhancer:lambda$init$0:85]: 	at com.google.gson.JsonElement.getAsString(JsonElement.java:250)
[09:25:50] [CC Supporters Downloader/INFO] [STDERR]: [codechicken.lib.internal.ModDescriptionEnhancer:lambda$init$0:85]: 	at codechicken.lib.internal.ModDescriptionEnhancer.parse(ModDescriptionEnhancer.java:103)
[09:25:50] [CC Supporters Downloader/INFO] [STDERR]: [codechicken.lib.internal.ModDescriptionEnhancer:lambda$init$0:85]: 	at codechicken.lib.internal.ModDescriptionEnhancer.lambda$init$0(ModDescriptionEnhancer.java:82)
[09:25:50] [CC Supporters Downloader/INFO] [STDERR]: [codechicken.lib.internal.ModDescriptionEnhancer:lambda$init$0:85]: 	at java.base/java.lang.Thread.run(Thread.java:1516)
[09:25:50] [Client thread/INFO] [hbm]: Starting recipe init!
[09:25:50] [Client thread/INFO] [hbm]: No recipe file found, registering defaults for hbmPress.json
[09:25:50] [Client thread/INFO] [hbm]: Writing template file _hbmPress.json
[09:25:50] [Client thread/INFO] [hbm]: No recipe file found, registering defaults for hbmBlastFurnaceLegacy.json
[09:25:50] [Client thread/INFO] [hbm]: Writing template file _hbmBlastFurnaceLegacy.json
[09:25:50] [Client thread/INFO] [hbm]: No recipe file found, registering defaults for hbmShredder.json
[09:25:50] [Client thread/INFO] [hbm]: Writing template file _hbmShredder.json
[09:25:50] [Client thread/INFO] [hbm]: No recipe file found, registering defaults for hbmSoldering.json
[09:25:50] [Client thread/INFO] [hbm]: Writing template file _hbmSoldering.json
[09:25:50] [Client thread/INFO] [hbm]: No recipe file found, registering defaults for hbmCombination.json
[09:25:50] [Client thread/INFO] [hbm]: Writing template file _hbmCombination.json
[09:25:50] [Client thread/INFO] [hbm]: No recipe file found, registering defaults for hbmCentrifuge.json
[09:25:50] [Client thread/INFO] [hbm]: Writing template file _hbmCentrifuge.json
[09:25:50] [Client thread/INFO] [hbm]: No recipe file found, registering defaults for hbmCrystallizer.json
[09:25:50] [Client thread/INFO] [hbm]: Writing template file _hbmCrystallizer.json
[09:25:50] [Client thread/INFO] [hbm]: No recipe file found, registering defaults for hbmFractions.json
[09:25:50] [Client thread/INFO] [hbm]: Writing template file _hbmFractions.json
[09:25:50] [Client thread/INFO] [hbm]: No recipe file found, registering defaults for hbmCracking.json
[09:25:50] [Client thread/INFO] [hbm]: Writing template file _hbmCracking.json
[09:25:50] [Client thread/INFO] [hbm]: No recipe file found, registering defaults for hbmReforming.json
[09:25:50] [Client thread/INFO] [hbm]: Writing template file _hbmReforming.json
[09:25:50] [Client thread/INFO] [hbm]: No recipe file found, registering defaults for hbmHydrotreating.json
[09:25:50] [Client thread/INFO] [hbm]: Writing template file _hbmHydrotreating.json
[09:25:50] [Client thread/INFO] [hbm]: No recipe file found, registering defaults for hbmLiquefactor.json
[09:25:50] [Client thread/INFO] [hbm]: Writing template file _hbmLiquefactor.json
[09:25:50] [Client thread/INFO] [hbm]: No recipe file found, registering defaults for hbmSolidifier.json
[09:25:50] [Client thread/INFO] [hbm]: Writing template file _hbmSolidifier.json
[09:25:50] [Client thread/INFO] [hbm]: No recipe file found, registering defaults for hbmCoker.json
[09:25:50] [Client thread/INFO] [hbm]: Writing template file _hbmCoker.json
[09:25:50] [Client thread/INFO] [hbm]: No recipe file found, registering defaults for hbmPyrolysis.json
[09:25:50] [Client thread/INFO] [hbm]: Writing template file _hbmPyrolysis.json
[09:25:50] [Client thread/INFO] [hbm]: No recipe file found, registering defaults for hbmBreeder.json
[09:25:50] [Client thread/INFO] [hbm]: Writing template file _hbmBreeder.json
[09:25:50] [Client thread/INFO] [hbm]: No recipe file found, registering defaults for hbmCyclotron.json
[09:25:50] [Client thread/INFO] [hbm]: Writing template file _hbmCyclotron.json
[09:25:50] [Client thread/INFO] [hbm]: No recipe file found, registering defaults for hbmMixer.json
[09:25:50] [Client thread/INFO] [hbm]: Writing template file _hbmMixer.json
[09:25:50] [Client thread/INFO] [hbm]: No recipe file found, registering defaults for hbmIrradiation.json
[09:25:50] [Client thread/INFO] [hbm]: Writing template file _hbmIrradiation.json
[09:25:50] [Client thread/INFO] [hbm]: No recipe file found, registering defaults for hbmIrradiationFluids.json
[09:25:50] [Client thread/INFO] [hbm]: Writing template file _hbmIrradiationFluids.json
[09:25:50] [Client thread/INFO] [hbm]: No recipe file found, registering defaults for hbmCompressor.json
[09:25:50] [Client thread/INFO] [hbm]: Writing template file _hbmCompressor.json
[09:25:50] [Client thread/INFO] [hbm]: No recipe file found, registering defaults for hbmElectrolyzerFluid.json
[09:25:50] [Client thread/INFO] [hbm]: Writing template file _hbmElectrolyzerFluid.json
[09:25:50] [Client thread/INFO] [hbm]: No recipe file found, registering defaults for hbmElectrolyzerMetal.json
[09:25:50] [Client thread/INFO] [hbm]: Writing template file _hbmElectrolyzerMetal.json
[09:25:50] [Client thread/INFO] [hbm]: No recipe file found, registering defaults for hbmArcWelder.json
[09:25:50] [Client thread/INFO] [hbm]: Writing template file _hbmArcWelder.json
[09:25:50] [Client thread/INFO] [hbm]: No recipe file found, registering defaults for hbmRotaryFurnace.json
[09:25:50] [Client thread/INFO] [hbm]: Writing template file _hbmRotaryFurnace.json
[09:25:50] [Client thread/INFO] [hbm]: No recipe file found, registering defaults for hbmExposureChamber.json
[09:25:50] [Client thread/INFO] [hbm]: Writing template file _hbmExposureChamber.json
[09:25:50] [Client thread/INFO] [hbm]: No recipe file found, registering defaults for hbmParticleAccelerator.json
[09:25:50] [Client thread/INFO] [hbm]: Writing template file _hbmParticleAccelerator.json
[09:25:50] [Client thread/INFO] [hbm]: No recipe file found, registering defaults for hbmAmmoPress.json
[09:25:50] [Client thread/INFO] [hbm]: Writing template file _hbmAmmoPress.json
[09:25:50] [Client thread/INFO] [hbm]: No recipe file found, registering defaults for hbmFuelpool.json
[09:25:50] [Client thread/INFO] [hbm]: Writing template file _hbmFuelpool.json
[09:25:50] [Client thread/INFO] [hbm]: No recipe file found, registering defaults for hbmAnvil.json
[09:25:50] [Client thread/INFO] [hbm]: Writing template file _hbmAnvil.json
[09:25:50] [Client thread/INFO] [hbm]: No recipe file found, registering defaults for hbmPedestal.json
[09:25:50] [Client thread/INFO] [hbm]: Writing template file _hbmPedestal.json
[09:25:50] [Client thread/INFO] [hbm]: No recipe file found, registering defaults for hbmAnnihilator.json
[09:25:50] [Client thread/INFO] [hbm]: Writing template file _hbmAnnihilator.json
[09:25:50] [Client thread/INFO] [hbm]: No recipe file found, registering defaults for hbmCrucible.json
[09:25:50] [Client thread/INFO] [hbm]: Writing template file _hbmCrucible.json
[09:25:50] [Client thread/INFO] [hbm]: No recipe file found, registering defaults for hbmAssemblyMachine.json
[09:25:50] [Client thread/INFO] [hbm]: Writing template file _hbmAssemblyMachine.json
[09:25:50] [Client thread/INFO] [hbm]: No recipe file found, registering defaults for hbmChemicalPlant.json
[09:25:50] [Client thread/INFO] [hbm]: Writing template file _hbmChemicalPlant.json
[09:25:50] [Client thread/INFO] [hbm]: No recipe file found, registering defaults for hbmPUREX.json
[09:25:50] [Client thread/INFO] [hbm]: Writing template file _hbmPUREX.json
[09:25:50] [Client thread/INFO] [hbm]: No recipe file found, registering defaults for hbmFusion.json
[09:25:50] [Client thread/INFO] [hbm]: Writing template file _hbmFusion.json
[09:25:50] [Client thread/INFO] [hbm]: No recipe file found, registering defaults for hbmPrecisionAssembly.json
[09:25:50] [Client thread/INFO] [hbm]: Writing template file _hbmPrecisionAssembly.json
[09:25:50] [Client thread/INFO] [hbm]: No recipe file found, registering defaults for hbmPlasmaForge.json
[09:25:50] [Client thread/INFO] [hbm]: Writing template file _hbmPlasmaForge.json
[09:25:50] [Client thread/INFO] [hbm]: No recipe file found, registering defaults for hbmBlastFurnace.json
[09:25:50] [Client thread/INFO] [hbm]: Writing template file _hbmBlastFurnace.json
[09:25:50] [Client thread/INFO] [hbm]: No recipe file found, registering defaults for hbmRockMill.json
[09:25:50] [Client thread/INFO] [hbm]: Writing template file _hbmRockMill.json
[09:25:50] [Client thread/INFO] [hbm]: No recipe file found, registering defaults for hbmCrucibleSmelting.json
[09:25:50] [Client thread/INFO] [hbm]: GTCEu loaded = false
[09:25:50] [Client thread/INFO] [hbm]: Writing template file _hbmCrucibleSmelting.json
[09:25:50] [Client thread/INFO] [hbm]: No recipe file found, registering defaults for hbmCustomMachines.json
[09:25:50] [Client thread/INFO] [hbm]: Writing template file _hbmCustomMachines.json
[09:25:50] [Client thread/INFO] [hbm]: No recipe file found, registering defaults for hbmArcFurnace.json
[09:25:50] [Client thread/INFO] [hbm]: Writing template file _hbmArcFurnace.json
[09:25:50] [Client thread/INFO] [hbm]: Finished recipe init!
[09:25:50] [Client thread/INFO] [hbm]: NTMFluidCapabilityHandler init: mapped 157 Forge Fluids, tracking 37 items.
[09:25:50] [Client thread/INFO] [worldedit]: WorldEdit for Forge (version 6.1.10) is loaded
[09:25:50] [Client thread/INFO] [jei]: Starting JEI...
[09:25:50] [Client thread/ERROR] [jei]: Found empty subBlock of Block{cfm:curtains_open}
[09:25:50] [Client thread/ERROR] [jei]: Found empty subBlock of Block{cfm:curtains_open}
[09:25:50] [Client thread/ERROR] [jei]: Found empty subBlock of Block{cfm:curtains_open}
[09:25:50] [Client thread/ERROR] [jei]: Found empty subBlock of Block{cfm:curtains_open}
[09:25:50] [Client thread/ERROR] [jei]: Found empty subBlock of Block{cfm:curtains_open}
[09:25:50] [Client thread/ERROR] [jei]: Found empty subBlock of Block{cfm:curtains_open}
[09:25:50] [Client thread/ERROR] [jei]: Found empty subBlock of Block{cfm:curtains_open}
[09:25:50] [Client thread/ERROR] [jei]: Found empty subBlock of Block{cfm:curtains_open}
[09:25:50] [Client thread/ERROR] [jei]: Found empty subBlock of Block{cfm:curtains_open}
[09:25:50] [Client thread/ERROR] [jei]: Found empty subBlock of Block{cfm:curtains_open}
[09:25:50] [Client thread/ERROR] [jei]: Found empty subBlock of Block{cfm:curtains_open}
[09:25:50] [Client thread/ERROR] [jei]: Found empty subBlock of Block{cfm:curtains_open}
[09:25:50] [Client thread/ERROR] [jei]: Found empty subBlock of Block{cfm:curtains_open}
[09:25:50] [Client thread/ERROR] [jei]: Found empty subBlock of Block{cfm:curtains_open}
[09:25:50] [Client thread/ERROR] [jei]: Found empty subBlock of Block{cfm:curtains_open}
[09:25:50] [Client thread/ERROR] [jei]: Found empty subBlock of Block{cfm:curtains_open}
[09:25:50] [Client thread/INFO] [jei]: Registering recipe categories...
[09:25:50] [Client thread/WARN] [hbm]: JEIUniversalHandler: extractInputLists failed for type class com.hbm.inventory.RecipesCommon$OreDictStack
[09:25:50] [Client thread/WARN] [hbm]: JEIUniversalHandler: extractInputLists failed for type class com.hbm.inventory.RecipesCommon$OreDictStack
[09:25:50] [Client thread/WARN] [hbm]: JEIUniversalHandler: extractInputLists failed for type class com.hbm.inventory.RecipesCommon$OreDictStack
[09:25:50] [Client thread/INFO] [jei]: Registering recipe categories took 68.31 ms
[09:25:50] [Client thread/INFO] [jei]: Registering mod plugins...
[09:25:50] [Client thread/INFO] [immersiveengineering]: Adding recipes to JEI!!
[09:25:50] [Client thread/INFO] [jei]: Added recipe registry plugin: class com.hbm.handler.jei.FluidIconRecipeRegistryPlugin
[09:25:50] [Client thread/INFO] [jei]: Registering mod plugins took 104.7 ms
[09:25:50] [Client thread/INFO] [jei]: Building recipe registry...
[09:25:50] [Client thread/INFO] [jei]: Building recipe registry took 106.3 ms
[09:25:50] [Client thread/INFO] [jei]: Building ingredient list...
[09:25:50] [Client thread/INFO] [jei]: Building ingredient list took 27.67 ms
[09:25:50] [Client thread/INFO] [jei]: Building ingredient filter...
[09:25:51] [Client thread/INFO] [jei]: Building ingredient filter took 702.4 ms
[09:25:51] [Client thread/INFO] [jei]: Building bookmarks...
[09:25:51] [Client thread/INFO] [jei]: Building bookmarks took 836.9 μs
[09:25:51] [Client thread/INFO] [jei]: Building runtime...
[09:25:51] [Client thread/INFO] [jei]: Building runtime took 17.48 ms
[09:25:51] [Client thread/INFO] [jei]: Optimizing memory usage...
[09:25:51] [Client thread/INFO] [jei]: Optimizing memory usage took 79.15 ms
[09:25:51] [Client thread/INFO] [jei]: Starting JEI took 1.209 s
[09:25:51] [Client thread/INFO] [hbm]: Clearing HBM hazard calculation caches.
[09:25:53] [Client thread/INFO] [FML]: Forge Mod Loader has successfully loaded 41 mods
[09:25:53] [Client thread/WARN] [net.minecraft.client.settings.GameSettings]: Skipping bad option: lastServer:
[09:25:53] [Client thread/INFO] [Kirino Core]: ---------- Kirino Common Post-Initialization ----------
[09:25:53] [Client thread/INFO] [Kirino Core]: ---------- Kirino Client-Side Post-Initialization ----------
[09:25:53] [Client thread/INFO] [Kirino Core]: Post-Initializing Kirino Engine.
[09:25:53] [Client thread/INFO] [Kirino Core]: Kirino Engine Post-Initialized. Time taken: 1 ms
[09:25:53] [Client thread/WARN] [com.mojang.text2speech.NarratorLinux]: ERROR : Couldn't load Narrator library : Unable to load library 'fliteWrapper':
libflite.so.1: nie można otworzyć pliku obiektu dzielonego: Nie ma takiego pliku ani katalogu
libflite.so.1: nie można otworzyć pliku obiektu dzielonego: Nie ma takiego pliku ani katalogu
Native library (linux-x86-64/libfliteWrapper.so) not found in resource path ([file:/usr/share/PrismLauncher/NewLaunch.jar, file:/home/wrobel/.local/share/PrismLauncher/libraries/org/lwjgl/lwjgl-glfw/3.4.1/lwjgl-glfw-3.4.1.jar, file:/home/wrobel/.local/share/PrismLauncher/libraries/org/lwjgl/lwjgl-jemalloc/3.4.1/lwjgl-jemalloc-3.4.1.jar, file:/home/wrobel/.local/share/PrismLauncher/libraries/org/lwjgl/lwjgl-openal/3.4.1/lwjgl-openal-3.4.1.jar, file:/home/wrobel/.local/share/PrismLauncher/libraries/org/lwjgl/lwjgl-opengl/3.4.1/lwjgl-opengl-3.4.1.jar, file:/home/wrobel/.local/share/PrismLauncher/libraries/org/lwjgl/lwjgl-stb/3.4.1/lwjgl-stb-3.4.1.jar, file:/home/wrobel/.local/share/PrismLauncher/libraries/org/lwjgl/lwjgl-tinyfd/3.4.1/lwjgl-tinyfd-3.4.1.jar, file:/home/wrobel/.local/share/PrismLauncher/libraries/org/lwjgl/lwjgl/3.4.1-unsafe/lwjgl-3.4.1-unsafe.jar, file:/home/wrobel/.local/share/PrismLauncher/libraries/org/lwjgl/lwjgl-glfw/3.4.1/lwjgl-glfw-3.4.1-natives-linux-arm64.jar, file:/home/wrobel/.local/share/PrismLauncher/libraries/org/lwjgl/lwjgl-glfw/3.4.1/lwjgl-glfw-3.4.1-natives-linux-arm32.jar, file:/home/wrobel/.local/share/PrismLauncher/libraries/org/lwjgl/lwjgl-glfw/3.4.1/lwjgl-glfw-3.4.1-natives-linux.jar, file:/home/wrobel/.local/share/PrismLauncher/libraries/org/lwjgl/lwjgl-jemalloc/3.4.1/lwjgl-jemalloc-3.4.1-natives-linux-arm64.jar, file:/home/wrobel/.local/share/PrismLauncher/libraries/org/lwjgl/lwjgl-jemalloc/3.4.1/lwjgl-jemalloc-3.4.1-natives-linux-arm32.jar, file:/home/wrobel/.local/share/PrismLauncher/libraries/org/lwjgl/lwjgl-jemalloc/3.4.1/lwjgl-jemalloc-3.4.1-natives-linux.jar, file:/home/wrobel/.local/share/PrismLauncher/libraries/org/lwjgl/lwjgl-openal/3.4.1/lwjgl-openal-3.4.1-natives-linux-arm64.jar, file:/home/wrobel/.local/share/PrismLauncher/libraries/org/lwjgl/lwjgl-openal/3.4.1/lwjgl-openal-3.4.1-natives-linux-arm32.jar, file:/home/wrobel/.local/share/PrismLauncher/libraries/org/lwjgl/lwjgl-openal/3.4.1/lwjgl-openal-3.4.1-natives-linux.jar, file:/home/wrobel/.local/share/PrismLauncher/libraries/org/lwjgl/lwjgl-opengl/3.4.1/lwjgl-opengl-3.4.1-natives-linux-arm64.jar, file:/home/wrobel/.local/share/PrismLauncher/libraries/org/lwjgl/lwjgl-opengl/3.4.1/lwjgl-opengl-3.4.1-natives-linux-arm32.jar, file:/home/wrobel/.local/share/PrismLauncher/libraries/org/lwjgl/lwjgl-opengl/3.4.1/lwjgl-opengl-3.4.1-natives-linux.jar, file:/home/wrobel/.local/share/PrismLauncher/libraries/org/lwjgl/lwjgl-stb/3.4.1/lwjgl-stb-3.4.1-natives-linux-arm64.jar, file:/home/wrobel/.local/share/PrismLauncher/libraries/org/lwjgl/lwjgl-stb/3.4.1/lwjgl-stb-3.4.1-natives-linux-arm32.jar, file:/home/wrobel/.local/share/PrismLauncher/libraries/org/lwjgl/lwjgl-stb/3.4.1/lwjgl-stb-3.4.1-natives-linux.jar, file:/home/wrobel/.local/share/PrismLauncher/libraries/org/lwjgl/lwjgl-tinyfd/3.4.1/lwjgl-tinyfd-3.4.1-natives-linux-arm64.jar, file:/home/wrobel/.local/share/PrismLauncher/libraries/org/lwjgl/lwjgl-tinyfd/3.4.1/lwjgl-tinyfd-3.4.1-natives-linux-arm32.jar, file:/home/wrobel/.local/share/PrismLauncher/libraries/org/lwjgl/lwjgl-tinyfd/3.4.1/lwjgl-tinyfd-3.4.1-natives-linux.jar, file:/home/wrobel/.local/share/PrismLauncher/libraries/org/lwjgl/lwjgl/3.4.1/lwjgl-3.4.1-natives-linux-arm64.jar, file:/home/wrobel/.local/share/PrismLauncher/libraries/org/lwjgl/lwjgl/3.4.1/lwjgl-3.4.1-natives-linux-arm32.jar, file:/home/wrobel/.local/share/PrismLauncher/libraries/org/lwjgl/lwjgl/3.4.1/lwjgl-3.4.1-natives-linux.jar, file:/home/wrobel/.local/share/PrismLauncher/libraries/com/paulscode/codecjorbis/20101023/codecjorbis-20101023.jar, file:/home/wrobel/.local/share/PrismLauncher/libraries/com/paulscode/codecwav/20101023/codecwav-20101023.jar, file:/home/wrobel/.local/share/PrismLauncher/libraries/com/paulscode/libraryjavasound/20101123/libraryjavasound-20101123.jar, file:/home/wrobel/.local/share/PrismLauncher/libraries/com/paulscode/librarylwjglopenal/20100824/librarylwjglopenal-20100824.jar, file:/home/wrobel/.local/share/PrismLauncher/libraries/com/paulscode/soundsystem/20120107/soundsystem-20120107.jar, file:/home/wrobel/.local/share/PrismLauncher/libraries/com/mojang/authlib/1.5.25/authlib-1.5.25.jar, file:/home/wrobel/.local/share/PrismLauncher/libraries/com/mojang/realms/1.10.22/realms-1.10.22.jar, file:/home/wrobel/.local/share/PrismLauncher/libraries/com/mojang/text2speech/1.10.3/text2speech-1.10.3.jar, file:/home/wrobel/.local/share/PrismLauncher/libraries/com/cleanroommc/cleanroom/0.6.11-alpha/cleanroom-0.6.11-alpha.jar, file:/home/wrobel/.local/share/PrismLauncher/libraries/com/cleanroommc/lwjglxx/1.1.22/lwjglxx-1.1.22.jar, file:/home/wrobel/.local/share/PrismLauncher/libraries/org/ow2/asm/asm/9.10.1/asm-9.10.1.jar, file:/home/wrobel/.local/share/PrismLauncher/libraries/org/ow2/asm/asm-commons/9.10.1/asm-commons-9.10.1.jar, file:/home/wrobel/.local/share/PrismLauncher/libraries/org/ow2/asm/asm-tree/9.10.1/asm-tree-9.10.1.jar, file:/home/wrobel/.local/share/PrismLauncher/libraries/org/ow2/asm/asm-util/9.10.1/asm-util-9.10.1.jar, file:/home/wrobel/.local/share/PrismLauncher/libraries/org/ow2/asm/asm-analysis/9.10.1/asm-analysis-9.10.1.jar, file:/home/wrobel/.local/share/PrismLauncher/libraries/org/ow2/asm/asm-deprecated/7.1/asm-deprecated-7.1.jar, file:/home/wrobel/.local/share/PrismLauncher/libraries/top/outlands/foundation/0.19.11/foundation-0.19.11.jar, file:/home/wrobel/.local/share/PrismLauncher/libraries/net/lenni0451/Reflect/1.6.4/Reflect-1.6.4.jar, file:/home/wrobel/.local/share/PrismLauncher/libraries/net/lenni0451/commons/unchecked/1.9.2/unchecked-1.9.2.jar, file:/home/wrobel/.local/share/PrismLauncher/libraries/org/javassist/javassist/3.30.2-GA/javassist-3.30.2-GA.jar, file:/home/wrobel/.local/share/PrismLauncher/libraries/com/ibm/icu/icu4j/78.3/icu4j-78.3.jar, file:/home/wrobel/.local/share/PrismLauncher/libraries/org/jline/jline/4.1.3/jline-4.1.3.jar, file:/home/wrobel/.local/share/PrismLauncher/libraries/org/jline/jline-native/4.1.3/jline-native-4.1.3.jar, file:/home/wrobel/.local/share/PrismLauncher/libraries/net/java/jinput/jinput/2.0.10/jinput-2.0.10.jar, file:/home/wrobel/.local/share/PrismLauncher/libraries/lzma/lzma/0.0.1/lzma-0.0.1.jar, file:/home/wrobel/.local/share/PrismLauncher/libraries/java3d/vecmath/1.5.2/vecmath-1.5.2.jar, file:/home/wrobel/.local/share/PrismLauncher/libraries/net/sf/trove4j/core/3.1.0/core-3.1.0.jar, file:/home/wrobel/.local/share/PrismLauncher/libraries/net/sf/trove4j/experimental/3.1.0/experimental-3.1.0.jar, file:/home/wrobel/.local/share/PrismLauncher/libraries/net/sf/jopt-simple/jopt-simple/5.0.4/jopt-simple-5.0.4.jar, file:/home/wrobel/.local/share/PrismLauncher/libraries/com/github/oshi/oshi-core-ffm/7.3.2/oshi-core-ffm-7.3.2.jar, file:/home/wrobel/.local/share/PrismLauncher/libraries/com/github/oshi/oshi-common/7.3.2/oshi-common-7.3.2.jar, file:/home/wrobel/.local/share/PrismLauncher/libraries/net/java/dev/jna/jna/5.19.1/jna-5.19.1.jar, file:/home/wrobel/.local/share/PrismLauncher/libraries/net/java/dev/jna/jna-platform/5.19.1/jna-platform-5.19.1.jar, file:/home/wrobel/.local/share/PrismLauncher/libraries/it/unimi/dsi/fastutil/8.5.18/fastutil-8.5.18.jar, file:/home/wrobel/.local/share/PrismLauncher/libraries/com/google/guava/guava/33.6.0-jre/guava-33.6.0-jre.jar, file:/home/wrobel/.local/share/PrismLauncher/libraries/com/google/guava/failureaccess/1.0.2/failureaccess-1.0.2.jar, file:/home/wrobel/.local/share/PrismLauncher/libraries/com/google/code/gson/gson/2.14.0/gson-2.14.0.jar, file:/home/wrobel/.local/share/PrismLauncher/libraries/org/apache/commons/commons-lang3/3.20.0/commons-lang3-3.20.0.jar, file:/home/wrobel/.local/share/PrismLauncher/libraries/org/apache/commons/commons-compress/1.28.0/commons-compress-1.28.0.jar, file:/home/wrobel/.local/share/PrismLauncher/libraries/commons-codec/commons-codec/1.22.0/commons-codec-1.22.0.jar, file:/home/wrobel/.local/share/PrismLauncher/libraries/commons-io/commons-io/2.22.0/commons-io-2.22.0.jar, file:/home/wrobel/.local/share/PrismLauncher/libraries/commons-logging/commons-logging/1.4.0/commons-logging-1.4.0.jar, file:/home/wrobel/.local/share/PrismLauncher/libraries/org/apache/maven/maven-artifact/3.9.16/maven-artifact-3.9.16.jar, file:/home/wrobel/.local/share/PrismLauncher/libraries/org/apache/commons/commons-text/1.15.0/commons-text-1.15.0.jar, file:/home/wrobel/.local/share/PrismLauncher/libraries/org/tukaani/xz/1.12/xz-1.12.jar, file:/home/wrobel/.local/share/PrismLauncher/libraries/com/google/code/findbugs/jsr305/3.0.2/jsr305-3.0.2.jar, file:/home/wrobel/.local/share/PrismLauncher/libraries/org/jspecify/jspecify/1.0.0/jspecify-1.0.0.jar, file:/home/wrobel/.local/share/PrismLauncher/libraries/org/apache/httpcomponents/core5/httpcore5/5.4.3/httpcore5-5.4.3.jar, file:/home/wrobel/.local/share/PrismLauncher/libraries/org/apache/httpcomponents/core5/httpcore5-h2/5.4.3/httpcore5-h2-5.4.3.jar, file:/home/wrobel/.local/share/PrismLauncher/libraries/org/apache/httpcomponents/client5/httpclient5/5.6.1/httpclient5-5.6.1.jar, file:/home/wrobel/.local/share/PrismLauncher/libraries/org/apache/httpcomponents/httpclient/4.5.14/httpclient-4.5.14.jar, file:/home/wrobel/.local/share/PrismLauncher/libraries/org/apache/httpcomponents/httpcore/4.4.16/httpcore-4.4.16.jar, file:/home/wrobel/.local/share/PrismLauncher/libraries/io/netty/netty-codec-base/4.2.15.Final/netty-codec-base-4.2.15.Final.jar, file:/home/wrobel/.local/share/PrismLauncher/libraries/io/netty/netty-buffer/4.2.15.Final/netty-buffer-4.2.15.Final.jar, file:/home/wrobel/.local/share/PrismLauncher/libraries/io/netty/netty-common/4.2.15.Final/netty-common-4.2.15.Final.jar, file:/home/wrobel/.local/share/PrismLauncher/libraries/io/netty/netty-handler/4.2.15.Final/netty-handler-4.2.15.Final.jar, file:/home/wrobel/.local/share/PrismLauncher/libraries/io/netty/netty-resolver/4.2.15.Final/netty-resolver-4.2.15.Final.jar, file:/home/wrobel/.local/share/PrismLauncher/libraries/io/netty/netty-transport/4.2.15.Final/netty-transport-4.2.15.Final.jar, file:/home/wrobel/.local/share/PrismLauncher/libraries/io/netty/netty-transport-native-unix-common/4.2.15.Final-linux-x86_64/netty-transport-native-unix-common-4.2.15.Final-linux-x86_64.jar, file:/home/wrobel/.local/share/PrismLauncher/libraries/io/netty/netty-transport-classes-epoll/4.2.15.Final/netty-transport-classes-epoll-4.2.15.Final.jar, file:/home/wrobel/.local/share/PrismLauncher/libraries/io/netty/netty-transport-native-epoll/4.2.15.Final-linux-x86_64/netty-transport-native-epoll-4.2.15.Final-linux-x86_64.jar, file:/home/wrobel/.local/share/PrismLauncher/libraries/io/netty/netty-codec-http/4.2.15.Final/netty-codec-http-4.2.15.Final.jar, file:/home/wrobel/.local/share/PrismLauncher/libraries/io/netty/netty-codec-http2/4.2.15.Final/netty-codec-http2-4.2.15.Final.jar, file:/home/wrobel/.local/share/PrismLauncher/libraries/io/netty/netty-codec-dns/4.2.15.Final/netty-codec-dns-4.2.15.Final.jar, file:/home/wrobel/.local/share/PrismLauncher/libraries/io/netty/netty-codec-compression/4.2.15.Final/netty-codec-compression-4.2.15.Final.jar, file:/home/wrobel/.local/share/PrismLauncher/libraries/io/netty/netty-resolver-dns/4.2.15.Final/netty-resolver-dns-4.2.15.Final.jar, file:/home/wrobel/.local/share/PrismLauncher/libraries/jakarta/xml/ws/jakarta.xml.ws-api/4.0.3/jakarta.xml.ws-api-4.0.3.jar, file:/home/wrobel/.local/share/PrismLauncher/libraries/jakarta/activation/jakarta.activation-api/2.1.4/jakarta.activation-api-2.1.4.jar, file:/home/wrobel/.local/share/PrismLauncher/libraries/jakarta/annotation/jakarta.annotation-api/3.0.0/jakarta.annotation-api-3.0.0.jar, file:/home/wrobel/.local/share/PrismLauncher/libraries/jakarta/xml/bind/jakarta.xml.bind-api/4.0.5/jakarta.xml.bind-api-4.0.5.jar, file:/home/wrobel/.local/share/PrismLauncher/libraries/jakarta/inject/jakarta.inject-api/2.0.1/jakarta.inject-api-2.0.1.jar, file:/home/wrobel/.local/share/PrismLauncher/libraries/org/apache/logging/log4j/log4j-api/2.26.0/log4j-api-2.26.0.jar, file:/home/wrobel/.local/share/PrismLauncher/libraries/org/apache/logging/log4j/log4j-core/2.26.0/log4j-core-2.26.0.jar, file:/home/wrobel/.local/share/PrismLauncher/libraries/org/apache/logging/log4j/log4j-slf4j2-impl/2.26.0/log4j-slf4j2-impl-2.26.0.jar, file:/home/wrobel/.local/share/PrismLauncher/libraries/org/slf4j/slf4j-api/2.0.18/slf4j-api-2.0.18.jar, file:/home/wrobel/.local/share/PrismLauncher/libraries/org/glassfish/jaxb/jaxb-runtime/4.0.9/jaxb-runtime-4.0.9.jar, file:/home/wrobel/.local/share/PrismLauncher/libraries/org/glassfish/jaxb/jaxb-core/4.0.9/jaxb-core-4.0.9.jar, file:/home/wrobel/.local/share/PrismLauncher/libraries/com/sun/istack/istack-commons-runtime/4.2.0/istack-commons-runtime-4.2.0.jar, file:/home/wrobel/.local/share/PrismLauncher/libraries/org/glassfish/corba/glassfish-corba-omgapi/5.0.2/glassfish-corba-omgapi-5.0.2.jar, file:/home/wrobel/.local/share/PrismLauncher/libraries/org/openjdk/nashorn/nashorn-core/15.7/nashorn-core-15.7.jar, file:/home/wrobel/.local/share/PrismLauncher/libraries/ca/weblite/java-objc-bridge/1.2/java-objc-bridge-1.2.jar, file:/home/wrobel/.local/share/PrismLauncher/libraries/org/joml/joml/1.10.9/joml-1.10.9.jar, file:/home/wrobel/.local/share/PrismLauncher/libraries/io/github/classgraph/classgraph/4.8.184/classgraph-4.8.184.jar, file:/home/wrobel/.local/share/PrismLauncher/libraries/com/cleanroommc/cleanmix/0.7.2/cleanmix-0.7.2.jar, file:/home/wrobel/.local/share/PrismLauncher/libraries/com/cleanroommc/mixinextras-common/0.5.5/mixinextras-common-0.5.5.jar, file:/home/wrobel/.local/share/PrismLauncher/libraries/com/mojang/minecraft/1.12.2/minecraft-1.12.2-client.jar, file:/home/wrobel/.local/share/PrismLauncher/instances/cleanroom-0.6.11-alpha/minecraft/mods/+Fugue-0.24.3.jar, file:/home/wrobel/.local/share/PrismLauncher/instances/cleanroom-0.6.11-alpha/minecraft/mods/BetterFps-1.4.8.jar, file:/home/wrobel/.local/share/PrismLauncher/instances/cleanroom-0.6.11-alpha/minecraft/mods/1.12.2/ChickenASM-1.12-1.0.2.7.jar, file:/home/wrobel/.local/share/PrismLauncher/instances/cleanroom-0.6.11-alpha/minecraft/mods/CTM-MC1.12.2-1.0.2.31.jar, file:/home/wrobel/.local/share/PrismLauncher/instances/cleanroom-0.6.11-alpha/minecraft/mods/DistantHorizons-3.2.0-b-1.12.2-forge.jar, file:/home/wrobel/.local/share/PrismLauncher/instances/cleanroom-0.6.11-alpha/minecraft/mods/engineers_doors-1.12.2-0.9.1.jar, file:/home/wrobel/.local/share/PrismLauncher/instances/cleanroom-0.6.11-alpha/minecraft/mods/Locks-1.12.2-3.0.0.jar, file:/home/wrobel/.local/share/PrismLauncher/instances/cleanroom-0.6.11-alpha/minecraft/mods/NTM-CE-1.12.2-2.5.0.5.jar, file:/home/wrobel/.local/share/PrismLauncher/instances/cleanroom-0.6.11-alpha/minecraft/mods/1.12.2/scala-library-3.8.4.jar, file:/home/wrobel/.local/share/PrismLauncher/instances/cleanroom-0.6.11-alpha/minecraft/mods/1.12.2/scala-parser-combinators_3-2.4.0.jar, file:/home/wrobel/.local/share/PrismLauncher/instances/cleanroom-0.6.11-alpha/minecraft/mods/scalar-3.8.4-1.jar, file:/home/wrobel/.local/share/PrismLauncher/instances/cleanroom-0.6.11-alpha/minecraft/mods/memory_repo/blusunrize/ImmersiveEngineering-core/0.12-98/ImmersiveEngineering-core-0.12-98.jar, asmgen:/, file:/home/wrobel/.local/share/PrismLauncher/instances/cleanroom-0.6.11-alpha/minecraft/mods/mts+warkparts_1.12.2-1.1.1.jar, file:/home/wrobel/.local/share/PrismLauncher/instances/cleanroom-0.6.11-alpha/minecraft/mods/mts+warkvehicle_1.12.2-1.1.1.jar, file:/home/wrobel/.local/share/PrismLauncher/instances/cleanroom-0.6.11-alpha/minecraft/minecraft.jar, file:/home/wrobel/.local/share/PrismLauncher/instances/cleanroom-0.6.11-alpha/minecraft/mods/Immersive%20Vehicles-1.12.2-24.0.0.jar, file:/home/wrobel/.local/share/PrismLauncher/instances/cleanroom-0.6.11-alpha/minecraft/mods/Blu's%20Sign%20Pack-1.12.2-1.2.2.jar, file:/home/wrobel/.local/share/PrismLauncher/instances/cleanroom-0.6.11-alpha/minecraft/mods/cfm-6.3.2-1.12.2.jar, file:/home/wrobel/.local/share/PrismLauncher/instances/cleanroom-0.6.11-alpha/minecraft/mods/CodeChickenLib-1.12.2-3.2.3.358-universal.jar, file:/home/wrobel/.local/share/PrismLauncher/instances/cleanroom-0.6.11-alpha/minecraft/mods/ElectricalCraft%202023.12.1%20Indev%201.12.2.jar, file:/home/wrobel/.local/share/PrismLauncher/instances/cleanroom-0.6.11-alpha/minecraft/mods/engineersdecor-1.12.2-1.1.5.jar, file:/home/wrobel/.local/share/PrismLauncher/instances/cleanroom-0.6.11-alpha/minecraft/mods/jei_1.12.2-4.16.1.1013.jar, file:/home/wrobel/.local/share/PrismLauncher/instances/cleanroom-0.6.11-alpha/minecraft/mods/ImmersiveEngineering-0.12-98.jar, file:/home/wrobel/.local/share/PrismLauncher/instances/cleanroom-0.6.11-alpha/minecraft/mods/Furenikus_Roads-1.2.6.jar, file:/home/wrobel/.local/share/PrismLauncher/instances/cleanroom-0.6.11-alpha/minecraft/mods/Guidebook-1.12.2-2.9.5.jar, file:/home/wrobel/.local/share/PrismLauncher/instances/cleanroom-0.6.11-alpha/minecraft/mods/IndustrialRenewal_1.12.2-0.21.8.jar, file:/home/wrobel/.local/share/PrismLauncher/instances/cleanroom-0.6.11-alpha/minecraft/mods/ItemOverflow-1.12.2-pre-1.0.3b1.jar, file:/home/wrobel/.local/share/PrismLauncher/instances/cleanroom-0.6.11-alpha/minecraft/mods/IV_Trin_Industrial_Machinery_Pack_1.0.3.jar, file:/home/wrobel/.local/share/PrismLauncher/instances/cleanroom-0.6.11-alpha/minecraft/mods/MTS%20Official%20Pack-1.12.2-V29.jar, file:/home/wrobel/.local/share/PrismLauncher/instances/cleanroom-0.6.11-alpha/minecraft/mods/rockhounding_core-1.12.2-3.30.jar, file:/home/wrobel/.local/share/PrismLauncher/instances/cleanroom-0.6.11-alpha/minecraft/mods/rockhounding_chemistry-1.12.2-3.71.jar, file:/home/wrobel/.local/share/PrismLauncher/instances/cleanroom-0.6.11-alpha/minecraft/mods/rsgauges-1.12.2-1.2.8.jar, file:/home/wrobel/.local/share/PrismLauncher/instances/cleanroom-0.6.11-alpha/minecraft/mods/signPack-1.12.2-V1.jar, file:/home/wrobel/.local/share/PrismLauncher/instances/cleanroom-0.6.11-alpha/minecraft/mods/Soviet+Era+0.6.jar, file:/home/wrobel/.local/share/PrismLauncher/instances/cleanroom-0.6.11-alpha/minecraft/mods/TESP-2.0.0.jar, file:/home/wrobel/.local/share/PrismLauncher/instances/cleanroom-0.6.11-alpha/minecraft/mods/worldedit-forge-mc1.12.2-6.1.10-dist.jar, file:/home/wrobel/.local/share/PrismLauncher/instances/cleanroom-0.6.11-alpha/minecraft/mods/IndustrialWires-1.8-38.jar])
[09:25:53] [Client thread/INFO] [BetterFps]: Patching net.minecraft.client.gui.GuiOptions... (ble)
[09:25:53] [Client thread/INFO] [BetterFps]: Patching net.minecraft.client.gui.GuiOptions... (ble)
[09:25:53] [Client thread/ERROR] [FML.TEXTURE_ERRORS]: +=+=+=+=+=+=+=+=+=+=+=+=+=+=+=+=+=+=+=+=+=+=+=+=+=
[09:25:53] [Client thread/ERROR] [FML.TEXTURE_ERRORS]: The following texture errors were found.
[09:25:53] [Client thread/ERROR] [FML.TEXTURE_ERRORS]: ==================================================
[09:25:53] [Client thread/ERROR] [FML.TEXTURE_ERRORS]:   DOMAIN minecraft
[09:25:53] [Client thread/ERROR] [FML.TEXTURE_ERRORS]: --------------------------------------------------
[09:25:53] [Client thread/ERROR] [FML.TEXTURE_ERRORS]:   domain minecraft is missing 1 texture
[09:25:53] [Client thread/ERROR] [FML.TEXTURE_ERRORS]:     domain minecraft has 3 locations:
[09:25:53] [Client thread/ERROR] [FML.TEXTURE_ERRORS]:       unknown resourcepack type net.minecraft.client.resources.DefaultResourcePack : Default
[09:25:53] [Client thread/ERROR] [FML.TEXTURE_ERRORS]:       mod hbm resources at /home/wrobel/.local/share/PrismLauncher/instances/cleanroom-0.6.11-alpha/minecraft/mods/NTM-CE-1.12.2-2.5.0.5.jar
[09:25:53] [Client thread/ERROR] [FML.TEXTURE_ERRORS]:       mod immersiveengineering resources at /home/wrobel/.local/share/PrismLauncher/instances/cleanroom-0.6.11-alpha/minecraft/mods/ImmersiveEngineering-0.12-98.jar
[09:25:53] [Client thread/ERROR] [FML.TEXTURE_ERRORS]: -------------------------
[09:25:53] [Client thread/ERROR] [FML.TEXTURE_ERRORS]:     The missing resources for domain minecraft are:
[09:25:53] [Client thread/ERROR] [FML.TEXTURE_ERRORS]:       textures/blocks/back_s.png
[09:25:53] [Client thread/ERROR] [FML.TEXTURE_ERRORS]: -------------------------
[09:25:53] [Client thread/ERROR] [FML.TEXTURE_ERRORS]:     No other errors exist for domain minecraft
[09:25:53] [Client thread/ERROR] [FML.TEXTURE_ERRORS]: ==================================================
[09:25:53] [Client thread/ERROR] [FML.TEXTURE_ERRORS]: ==================================================
[09:25:53] [Client thread/ERROR] [FML.TEXTURE_ERRORS]:   DOMAIN immersiveengineering
[09:25:53] [Client thread/ERROR] [FML.TEXTURE_ERRORS]: --------------------------------------------------
[09:25:53] [Client thread/ERROR] [FML.TEXTURE_ERRORS]:   domain immersiveengineering is missing 1 texture
[09:25:53] [Client thread/ERROR] [FML.TEXTURE_ERRORS]:     domain immersiveengineering has 2 locations:
[09:25:53] [Client thread/ERROR] [FML.TEXTURE_ERRORS]:       mod immersiveengineering resources at /home/wrobel/.local/share/PrismLauncher/instances/cleanroom-0.6.11-alpha/minecraft/mods/ImmersiveEngineering-0.12-98.jar
[09:25:53] [Client thread/ERROR] [FML.TEXTURE_ERRORS]:       unknown resourcepack type net.minecraft.client.resources.LegacyV2Adapter : FMLFileResourcePack:Industrial Wires
[09:25:53] [Client thread/ERROR] [FML.TEXTURE_ERRORS]: -------------------------
[09:25:53] [Client thread/ERROR] [FML.TEXTURE_ERRORS]:     The missing resources for domain immersiveengineering are:
[09:25:53] [Client thread/ERROR] [FML.TEXTURE_ERRORS]:       textures/revolvers/revolver_einhorn.png
[09:25:53] [Client thread/ERROR] [FML.TEXTURE_ERRORS]: -------------------------
[09:25:53] [Client thread/ERROR] [FML.TEXTURE_ERRORS]:     No other errors exist for domain immersiveengineering
[09:25:53] [Client thread/ERROR] [FML.TEXTURE_ERRORS]: ==================================================
[09:25:53] [Client thread/ERROR] [FML.TEXTURE_ERRORS]: +=+=+=+=+=+=+=+=+=+=+=+=+=+=+=+=+=+=+=+=+=+=+=+=+=
[09:25:53] [Client thread/INFO] [DistantHorizons-DistantHorizons-com.seibel.distanthorizons.core.jar.updater.SelfUpdater]: Checking for Distant Horizons [STABLE] update for MC [1.12.2]...
[09:25:53] [Client thread/INFO] [DistantHorizons-DistantHorizons-com.seibel.distanthorizons.core.jar.updater.SelfUpdater]: Distant Horizons already up to date.
[09:26:10] [Client thread/INFO] [net.minecraft.client.Minecraft]: Stopping!
[09:26:10] [Client thread/INFO] [net.minecraft.client.audio.SoundManager]: SoundSystem shutting down...
[09:26:10] [Client thread/WARN] [net.minecraft.client.audio.SoundManager]: Author: Paul Lamb, www.paulscode.com
